date,sma_3,sma_5,sma_8,sma_10,sma_12,sma_15,sma_30,sma_35,sma_40,sma_45,sma_50,sma_60,ema_3,ema_5,ema_8,ema_10,ema_12,ema_15,ema_30,ema_35,ema_40,ema_45,ema_50,ema_60
2017-05-08,,,,,,,,,,,,,1670.7582634819878,1670.7582634819878,1670.7582634819878,1670.7582634819878,1670.7582634819878,1670.7582634819878,1670.7582634819878,1670.7582634819878,1670.7582634819878,1670.7582634819878,1670.7582634819878,1670.7582634819878
2017-08-05,,,,,,,,,,,,,2548.1277657968026,2460.390815565321,2411.0387810601133,2394.58810289171,2383.6209841127743,2372.65386533384,2350.7196277759695,2347.5861652677017,2345.2360683865018,2343.4082152566793,2341.945932752821,2339.752508997034
2017-08-14,2986.8125169542095,,,,,,,,,,,,3550.835768442305,3333.142583657426,3205.018403540278,3161.7034476481927,3132.7030577548253,3103.622066078963,3045.282161684557,3036.9342785119106,3030.6718547079195,3025.800299315138,3021.9026183666147,3016.055459351518
2017-10-13,4302.866770426432,,,,,,,,,,,,4653.814571352357,4282.619781911474,4051.044850771652,3971.247159031699,3917.5049071252265,3863.4055860811354,3754.4134541764197,3738.7821787261028,3727.051933525044,3717.924898547509,3710.6213079152567,3699.6630552814377
2017-11-02,5618.921023898653,4302.866770426432,,,,,,,,,,,5831.187838974819,5300.822602443282,4946.905251743079,4822.0528957938,4737.340822352308,4651.648769811652,4478.068273556452,4453.101338216372,4434.357174530343,4419.768567979135,4408.092195238814,4390.569618325125
2017-11-22,6934.975277370878,5618.921023898654,,,,,,,,,,,7060.313777701565,6378.86814169314,5889.9164001295985,5712.676571004788,5591.352032991622,5467.901988106253,5216.188710144745,5179.855192309026,5152.563040068783,5131.314053686805,5114.302691606852,5088.767855322782
2017-11-27,8251.0295308431,6934.975277370877,,,,,,,,,,,8323.567954262828,7507.673000105753,6877.027921758767,6641.433874151144,6478.522663275524,6311.627113152817,5968.704358204785,5918.999223980235,5881.639628698259,5852.540317030124,5829.237440051542,5794.248864189605
2017-12-01,9567.083784315322,8251.0295308431,6276.948150634766,,,,,,,,,,9608.371760894845,8678.512339901166,7904.931017712625,7606.442013307109,7397.698003131905,7182.203937456984,6735.5325360046745,6670.481066506811,6621.551728120332,6583.422564131399,6552.878332820611,6507.002140953551
2017-12-06,10883.138037787545,9567.083784315322,7593.002404106988,,,,,,,,,,10906.317075519933,9883.414596479528,8970.165855898587,8605.663753859739,8347.604472785415,8078.937389861377,7516.578542669967,7434.24062367589,7372.258877298163,7323.9322805232605,7285.204531911317,7227.015588046857
2017-12-06,12199.192291259767,10883.138037787545,8909.05665757921,7593.002404106989,,,,,,,,,12212.056946718929,11115.3895768751,10069.22172066322,9636.95188661513,9326.87063704414,9001.065388851268,8311.7359502748,8210.210207015334,8133.71543754766,8074.037270869418,8026.192492639941,7954.275523838509
2017-12-07,13515.24654473199,12199.192291259767,10225.110911051434,8909.05665757921,,,,,,,,,13522.318648683233,12368.514047650277,11198.62546811042,10698.09242980523,10334.048635350937,9947.767166083486,9120.886929421102,8998.3146894346,8905.870672358216,8833.701703650484,8775.815990194684,8688.766693392965
2017-12-07,14831.300798204213,13515.24654473199,11541.165164523656,10225.110911051434,8909.05665757921,,,,,,,,14835.157367445156,13637.911401072082,12355.015432801783,11786.845128397714,11367.635431904993,10918.171891272805,9943.90260637574,9798.471674598139,9688.668835671115,9602.886160693937,9534.046149113517,9430.472280438582
2017-12-07,16147.355051676435,14831.300798204213,12857.219417995879,11541.165164523656,10225.110911051434,,,,,,,,16149.443771648981,14919.663306583265,13535.199476228028,12900.980127752104,12426.093351598169,11911.367432957744,10780.643449673795,10610.591681290514,10482.049268316869,10381.547691414806,10300.851475622365,10179.37392052744
2017-12-16,17463.409305148656,16147.355051676434,14173.273671468101,12857.219417995879,11541.165164523656,,,,,,,,17464.53393186834,16210.685771771523,14736.197201469662,14038.310034685603,13507.869446128105,12926.409097729931,11630.959683954155,11434.578341974739,11285.946502287585,11169.639871621892,11076.197892763043,10935.451715366424
2017-12-21,17463.409305148656,16673.776753065325,14995.807579888238,13778.457395426434,12528.205854627822,10619.927187093099,,,,,,,16805.924392604316,16189.5272128219,15057.189467506567,14441.653016288741,13950.028471474116,13391.828103393897,12091.817220362242,11889.34476009643,11735.327989031664,11614.368497749516,11516.921923502992,11369.71650589962
2017-12-22,16586.039802833842,16673.776753065322,15489.327924940322,14436.484522162544,13295.904169153284,11497.296689407916,,,,,,,15818.597529991932,15736.0947514253,15006.075279693297,14515.475099420551,14095.665671906303,13595.850523017127,12361.24658215873,12162.067665167637,12009.54346894212,11889.177564110549,11791.855678532085,11644.267308143819
2017-12-30,14831.30079820421,16147.355051676434,15653.83470662435,14831.300798204209,13844.260108100045,12199.192291259767,,,,,,,14666.913250708218,14995.059895696588,14670.093383585427,14327.41017605955,14000.829084392322,13584.614217614706,12471.028568013335,12283.016277892337,12137.802524518254,12022.493553636177,11928.823636244102,11786.064112567454
2018-01-05,14831.30079820421,15884.144200981991,15982.848269992406,15357.7224995931,14502.287234836156,12988.824843343098,,,,,,,15407.136974921743,15379.418353131745,15001.974413152404,14667.489984265003,14348.240232637409,13936.791969749003,12810.374508457193,12617.114077779706,12467.348868720597,12348.137212935237,12251.119337008573,12102.9683002178
2018-01-06,15708.670300519027,15620.933350287547,16311.86183336046,15884.144200981988,15160.314361572266,13778.457395426434,,,,,,,16435.27510105305,16074.395503124437,15553.614853515732,15187.320715589256,14848.421999224965,14415.481425931763,13228.263252271361,13023.549253577105,12864.701132249253,12738.137731463481,12635.061549165375,12477.537329150051
2018-01-09,16147.355051676435,15357.7224995931,16147.355051676434,16015.749626329209,15489.327924940322,14304.879096815323,,,,,,,15633.287184793353,15659.905952597323,15392.040184408943,15121.39850197184,14845.691305434431,14471.323616137153,13368.680266584137,13170.982790012778,13016.444429773886,12892.662594335006,12791.451711038888,12636.128083094834
2018-01-11,15269.98554936162,15094.511648898657,15653.834706624351,15884.144200981991,15598.999112729674,14655.826897741248,,,,,,,14574.26635978219,14944.876130002025,14972.835034732592,14824.988194904101,14634.687357966734,14344.11023716039,13381.22903962616,13198.348149943246,13053.86999141251,12937.270353530419,12841.394032797072,12693.380510084788
2018-01-16,13515.24654473199,14831.300798204213,14831.30079820421,15489.327924940322,15489.327924940322,14831.30079820421,,,,,,,13386.729042390018,14029.525840614251,14354.013081165913,14341.724468167055,14250.252463272416,14060.99372885594,13282.11642495633,13120.782193021605,12991.383077440654,12885.836462565267,12798.363355920288,12662.204753290494
2018-01-23,12199.192291259766,13778.457395426434,14173.273671468101,14831.300798204209,15160.314361572266,14831.30079820421,,,,,,,12134.93339086311,12980.636445271375,13580.318347118517,13706.604172631563,13720.882291074031,13644.448890368538,13084.779545986976,12950.822563147149,12840.907022135609,12749.84011383611,12673.50359228676,12553.273114417216
2018-02-01,10883.138037787543,12199.192291259766,13515.246544731988,13910.062820773655,14611.958422625505,14655.826897741248,,,,,,,10851.008511061329,11842.717962295827,12686.341310530288,12947.819206548007,13070.025842021852,13113.227169229807,12800.462925586498,12698.949636450976,12612.400780834349,12538.863888354395,12476.11369672566,12375.48651886527
2018-02-05,9567.08378431532,10883.138037787543,12857.219417995877,13120.430268690321,13844.260108100045,14304.879096815323,,,,,,,9551.018982209507,10645.441070432144,11698.871829220436,12088.161431302497,12317.080761668565,12483.083765724072,12438.656974583651,12373.998326787196,12314.252221966215,12260.973463200657,12214.016989711228,12136.329022174525
2018-02-17,9567.08378431532,10356.716336398655,12199.192291259766,12725.613992648656,13186.232981363932,14041.668246120877,,,,,,,10217.078519923585,10724.675484784892,11517.333891975586,11867.872035970715,12093.570296386122,12276.679516738854,12316.779707779748,12266.954096480367,12218.298387525325,12173.542248896796,12133.299717200585,12065.448551165318
2018-03-17,9128.399033157913,9567.083784315319,11047.64481947157,12199.192291259766,12528.20585462782,13515.246544731988,,,,,,,9234.054018059238,9900.1123203794,10790.667305664827,11207.334475389926,11495.839080920985,11759.415057046053,12002.569241279427,11983.218681403268,11957.071637543839,11929.512344363198,11902.782479688107,11854.714839902717
2018-03-30,8689.714282000505,8777.451232231988,10060.604129367404,11277.95431382921,11870.17872789171,12813.350942880135,,,,,,,8084.514643432689,8911.7217083035,9933.093106256198,10427.71259327708,10787.579419540907,11141.669637317425,11615.870651822886,11631.851873114405,11631.937667815919,11624.50312682227,11613.638890893119,11588.886352304204
2018-04-24,8251.029530843098,8777.451232231988,9567.08378431532,10488.321761745876,11541.165164523654,12199.192291259766,,,,,,,8825.799215254754,9130.1774425419,9851.70206139465,10270.768624127782,10598.32120634008,10940.663846391286,11461.353633067338,11490.130951673631,11500.357651653383,11501.031383163428,11496.74190791178,11481.914943209827
2018-06-10,7812.34477968569,8514.240381537544,8909.056657579209,9698.689209662542,10773.46684999819,11585.033639639394,11102.480413366247,,,,,,7880.387245432332,8398.439571402341,9203.195743614608,9662.783718990613,10030.950787888243,10430.66719789917,11123.661414038646,11181.512951356524,11213.718144509361,11231.466189352628,11240.761671122935,11246.086582631646
2018-11-16,7373.660028528283,7461.396978759764,8251.029530843098,8909.056657579209,9786.426159894025,10970.874988019024,11234.08583871347,,,,,,6749.654134138954,7471.930167678041,8406.360724212793,8926.071614788849,9348.330096915357,9819.46166265443,10717.08021809981,10809.180665356083,10867.29798246897,10905.19594187038,10930.538481950984,10959.695867996854
2018-11-24,5618.9210238986525,6671.764426676431,7593.002404106986,8119.424105495875,8909.056657579209,10356.716336398653,11277.95431382921,,,,,,5526.260451997849,6415.573253482298,7494.179780369867,8084.119669180271,8568.385832391126,9120.13885515262,10247.710982104649,10378.580324105158,10466.110468789759,10526.930382322444,10570.55920537362,10626.926729382545
2019-05-11,5618.9210238986525,6671.764426676431,7428.495622422959,7724.607829454209,8360.70071863245,9742.557684778285,11365.691264060693,,,,,,6230.617864766359,6588.707528974551,7369.881017409951,7874.905947563643,8316.073858498385,8843.620616138827,10007.37816678097,10153.072263423739,10252.93341394719,10323.941600810322,10376.03111329779,10445.490377896667
2019-05-26,6496.290526213467,6408.553575981986,7099.4820590549025,7593.002404106986,8031.687155264394,9128.399033157912,11453.428214292171,,,,,,7240.8236978635305,7142.815433740688,7565.729905558067,7943.366584273145,8306.032757450823,8768.74763452453,9880.973621938889,10029.739766923809,10133.461802353891,10208.304263847906,10263.931314479722,10339.38193709318
2019-06-21,8251.029530843098,6934.975277370875,7263.988840738932,7724.607829454208,7922.015967475042,8777.451232231986,11541.165164523654,10507.12253679548,,,,,8403.953741123276,7950.905438897326,8010.542528316137,8238.851088933188,8500.602693241995,8869.48035601917,9858.55009028014,10000.016198962694,10100.025339046275,10172.968663782558,10227.661638056663,10302.61148634345
2019-06-24,9567.08378431532,7987.818680148654,7757.509185791015,7724.607829454209,8031.687155264393,8601.977331769023,11628.902114755136,10770.333387489924,,,,,9643.545889473447,8928.31675269303,8648.972233069682,8719.981169922139,8868.044775496532,9123.261280354756,9931.24105068742,10056.264018052012,10145.787566642197,10211.653962863144,10261.345767742312,10329.84758851019
2019-06-26,10883.138037787543,9567.08378431532,8086.52274915907,8119.424105495875,8360.70071863245,8601.977331769023,11716.639064986615,11033.54423818437,,,,,10921.369090375903,10018.60893166891,9437.982257027996,9352.942426442236,9381.591205592038,9510.521515887303,10091.116261457753,10191.649898065136,10264.63343470199,10318.744350182451,10359.731667730686,10416.32823349072
2019-07-16,10883.138037787543,10093.505485704209,8415.536312527125,8382.634956190319,8251.0295308431,8514.240381537542,11672.770589870875,11183.950438581194,,,,,10244.226437343148,9868.100518591527,9466.67352827449,9391.89622269919,9410.178557477639,9517.636310546764,10054.395005669821,10152.48956915368,10224.624982646608,10278.6611613891,10319.948050745543,10377.56241820994
2019-09-26,10005.768535472727,10093.505485704209,8744.549875895182,8251.029530843098,8251.029530843098,8426.50343130606,11541.165164523654,11259.153538779607,,,,,9247.627984091312,9329.076782886596,9196.515455941202,9184.383084882431,9231.583457578861,9358.438998386231,9928.72378475847,10034.113658999047,10112.390459311331,10171.58973729409,10217.234701510184,10281.724215524586
2019-12-16,8251.029530843098,9567.083784315319,9073.563439263236,8251.029530843098,8251.029530843098,8338.76648107458,11321.82278894495,11259.153538779607,10389.617692735459,,,,8091.301630730041,8531.042875542316,8693.929323119331,8775.266236730924,8877.815828619781,9054.048045556532,9721.171517817065,9842.459984004665,9933.146701191019,10002.256107799889,10055.966004181171,10132.723404093205
2020-02-05,8251.029530843098,9303.872933620874,9402.577002631291,8645.845806884765,8251.029530843098,8251.029530843098,11146.348888481987,11296.755088878812,10587.025830756293,,,,8829.192707523016,8876.389865954916,8887.970148675387,8919.271542343988,8983.96960583826,9118.447418449698,9710.540000872352,9825.536825824322,9912.65282305942,9979.688201237192,10032.181428409047,10107.832601484322
2020-03-12,7812.34477968569,8251.029530843098,9238.070220947264,8909.056657579207,8251.029530843098,8163.292580611615,10839.269562671801,11221.5519886804,10685.72989976671,,,,7882.083992446731,8229.251643748808,8453.959979177544,8558.411511542146,8668.456642186422,8844.508804731573,9519.88988836604,9648.940038064744,9747.141161577096,9823.102711393813,9882.90789421173,9969.760825928617
2020-03-12,7373.660028528283,7461.396978759764,8744.549875895182,8777.451232231986,8251.029530843098,8075.555630380134,10444.453286630134,11071.145788283575,10718.631256103516,,,,6750.5025081725635,7359.141413816301,7823.938553853266,8023.863079842024,8198.940888568784,8440.012373125981,9253.050578755288,9404.085097437553,9519.228215075356,9608.59274154254,9679.229113428833,9782.437245197494
2020-04-29,6934.975277370875,7461.396978759764,8415.536312527125,8777.451232231986,8580.043094211152,7987.818680148654,10093.505485704209,10958.341137985957,10784.433968777126,,,,7500.766019507873,7656.437458136203,7918.849155942225,8065.172116504263,8206.959676697465,8416.323004644644,9184.774393858126,9334.39058577522,9449.660022710123,9539.844479215004,9611.58644411591,9717.17323999377
2020-05-07,7812.34477968569,7987.818680148654,8086.52274915907,8777.451232231988,8799.385469789857,8163.292580611616,9874.163110125506,10845.536487688336,10850.236681450737,10122.75113578137,,,8533.924901911625,8293.31957444752,8285.12800846856,8338.279667309078,8416.323333908544,8560.5223650415,9210.730350810232,9348.386925387455,9456.062512136787,9541.214092845772,9609.495732400801,9710.839142320194
2020-07-27,9567.08378431532,8251.029530843098,8251.029530843098,8777.451232231988,9018.72784536856,8514.240381537542,9742.557684778285,10732.731837390718,10916.03939412435,10327.470686321494,,,9708.5314698496,9156.592402414957,8862.469075913823,8801.026524399505,8796.007907659805,8851.474773845648,9323.892280992299,9440.279042527289,9533.428899737815,9608.23119615882,9668.869814731828,9759.851214156937
2020-08-17,10883.138037787543,9303.872933620874,8744.549875895182,8777.451232231988,9238.070220947266,9040.662082926432,9698.689209662543,10619.927187093097,10981.84210679796,10532.190236861617,,,10953.861880554692,10170.792370731499,9603.96862323835,9418.924374517475,9319.778562011346,9270.728060244695,9517.836288944773,9604.756652230297,9677.16767247999,9736.795651696599,9785.96055669728,9860.924587402156
2020-10-27,12199.192291259766,10883.138037787543,9567.08378431532,9172.267508273653,9457.412596525968,9479.346834083839,9610.95225943106,10507.122536795478,11047.64481947157,10736.90978740174,,,12234.554212643345,11285.610432665562,10473.146508563688,10163.75907217359,9965.447781982812,9802.167532996487,9786.679372433888,9836.944614427279,9883.059804712571,9923.139250496954,9957.323657438374,10011.042143391578
2020-11-05,13515.24654473199,12199.192291259766,10225.110911051432,9830.294635009765,9676.754972104673,9918.031585241248,9523.21530919958,10394.31788649786,11113.447532145183,10941.629337941864,,,13532.927505423779,12467.507223958848,11441.629584827568,11012.448562066053,10714.249187169149,10431.715807683777,10125.025470389537,10132.35934674122,10147.221212915614,10163.792089009656,10179.787769400276,10207.42720706022
2020-11-12,14831.30079820421,13515.246544731988,11376.658382839625,10751.53261244032,10225.110911051432,10356.716336398653,9567.08378431532,10394.31788649786,11179.250244818792,11146.348888481987,10462.000676676433,,14840.141278550107,13694.123168455113,12487.3500043918,11946.108914022223,11550.308735682182,11147.072128783748,10527.9178995163,10486.87044476243,10466.06971407838,10455.552985040702,10450.427328946558,10447.519521607484
2020-11-17,16147.355051676432,14831.300798204209,12857.219417995879,11541.165164523654,10992.809225576895,10795.401087556062,9698.689209662542,10469.520986696272,11245.052957492404,11351.06843902211,10777.853697509765,,16151.775291849382,14950.551881999954,13593.143961393871,12949.290474354051,12460.19802726039,11937.485771294714,10990.797303757097,10896.666793957122,10836.29586862269,10795.463377771552,10766.538588180812,10728.954053309679
2020-11-24,17463.409305148656,16147.355051676434,14173.2736714681,12725.613992648654,11979.849915681063,11234.08583871347,9918.031585241244,10619.927187093097,11310.855670166015,11555.787989562234,11093.7067183431,,17465.61942523513,16226.855775096557,14745.661860405999,14009.353098835487,13432.556855866884,12793.558898809868,11509.464375856747,11358.22656764081,11254.837184077964,11180.784242289226,11125.618416727544,11049.542245406341
2020-12-16,18779.46355862088,17463.409305148656,15489.327924940322,14173.2736714681,12857.219417995875,11935.98144056532,10225.110911051432,10732.731837390718,11376.658382839627,11760.507540102357,11409.559739176431,,18780.568618664118,17516.40978802798,15934.520690529902,15115.955110465842,14457.77420238623,13707.074920278443,12080.046722371795,11868.290596993675,11718.855234825864,11608.975619953113,11525.345507319013,11407.255397504283
2020-12-17,20095.517812093105,18779.46355862088,16805.382178412547,15489.327924940322,14063.602483678747,12813.350942880137,10619.927187093099,10845.536487688338,11442.461095513238,11965.227090642482,11725.412760009765,,20096.07034211472,18814.797214275994,17151.644772610754,16260.635258991197,15527.718566192872,14670.848948832738,12698.969336857399,12423.838675378596,12225.715319159408,12077.678425000597,11963.563673280956,11800.209894874839
2020-12-17,21411.572065565324,20095.5178120931,18121.436431884766,16805.382178412547,15489.32792494032,13866.194345657914,11102.480413366247,11071.145788283575,11606.967877197265,12169.946641182605,12041.265780843098,,21411.848330576133,20119.073582799214,18390.753013659632,17436.47074258619,16635.509966724898,15678.597441096777,13362.92822403532,13022.068423018283,12772.9683300406,12584.698237203713,12438.26697138041,12226.654052108273
2020-12-25,22727.626319037547,21411.572065565324,19437.490685356992,18121.43643188477,16805.382178412543,14831.300798204209,11541.165164523652,11371.958189077224,11837.277371554905,12374.66619172273,12357.118801676434,,22727.76445154295,21427.27591288285,19646.960108293613,18637.797442386487,17775.327148918866,16724.824498937036,14068.866783244042,13660.37639162554,13358.33456221855,13127.990831859295,12947.586421578197,12684.956369235178
2020-12-26,24043.680572509766,22727.626319037547,20753.544938829215,19437.490685356992,18121.43643188477,16059.618101444952,12111.455341028284,11747.97369006929,12133.389578586155,12579.385742262852,12672.971822509766,,24043.74963876247,22738.09555070288,20916.46636389464,19859.981045484314,18942.244537435054,17804.722659516472,14813.954614600387,14336.3411336594,13979.689217340852,13705.649233318081,13489.77812729612,13173.595026758316
2020-12-28,25359.73482598199,24043.68057250977,22069.599192301434,20753.544938829215,19437.49068535699,17463.409305148656,12769.482467764396,12199.192291259766,12396.6004292806,12784.105292802977,12988.8248433431,,25359.769359108344,24050.66006036698,22196.31645434958,21099.229795517986,20132.0943354113,18914.08629343345,15595.56845785051,15047.707998957889,14635.04940161436,14315.892107762946,14063.212626900915,13691.14846997556
2020-12-30,26675.789079454215,25359.734825981992,23385.65344577366,22069.599192301434,20753.544938829215,18779.46355862088,13383.641119384765,12725.613992648656,12659.811279975043,12988.824843343098,13304.677864176432,,26675.80634601739,25364.387817940395,23484.211784375202,22352.44129677285,21341.349880039048,20049.23598259005,16411.275013312326,15792.375453761939,15322.562438472338,14957.05333595093,14666.365330066952,14236.28695326067
2021-01-01,27991.843332926437,26675.789079454215,24701.70769924588,23385.65344577366,22069.599192301437,20095.5178120931,14129.40519635236,13327.238794235956,13021.726199679904,13281.281344114705,13620.530885009766,12615.942804859304,27991.851966208025,26678.8910741289,24778.36455068692,23617.07717678188,22567.02697117836,21206.95246576977,17258.815427800128,16568.382744563292,16040.495342419961,15627.57262788813,15297.807912196125,14807.764932211836
2021-01-02,29307.89758639866,27991.84333292644,26017.7619527181,24701.707699245882,23385.653445773656,21411.572065565324,14962.906223551432,13891.262045724052,13449.443832058376,13632.22914504063,13936.3839058431,13098.49603113245,29307.901903039456,27993.91132940007,26077.38423391288,24891.06054006437,23806.600398537765,22384.418926121216,18136.091256949683,17373.898752576464,16787.22532044565,16325.987059525323,15956.200556710744,15404.41420627748
2021-01-02,30623.95183987088,29307.89758639866,27333.816206190324,26017.7619527181,24701.70769924588,22727.62631903755,15884.14420098199,14568.089947509765,13942.96417711046,14041.66824612088,14252.236926676433,13581.0492574056,30623.953998191282,29309.276250730316,27380.18931436771,26172.692067814045,25057.933322687557,23579.17055534249,19041.151739730074,18207.211904604217,17561.231184665594,17050.923427051268,16640.28494925801,16025.137727034487
2021-01-05,31940.006093343105,30623.951839870882,28649.870459662547,27333.816206190328,26017.761952718105,24043.68057250977,16761.5137032968,15320.120949493894,14502.287234836156,14421.861697123963,14568.089947509765,14063.602483678747,31940.007172503305,30624.870949435925,28685.93860637277,27460.58137255662,26319.217527943678,24789.050468103214,19972.18224179877,19066.721023177088,18361.0855746795,17801.09132763713,17348.87794005592,16668.903998065038
2021-01-06,33256.06034681533,31940.0060933431,29965.92471313477,28649.870459662547,27333.816206190324,25359.734825981992,17638.88320561162,16034.550401378816,15127.413005235463,14802.055148127049,14883.942968343099,14546.155709951894,33256.060886395426,31940.6188330602,29993.977851455584,28753.59083368152,27588.922871507133,26012.171160285314,20927.49374227659,19950.927013546632,19185.447900842068,18575.276886895157,18080.86580108772,17334.742001634568
2021-01-06,34572.11460028755,33256.06034681533,31281.978966606992,29965.924713134773,28649.870459662547,26675.78907945421,18516.252707926433,16861.784503561354,15818.341488308379,15269.985549361616,15278.759244384766,15028.708936225043,34572.114870077596,33256.46883996477,31303.79817958514,30050.78964434961,28865.754512029285,27246.880808631948,21905.513253944653,20858.425297770813,20033.057930618244,19372.337063144747,18835.199013878726,18021.736595348335
2021-01-07,35888.168853759766,34572.11460028754,32598.033220079215,31281.978966606996,29965.92471313477,27991.843332926437,19393.62221024125,17764.22170594231,16476.368615044492,15796.407250750508,15726.217690565321,15511.262162498193,35888.16898865479,34572.386929056986,32615.003801123028,31351.416213047643,30148.616719440288,28491.733799617643,22904.77508017554,21787.898917057137,20902.729949657278,20191.194467068457,19610.88753138576,18729.02432885166
2021-01-07,37204.223107231985,35888.168853759766,33914.08747355144,32598.033220079215,31281.97896660699,29307.897586398656,20270.991712556064,18741.862008521668,17233.099810791016,16381.320252293719,16226.318306884768,15993.81538877134,37204.2231746795,35888.35040627482,33927.28687824081,32654.8474007274,31436.5822526886,29745.464953703293,23923.912823422335,22738.11223298362,21793.347437414843,21030.832642689802,20406.996464278287,19455.789636601483
2021-01-08,38520.2773607042,37204.22310723199,35230.141727023656,33914.08747355144,32598.033220079207,30623.95183987088,21279.9666402181,19681.90076100183,18055.633719211153,17024.724553991247,16700.097838134767,16476.36861504449,38520.27739442796,37204.34414224342,35240.4079803852,33960.573350706276,32728.86644826649,31006.966979244466,24961.65207006814,23707.90516641614,22703.858204260785,21890.29176198084,21222.642147746676,20201.26136791038
2021-01-11,38520.2773607042,37730.64480862087,36052.6756354438,34835.32545098199,33585.07391018338,31676.795242648655,22245.0730927644,20509.13486318437,18746.562202284073,17638.88320561162,17094.914114176434,16893.119128644026,37862.25025082997,37204.303797239605,35676.81135475719,34550.32842377889,33417.389648163204,31781.70121143925,25759.501553828544,24472.51252200973,23434.366871698858,22588.624074968375,21891.701156448053,20820.84059000739
2021-01-11,37642.90785838939,37730.64480862087,36546.195980495875,35493.352577718106,34352.77222470884,32554.16474496347,23210.179545310693,21261.165865168496,19470.392041693794,18253.041857231987,17516.051475287546,17266.001167127823,36875.209552294866,36765.59214941278,35723.779688944574,34793.57233130859,33797.51269827106,32295.05443599859,26419.156346079977,25118.53508960359,24060.771391987946,23193.813391214047,22476.10671297827,21367.888171528528
2021-01-12,35888.168853759766,37204.22310723199,36710.702762179906,35888.168853759766,34901.1281636556,33256.06034681532,24043.680572509766,21937.99376695421,20194.221881103516,18779.463558620875,17937.188836398655,17595.014730495877,35723.662076291206,36034.432966370805,35467.8541091286,34753.307263167146,33916.68306319073,32579.708678015315,26949.813715809865,25652.96857530683,24588.67239225219,23710.53045395602,22979.882237986225,21845.610772423734
2021-01-13,35888.168853759766,36941.01225653754,37039.71632554795,36414.59055514865,35559.15529039171,34045.692898898655,25052.655500171804,22652.42321883913,21016.755789523653,19422.86786031841,18437.2894527181,17945.962531421803,36463.942591761595,36424.36301332461,35853.71389183089,35198.92856239988,34422.46147670552,33157.81158145973,27616.86844970231,26305.35137981694,25221.338950388465,24322.12974596762,23570.86125428961,22399.39922259245
2021-01-14,36765.538356074576,36677.80140584309,37368.729888916016,36941.01225653754,36217.18241712782,34835.32545098199,26149.36737806532,23479.657321021674,21806.38834160699,20124.76346217026,18990.032239176435,18296.910332347732,37492.109976232896,37123.00112911791,36446.28355796599,35802.81042450688,35052.89787707251,33828.15896793285,28325.762113039516,26994.58126394451,25887.36526572922,24964.47220943135,24190.52035412461,22978.778090754975
2021-01-17,37204.223107231985,36414.59055514865,37204.223107231985,37072.61768188477,36546.195980495875,35361.747152370874,27070.605355495878,24269.289873105005,22497.316824679907,20709.67646371347,19516.45394056532,18582.055420600045,36690.13941499633,36711.39037066516,36322.25806710289,35818.33014443436,35181.40165400679,34085.67336795128,28817.192360737823,27495.967861074354,26387.566550297986,25457.80454101207,24674.311296057607,23441.27903577076
2021-01-21,36326.853604917174,36151.379704454215,36710.702762179906,36941.01225653754,36655.86716828522,35712.6949532968,27904.10638269495,25058.92242518834,23122.44259507921,21323.835115333837,20042.875641954208,18889.13474641023,35631.12700764194,35998.29844720591,35933.33729416421,35591.74543413159,35087.66484488331,34146.48124196132,29190.991643331792,27894.56696001166,26796.420610667104,25868.730207175508,25082.789228920406,23838.851657498406
2021-01-21,34572.11460028755,35888.168853759766,35888.168853759766,36546.195980495875,36546.195980495875,35888.168853759766,28649.870459662543,25735.750326974052,23681.765652804905,21937.99376695421,20490.334088134765,19196.214072220417,34443.59367722864,35084.21908040901,35338.38685840353,35167.07531718216,34805.87867437262,34035.17427360153,29454.91463057009,28196.34599486288,27118.729580434614,26201.25911534924,25419.40512205169,24174.233646865345
2021-01-21,33256.06034681532,34835.32545098199,35230.141727023656,35888.168853759766,36217.18241712782,35888.168853759766,29307.897586398656,26450.179778858972,24175.285997856987,22552.152418574584,20964.113619384767,19503.2933980306,33191.79988528587,34036.14808472035,34583.191129856474,34580.33534404551,34364.97405763901,33773.26928165959,29616.19233832299,28406.909172330634,27359.023081699394,26459.18372416019,25687.42803928151,24450.022207683716
2021-01-27,31940.006093343105,33256.06034681533,34572.11460028755,34966.93087632921,35668.826478181065,35712.6949532968,29878.187762903286,27164.609230743896,24701.70769924588,23078.574119963472,21437.893150634765,19744.570011167172,31907.875862578378,32898.74933643718,33703.360173827794,33860.992774131155,33789.43091578915,33379.59280454406,29681.56904076044,28531.52139140242,27521.575599496733,26646.092741555945,25889.95657411127,24668.68293467653
2021-01-28,31940.006093343105,32729.63864542644,34407.607818603516,34572.11460028754,35230.141727023656,35624.95800306532,30492.346414523658,27879.038682628816,25326.833469645186,23634.241471429523,21911.67268188477,20007.780861861618,32581.968104696854,33017.85300656323,33603.96021203235,33751.005045736005,33707.37375290798,33364.15084243646,29913.375352711984,28796.898465342638,27806.793835737957,26942.32409280946,26191.616126347813,24972.02246634615
2021-02-02,32817.37559565792,32729.63864542644,34078.59425523546,34440.50917494032,34791.45697586625,35537.22105283384,31106.505066144025,28593.468134513736,26017.7619527181,24189.90882289557,22464.4154683431,20336.794425229673,33577.041352492204,33535.94020447134,33819.10563204379,33900.297707941085,33840.41101524209,33515.149776488826,30215.394428794938,29121.092834098607,28142.96147719245,27283.802919454392,26534.222559929087,25310.27686502191
2021-02-03,34572.11460028755,33256.06034681533,33749.580691867406,34572.11460028755,34681.78578807689,35449.48410260236,31720.663717764393,29307.89758639866,26675.78907945421,24745.57617436162,23069.800424940324,20709.67646371347,34732.605103125985,34320.01642090082,34278.89745975532,34261.72885690264,34155.45110127026,33811.783116017294,30583.03704332554,29500.74554661173,28527.469868356562,27668.408412436464,26915.988984224176,25682.07353466152
2021-02-03,35888.168853759766,34308.903749593104,33914.08747355144,34572.11460028754,34791.45697586625,35361.747152370874,32334.822369384765,30022.32703828358,27432.520275200735,25301.24352582767,23727.827551676437,21126.426977313007,35968.414105178985,35281.41864967788,34928.969826590896,34796.72784970579,34624.493475640804,34235.845563785166,31012.019244635296,29932.69668427227,28957.852625538442,28094.128977513923,27335.2170689406,26086.105255972907
2021-02-06,37204.223107231985,35888.168853759766,34407.607818603516,34572.11460028754,35120.47053923431,35274.0102021394,32948.981021005144,30736.7564901685,28255.05418362088,25944.647827525197,24359.5335933431,21587.045966028287,37244.3457329416,36361.03822001999,35727.03816820167,35473.736891254,35223.84541270711,34771.40776988753,31498.341385728254,30413.972790661523,29431.777051698995,28559.05577941369,27790.291843052953,26521.126331860152
2021-02-08,38520.2773607042,37204.22310723198,35230.141727023656,34966.93087632921,35339.812914813,35449.48410260236,33563.139672625504,31451.185942053417,29044.686735704214,26646.54342937705,24991.239635009766,22091.533429859304,38540.33867355901,37519.46935140547,36640.21449014943,36266.93596969654,35933.459245642465,35404.5317650428,32038.268677201773,30941.775177429176,29947.036145615755,29061.37673572117,28279.676859190986,26985.94900699497
2021-02-08,39836.33161417642,38520.2773607042,36381.689198811844,35624.95800306532,35559.15529039171,35800.43190352828,34177.29832424588,32165.615393938337,29834.31928778754,27406.93033138322,25622.94567667643,22639.88936880606,39846.36227060383,38730.44152348652,37642.91924123435,37155.19962224178,36736.37158048486,36123.021982708,32628.31314199334,31513.469036811315,30501.541157465836,29599.37092379556,28801.909693451125,27479.440138893184
2021-02-08,41152.38586764864,39836.33161417643,37862.250233968094,36546.195980495875,36107.51122933847,36326.853604917174,34791.45697586625,32880.04484582326,30623.95183987088,28138.071583312238,26254.6517183431,23166.311070194948,41157.401195862345,39976.441056031304,38715.25721498292,38121.24338021947,37618.22878725154,36916.207417098645,33265.21686220824,32126.573297631043,31093.314647363033,30171.403367423474,29355.597753397233,28000.518099982823
2021-02-08,42468.44012112086,41152.38586764864,39178.30448744031,37730.64480862087,36875.20954386393,36765.538356074576,35405.615627486615,33594.47429770817,31413.58439195421,28956.949785472727,26886.357760009767,23758.535484257452,42470.94778522771,41245.79216221857,39841.75436192284,39150.9254061514,38566.88549405304,37774.75102183269,33945.93641789644,32778.751167304945,31720.484007361916,30775.920172989794,29939.414369527956,28548.149892039768
2021-02-08,43784.49437459308,42468.44012112085,40494.35874091253,39178.30448744031,37862.250233968094,37204.223107231985,36019.77427910698,34308.9037495931,32203.21694403754,29834.319287787544,27597.027056884766,24394.62837343569,43785.7482066465,42530.71098416748,41010.375310244875,40232.675106032235,39572.06485249576,38690.482941611386,34667.62842630431,33467.80130747988,32381.275411010956,31411.443987695802,30552.09514774218,29121.34845606282
2021-02-09,45100.5486280653,43784.49437459308,41810.41299438475,40494.35874091253,39068.63329965096,37906.118709083836,36633.93293072736,35023.33320147802,32992.84949612088,30682.443140025192,28360.338523898652,25008.787025056063,45101.17554409201,43826.00828329083,42211.75921520875,41357.02563037273,40625.07107075655,39656.254595895756,35427.6360979348,34191.64959551189,33074.00815774334,32076.569754826734,31192.434562359627,29719.17016218454
2021-02-11,46416.60288153752,45100.548628065306,43126.46724785697,41810.41299438475,40494.35874091253,38783.488211398646,37248.091582347726,35737.76265336294,33782.48204820421,31530.566992262848,29176.29216105143,25688.748389350043,46416.91633955087,45128.224567197125,43438.62541979338,42516.23137510908,41718.546172906885,40665.81100662431,36223.47673280289,34948.34142812892,33797.08938227874,32769.960743294585,31859.28277107659,30340.712465586097
2021-02-16,47732.65713500974,46416.60288153752,44442.52150132919,43126.46724785697,41810.41299438475,39836.331614176415,37862.2502339681,36452.19210524786,34572.11460028754,32378.690844500503,29965.924713134766,26412.57822875976,47732.81386401641,46435.053507625395,44685.31119075882,43703.9550278373,42846.26418027656,41713.67908836011,37052.83008665303,35736.0345273435,34549.009101807715,33490.34483068493,32551.542634878417,30985.11171562072
2021-02-17,49048.711388481956,47732.65713500973,45758.57575480141,44442.52150132919,43126.46724785697,41064.648917417166,38476.408885588455,37166.62155713278,35361.747152370874,33226.814696738154,30834.520520426428,27180.276543285225,49048.78975298529,47744.95755240166,45947.4121800281,44915.01151475508,44002.95695749878,42795.06990472282,37913.5275426854,36552.99221204354,35328.33557607317,34236.511020842714,33268.16692741148,31651.54110646532
2021-02-17,50364.765641954174,49048.711388481956,47074.63000827363,45758.57575480141,44442.521501329196,42468.44012112087,39090.56753720883,37881.0510090177,36151.37970445421,34074.93854897581,31755.758497856987,27926.040620252817,50364.80482420584,49056.911666743246,47221.502783540054,46145.158502719256,45184.16685166177,43905.79314468212,38803.5420295812,37397.57710172913,36133.71095757911,35007.30617866223,34008.155719654365,32339.208758627377
2021-02-19,51680.81989542639,50364.76564195418,48390.684261745846,47074.63000827363,45758.5757548014,43784.49437459307,39704.7261888292,38595.48046090262,36941.012256537535,34923.06240121346,32650.67539021809,28671.80469722041,51680.83948655223,50370.232494128366,48504.918642579214,47390.924991847016,46386.12200249014,45042.182290746154,39720.97863138069,38268.24522161514,36963.84721106907,35801.63196622043,34770.55392693667,33047.355921544695
2021-02-19,52996.87414889861,51680.81989542639,49706.738515218065,48390.684261745846,47074.63000827362,45100.5486280653,40318.88484044957,39309.90991278754,37730.64480862087,35771.186253451124,33545.59228257921,29417.568774188,52996.88394446153,51684.46446354253,49795.58747814369,48649.47107310382,47605.63083566341,46201.029142192405,40664.065839100425,39163.540480813026,37817.52228314739,36618.44196572592,35554.449006447845,33775.25528834021
2021-02-19,54312.92840237083,52996.874148898605,51022.792768690284,49706.738515218065,48390.68426174585,46416.60288153752,40933.04349206994,40024.33936467245,38520.277360704196,36619.31010568877,34440.509174940315,30163.332851155592,54312.93330015229,52999.30386097603,51091.89751767557,49918.473184514565,48839.99278799029,47379.52652368413,41631.14739792296,40082.089497569366,38693.57650448443,37456.738975963555,36358.96879436905,34522.20941454094
2021-02-21,55628.98265584305,54312.92840237083,52338.8470221625,51022.792768690284,49706.73851521807,47732.65713500974,41547.20214369031,40738.76881655737,39309.90991278753,37467.43395792643,35335.42606730143,30909.096928123185,55628.98510473378,54314.54821042245,52392.59516029583,51196.03022988328,50086.922767209864,48575.2181558912,42620.67470739142,41022.59674759495,39590.90920846932,38315.572470010076,37183.279472659844,35287.549233248006
2021-02-22,55628.98265584305,54839.350103759716,53161.380930582636,51944.030746120836,50693.77920532223,48785.50053778752,42029.75536996346,41340.39361814468,40000.838395860446,38227.820859932595,36151.3797044542,31654.861005090774,54970.95675355231,54314.00827440524,52819.335880765524,51762.73899014909,50737.07753078365,49292.43342413864,43376.10951473488,41763.68477394115,40314.43881017945,39020.14662657154,37868.62123488294,35936.054333508124
2021-02-23,54751.61315352824,54839.350103759716,53654.90127563472,52602.057872856945,51461.47751984769,49662.870040102316,42556.177071352344,41866.81531953357,40625.96416625976,38929.71646178445,36914.69117146809,32400.62508205837,53983.91545122546,53874.96356590304,52858.78882924016,51987.127201359435,51084.73857179224,49755.48935502655,43997.647461939996,42389.9346503414,40937.50306073375,39635.3783707104,38473.40910815077,36516.840150027456
2021-02-23,52996.87414889861,54312.92840237083,53819.40805731875,52996.874148898605,52009.83345879445,50364.76564195417,43082.598772741236,42318.03392072404,41185.28722398545,39573.12076348198,37625.36046834309,33146.38915902596,52832.36767332593,53143.58234241083,52597.01795505614,51931.43496380972,51176.443395910006,49996.15605471548,44493.96607918547,42907.80046981813,41465.11863974718,40165.31201073079,39001.00488623594,37032.40644570455
2021-02-23,51680.81989542639,53260.084999593055,53654.90127563472,53128.479574245845,52338.847022162496,50891.18734334307,43609.02047413012,42694.0494217161,41678.807569037526,40158.03376502518,38283.3875950792,33826.35052331994,51598.566657640054,52217.310108925274,52100.961885473225,51646.585995750414,51051.56988942851,50042.232317136615,44873.17768940088,43323.368902125316,41902.04522415946,40613.80072078107,39454.620755908036,37485.14977125936
2021-02-23,50364.765641954174,51680.81989542639,53161.380930582636,52996.87414889862,52448.518209951864,51242.135144268985,44003.83675017178,42994.861822509745,42106.525201416,40684.455466414074,38888.77255167642,34528.2461251718,50323.639023061005,51161.11053544417,51422.683997247936,51174.245157455785,50743.43780009759,49918.04205007841,45142.866577044,43642.3806174007,42252.799272616925,40984.516259444455,39837.32667148018,37877.36843762913
2021-02-25,49048.711388481956,50364.76564195418,52338.8470221625,52602.057872856945,52338.847022162496,51417.60904473195,44310.916075981964,43220.47112310498,42468.44012112086,41152.38586764864,39441.51533813475,35230.14172702364,49028.14807903537,50018.29273529936,50602.67802785697,50548.50187998683,50280.24075910225,49644.868645113376,45310.123668499524,43870.2504062756,42521.66701238713,41280.95813688265,40152.05731195636,38211.267203904485
2021-02-26,47732.65713500974,49048.711388481956,51187.299550374315,51944.03074612083,52009.83345879445,51417.60904473195,44661.86387690789,43483.68197379942,42764.55232815211,41561.82496872889,39941.615954454195,35866.23461620188,47722.37548028644,48817.729450712075,49672.4391064485,49797.24751598352,49685.834914848485,49241.335049073634,45381.57889615191,44012.08608151181,42712.71668027788,41506.46226645115,40401.618648307274,38488.96169986098
2021-03-01,47732.65713500974,48522.28968709307,50200.25886027015,51417.60904473196,51790.49108321575,51505.34599496343,45144.41710318104,43859.69747479149,43093.565891520164,42000.50971988629,40468.03765584309,36524.26174293799,48385.5434343842,48894.7234299687,49533.83294689989,49661.150038159794,49587.81590842895,49217.25707189022,45618.38346753721,44292.592770307485,43023.41822197329,41837.49665283536,40745.87982854156,38845.95991958098
2021-03-03,48610.02663732455,48522.28968709307,49706.738515218065,50891.18734334306,51571.14870763704,51593.08294519492,45714.70727968567,44310.916075981964,43422.57945488822,42439.1944710437,40994.45935723197,37182.28886967411,49375.15453816918,49384.73750063052,49718.48465691246,49789.08014801455,49707.346639102034,49360.69574536446,45924.86243710407,44630.726000335635,43383.327266754095,42211.60993496399,41128.60202493114,39234.984354128595
2021-03-08,50364.765641954174,49048.711388481956,49542.231733534034,50364.765641954174,51351.80633205834,51680.81989542639,46372.734406421776,44724.533127073235,43751.59301825627,42877.8792222011,41520.881058620864,37840.315996410216,50527.98721679779,50150.09829889581,50154.55915436091,50133.03282952488,50010.95791454657,49650.71144495749,46296.51034348758,45023.264363607515,43790.0118526935,42626.884846329085,41548.21980290721,39654.90327009847
2021-03-09,51680.81989542639,50101.55479125973,49706.738515218065,50233.16021660696,51132.46395647963,51768.55684565787,47118.49848338937,45138.15017816451,44080.60658162433,43316.56397335851,42047.30276000975,38498.343123146326,51762.4306828482,51099.02358223008,50786.184708703644,50653.731251430734,50470.329649617954,50068.982011156106,46729.11399437253,45467.16811116655,44241.16245292241,43081.49229494929,42003.23480090737,40104.62902386872
2021-03-09,52996.87414889861,51680.81989542639,50200.25886027015,50364.76564195417,50913.12158090092,51856.29379588936,47820.39408524122,45664.5718795534,44508.3242140028,43755.24872451592,42573.72446139864,39156.370249882435,53037.67954260952,52170.32518894367,51569.90552951957,51319.03982453963,51061.49869580917,50599.475563312866,47218.73339147259,45959.56873880927,44734.585598667145,43573.687066671984,42492.212598984755,40583.11608022778
2021-03-10,54312.92840237083,52996.874148898605,51022.792768690284,50759.581917995834,51022.79276869029,51944.030746120836,48522.28968709307,46266.1966811407,45001.84455905488,44193.93347567333,43100.146162787525,39814.39737661855,54333.331099226285,53323.21101124346,52471.92266870346,52102.66579407057,51764.188543162745,51228.16421249531,47761.68391484544,46497.759188146614,45268.19785449966,44101.8037580511,43013.779752931674,41089.359136445004
2021-03-11,55628.98265584305,54312.92840237083,52174.34024047847,51417.60904473195,51351.80633205834,52031.76769635232,49224.185288944915,46943.0245829264,45561.16761678057,44632.61822683073,43626.56786417642,40472.42450335466,55639.18400427078,54530.48631060073,53465.94805550685,52983.096906119885,52561.24214500827,51942.77356079143,48354.51968161463,47079.1846247,45840.02012449211,44664.25292489485,43566.62098377393,41622.39134518891
2021-03-13,56945.03690931527,55628.98265584306,53654.90127563472,52338.8470221625,51900.162271005094,52119.5046465838,49926.080890796766,47695.05558491053,46087.58931816946,45071.30297798814,44152.989565565294,41130.45163009076,56950.13758352913,55774.021261329646,54531.53541268096,53942.73222568045,53438.14200046299,52732.563513629415,48994.018000116645,47701.433757313986,46448.17226942238,45259.51743354685,44149.4765132102,42181.28263016868
2021-03-13,58261.09116278749,56945.03690931527,54970.95552910694,53523.2958502875,52667.86058553056,52470.45244750972,50627.97649264862,48522.28968709307,46614.01101955835,45509.98772914555,44679.41126695419,41788.47875682687,58263.641499894424,57041.729312973,55652.78208014342,54967.170987749334,54382.60407041527,53588.13649088186,49677.16484599622,48362.23066556019,47090.86801651804,45886.149002856604,44761.13953623133,42765.138088809246
2021-03-13,59577.14541625971,58261.09116278748,56287.00978257916,54970.95552910694,53654.901275634715,52996.87414889862,51329.87209450047,49311.9222391764,47239.13678995766,46036.40943053443,45205.83296834307,42446.50588356298,59578.420584813175,58325.55276522597,56817.31932227463,56044.630748234915,55384.2341679873,54501.269611828,50401.14129187047,49059.4271040206,47766.410144464484,46542.76492561757,45400.45382276301,43373.09647667027
2021-03-15,59577.14541625971,58787.51286417638,57109.5436909993,55892.19350653749,54532.27077794954,53435.55890005602,51900.1622710051,49988.75014096211,47831.361204020155,46533.58548184616,45653.29141452363,43038.730297625494,58919.75587380033,58304.06556441315,57138.15750905536,56447.62355091912,55826.82755381031,54971.2474063919,50908.47167781379,49571.34596412022,48279.978421498396,47055.34531273159,45909.910374906474,43872.01898971151
2021-03-15,58699.7759139449,58787.51286417638,57603.06403605138,56550.22063327361,55409.64028026435,53874.24365121342,52382.715497278245,50590.37494254941,48423.58561808265,47030.76153315789,46048.107690565295,43587.08623657225,57932.3963915578,57851.05601271385,57095.24182022422,56538.06234336181,55998.85976300982,55217.97114051087,51298.097659868836,49981.5367762682,48703.94623651818,47487.82401107971,46346.87792489578,44309.80115898436
2021-03-22,56945.03690931527,58261.09116278748,57767.5708177354,56945.03690931527,55957.996219211105,54312.92840237084,52777.53177331991,51116.796643938294,49015.81003214515,47440.200634238136,46390.281796468065,44091.573700403256,56780.68952370042,57110.36489375692,56769.40645036169,56372.77512743881,55941.95559249167,55269.34758835504,51577.62379611671,50295.67529674148,49042.727357783944,47843.749234383926,46714.289118362125,44688.586433051576
2021-03-24,55628.98265584305,57208.247760009705,57603.06403605138,57076.642334662494,56287.00978257917,54751.61315352823,53084.611099130096,51568.01524512877,49608.03444620765,47791.148435164054,46679.81373223197,44552.192689118536,55546.808963035626,56177.88606329489,56223.52243969698,55998.25754104332,55691.33602409206,55149.79517294736,51754.162533084665,50519.119042743,49300.51566458446,48126.50865744021,47014.95376485486,45010.437634108544
2021-03-24,54312.92840237083,55628.98265584306,57109.5436909993,56945.03690931527,56396.68097036851,55190.29790468564,53303.953474708804,51944.03074612084,50101.55479125973,48171.341886167145,46995.666753065285,44968.943202718074,54271.84155596712,55117.54875849613,55506.489486186154,55452.551469721046,55276.80342694456,54880.68001114284,51834.366151748254,50656.92530551063,49481.296336343534,48339.33696594655,47251.564305234846,45277.34034507176
2021-03-27,54312.92840237083,55102.56095445416,56780.53012763124,56945.03690931527,56616.023345947215,55628.98265584305,53567.164325403246,52357.64779721211,50627.97649264862,48639.272287401705,47390.48302910696,45407.62795387548,54950.41210590508,55288.02672427844,55533.71019055435,55484.6298671989,55330.9848468817,54974.21785200943,52079.26202995004,50933.441042452956,49781.92773335431,48657.814325983934,47582.81487892413,45623.06833745732
2021-03-29,55190.29790468564,55102.56095445416,56451.516564263184,56945.03690931527,56835.36572152592,56067.66740700045,53830.37517609769,52771.26484830338,51154.39819403751,49165.69398879059,47837.94147528752,45846.31270503289,55947.724507610175,55840.36345262404,55847.338350279024,55750.158420318534,55579.300549207954,55220.57025786081,52393.28124363165,51267.75009899201,50132.172481318805,49019.79854125123,47952.885118088285,46000.97256336738
2021-03-30,56945.03690931527,55628.98265584306,56122.503000895136,56945.03690931527,57054.708097104616,56506.35215815786,54093.58602679214,53184.88189939465,51680.81989542639,49750.606990333814,48259.07883639862,46284.99745619029,57104.40783519883,56647.2726893452,56383.727864169814,56206.69164623262,55991.88372110908,55600.63540295385,52771.960466547855,51656.633248632366,50529.59533433133,49423.37500787696,48360.22101557747,46409.948588519306
2021-04-10,58261.09116278749,56681.826058620834,56287.00978257916,56945.03690931527,57274.050472683324,56945.03690931527,54356.796877486566,53598.49895048592,52207.24159681528,50394.01129203133,48680.216197509726,46723.6822073477,58340.77662572927,57623.89693165004,57093.3762090787,56819.50142261288,56543.462444097415,56097.69919121047,53211.12490892421,52097.05125333859,50971.88164186228,49866.71484180757,48803.33261182685,46848.93233323557
2021-04-13,59577.14541625971,58261.09116278748,56780.53012763124,56945.03690931527,57493.39284826203,57383.72166047268,54620.007728181015,54012.11600157718,52733.66329820417,51008.1699436517,49180.316813829166,47162.36695850511,59616.9881477306,58713.66451101067,57937.78142255722,57560.17383119154,57212.65278717766,56697.13678963946,53706.86962258364,52586.13472795895,51456.83127569569,50348.0709165815,49280.79121399394,47316.898440490775
2021-04-13,60893.19966973193,59577.14541625971,57603.06403605138,57339.85318535693,57712.735223840726,57822.40641163009,54883.21857887545,54425.73305266845,53260.084999593055,51622.328595272076,49733.05960028751,47601.05170966252,60913.12103546737,59878.860981741826,58886.997533812115,58405.461120659165,57981.3606549147,57386.1514701711,54255.542022608926,53121.17458320421,51982.35287227237,50865.774094733424,49791.22674653037,47812.85871983416
2021-04-18,60893.19966973193,60103.56711764859,58261.09116278749,57603.06403605137,57603.064036051386,57997.880312093046,55014.824004222675,54726.545453462095,53687.80263197152,52148.75029666097,50259.481301676395,47973.93374814631,60245.13322586354,59778.28912658113,59040.36372991159,58618.4946289524,58226.86600299121,57660.02572693939,54598.948254623625,53480.10707863939,52353.511222901536,51245.93385290987,50177.48713532274,48204.442783149534
2021-04-18,60015.830167417116,60103.56711764859,58919.1182895236,57866.27488674582,57603.06403605137,57997.880312093046,55058.69247933842,54952.15475405733,54049.7175516764,52616.68069789552,50785.90300306529,48302.94731151436,59253.11219432551,59272.55647198324,58867.19204832845,58553.51218055822,58232.13141219386,57735.15890966271,54835.26509605343,53745.9043545373,52642.18943506914,51552.022356301306,50496.4739399901,48539.019749504776
2021-04-18,58261.09116278749,59577.14541625971,59083.62507120763,58129.48573744027,57603.06403605137,57822.40641163009,55146.4294295699,55102.56095445416,54345.829758707645,53026.11979897577,51312.32470445418,48588.092399766676,58099.07455182039,58496.716617760576,58440.046461881066,58261.062131239276,58034.116873187086,57636.393655889915,54971.40611425112,53923.75214425577,52852.433300396,51787.29651949412,50750.87804932871,48818.54665429783
2021-04-21,56945.03690931527,58524.30201348193,58919.1182895236,58392.69658813472,57603.064036051386,57471.458610704154,55234.16637980138,55177.76405465257,54576.13925306527,53377.067599901704,51759.78315063473,48895.17172557687,56864.02860383172,57540.805297121406,57815.36561609483,57782.502226619035,57664.09622420305,57385.46727259347,55013.83819438923,54018.5466759681,52988.088850950655,51954.8681471018,50943.28022473687,49044.90983732066
2021-04-21,55628.98265584305,56945.03690931527,58425.59794447151,58261.091162787496,57603.06403605137,57208.24776000972,55321.90333003286,55177.76405465257,54740.646034749305,53669.524100673305,52154.59942667639,49202.25105138705,55588.47850310127,56464.84633220455,57037.04623526726,57151.67062220731,57148.53194373032,57001.399902712285,54968.610443110214,54034.91091762526,53052.81234664103,52057.71056092308,51076.155799021246,49219.92772318516
2021-04-22,54312.92840237083,55628.98265584306,57603.06403605138,57866.27488674583,57603.064036051386,56945.03690931527,55409.64028026435,55102.56095445416,54839.350103759716,53903.48930129058,52496.773532579165,49509.330377197235,54292.67632599994,55308.8556044359,56139.230216074226,56396.25308160284,56509.81535970999,56500.83417082318,54841.381216437265,53977.20990144781,53050.07975147231,52098.6649107592,51151.879160132616,49345.35347806091
2021-04-23,52996.87414889861,54312.92840237083,56451.51656426319,57208.24776000972,57274.050472683324,56681.82605862082,55497.377230495826,54952.15475405734,54872.25146009653,54078.96320175355,52786.30546834306,49750.60699033381,52986.74811071317,54099.5103680994,55148.47236704137,55538.901593204435,55766.892980392535,55898.332373062716,54637.44339435524,53849.56518106203,52983.195725940066,52080.44618513019,51172.72803076016,49422.877549101904
2021-04-24,51680.81989542639,52996.874148898605,54970.95552910694,56287.00978257916,56725.69453373656,56418.615207926385,55585.11418072731,54839.350103759716,54839.350103759716,54195.94580206218,53023.19523396806,49948.015128354644,51675.756876333675,52854.59545938432,54085.426428133105,54598.14960206561,54935.79646660025,55206.6365182778,54361.748016397665,53655.86847122783,52855.30216127002,52005.64893720412,51140.88755408093,49454.13009255951
2021-04-25,50364.765641954174,51680.81989542639,53654.90127563472,55102.560954454166,55957.99621921111,56155.404357231935,55672.85113095879,54726.545453462095,54740.646034749305,54254.437102216514,53207.44282945417,50167.357503933345,50362.234132407815,51585.9674357502,52966.15641932173,53589.16083595737,54030.091069794806,54436.89586400894,54018.9263850458,53399.79451713771,52669.38627975623,51876.7527403871,51058.4541953694,49440.68329622465
2021-04-26,50364.765641954174,51154.39819403751,52832.36736721458,54049.7175516764,55299.969092474996,55892.19350653749,55760.58808119027,54726.545453462095,54674.84332207569,54342.17405244799,53418.01151000973,50452.50259218565,51021.527013917104,51617.58492230894,52680.526080678326,53242.189755860236,53668.66473521856,54092.38636282768,53868.062248955204,53304.25336654823,52621.1070796376,51868.212773482424,51082.97134739375,49514.955139718724
2021-04-26,51242.135144268985,51154.39819403751,52338.8470221625,53391.69042494028,54641.941965738886,55628.98265584305,55848.32503142176,54801.74855366051,54609.04060940208,54429.91100267948,53628.58019056528,50781.51615555371,52009.20058140786,52077.34799783883,52750.82565139395,53197.58691823078,53565.31233730914,53955.447334309814,53811.850097117036,53287.16955585365,52639.45758997487,51917.40151757854,51158.35324044045,49630.35585590596
2021-04-27,52996.87414889861,51680.81989542639,52174.34024047848,52996.874148898605,53983.91483900278,55365.7718051486,55936.061981653234,54952.15475405734,54543.23789672847,54517.64795291096,53839.14887112083,51154.3981940375,53161.064491889345,52822.54146601617,53097.95959605548,53400.37627898376,53680.33019348569,54000.132468324744,53844.18120983477,53344.178810846985,52721.17676686598,52021.79137176855,51282.579632712004,49785.49442734325
2021-04-30,54312.92840237083,52733.66329820417,52338.8470221625,52865.268723551395,53654.901275634715,55102.560954454166,56023.79893188472,55177.76405465257,54576.13925306527,54605.38490314243,54049.71755167639,51571.14870763705,54395.0235738662,53758.02186262512,53660.40916489716,53805.57743841311,53980.12288003138,54203.73874378709,53959.34128632116,53471.16001020131,52863.16384345432,52178.966396974625,51453.71183518562,49979.02875202208
2021-04-30,55628.98265584305,54312.92840237083,52832.36736721458,52996.87414889862,53545.230087845375,54839.350103759716,56111.53588211619,55478.57645544623,54674.843322075685,54693.121853373916,54260.28623223194,51965.96498367871,55670.030241590735,54820.36021152183,54390.32644143452,54376.388251304845,54436.26349995875,54546.40101745653,54151.98495722531,53664.22159672435,53062.47038847934,52386.6172986182,51669.88931859722,50209.66380271497
2021-05-04,55628.98265584305,54839.350103759716,53161.380930582636,52996.87414889862,53325.887712266674,54312.928402370824,56067.66740700045,55628.98265584305,54740.6460347493,54693.12185337392,54391.89165757916,52294.97854704676,54991.47932198078,54651.21627513816,54373.12687719814,54364.850096953196,54417.28886955929,54517.21694034886,54162.36932038632,53700.27293126909,53123.52393284058,52470.536349753405,51773.922322784994,50345.473612514645
2021-05-05,56067.66740700046,55628.98265584304,53983.91483900278,53391.69042494027,53435.55890005602,54137.45450190787,56067.66740700045,55816.99040633908,54905.15281643332,54722.36750345108,54549.81816799583,52645.92634797269,55968.25811564803,55415.823153197205,54944.66243989084,54833.97497192836,54806.17318339082,54820.69443848925,54341.91106237747,53880.59460298536,53310.10080081741,52665.44952242873,51977.43363535381,50563.83795695128
2021-05-08,56506.35215815786,56418.615207926385,55135.46231079097,54049.71755167638,53764.57246342407,54137.45450190787,56067.66740700045,56004.998156835114,55135.46231079097,54751.61315352823,54707.7446784125,52996.87414889861,57114.67463921776,56364.24582306063,55681.64660053455,55457.08700663029,55337.69902640143,55250.74403153068,54594.78089222564,54124.02820577238,53551.81166772511,52909.18044853481,52224.694979523454,50818.44574268369
2021-05-12,56945.03690931527,56418.615207926385,55628.98265584305,54576.13925306527,53983.91483900278,54049.71755167639,55936.061981653234,56080.20125703352,55332.870448811795,54780.8588036054,54786.707933620826,53282.019237150926,56371.828647530405,56119.15810065477,55669.943501714224,55488.340761032625,55382.51189247127,55298.02385981062,54661.508400545084,54207.660369430094,53653.21655232055,53027.63827271405,52358.63540792814,50977.52119158796
2021-05-12,56067.66740700046,55892.19350653749,55793.489437527074,55102.560954454166,54203.25721458148,53961.98060144491,55716.71960607453,56080.20125703353,55530.27858683265,54810.10445368256,54813.02901869027,53523.295850287504,55342.37852495062,55517.08153456013,55368.38459074903,55274.629423094055,55217.960586296096,55174.88692708168,54639.01785055829,54213.51015139686,53685.42162597536,53083.61336011909,52435.5164235172,51087.785852031324
2021-05-12,54312.92840237083,55628.98265584306,55628.98265584305,55234.16637980138,54422.599590160185,53874.24365121342,55541.24570561157,56004.998156835114,55628.98265584304,54839.350103759716,54786.707933620826,53720.703988308334,54169.626336924615,54677.01240600629,54841.38227033783,54860.492100512965,54876.25498053231,54902.63532874676,54533.06640646196,54145.902257324866,53651.81011016904,53079.83609311943,52457.59725118767,51150.880919386254
2021-05-12,52996.87414889861,54576.13925306528,55135.46231079097,55102.56095445416,54641.941965738886,53786.50670098195,55365.7718051486,55854.59195643829,55661.88401217986,54868.59575383688,54707.7446784125,53874.24365121343,52925.223116175504,53678.28156914632,54139.035075913074,54282.369881406215,54384.64958281114,54499.90839820708,54349.03963372903,54008.92069711929,53555.599350743774,53018.91678901963,52427.046596239095,51168.39071470429
2021-05-12,51680.81989542639,52996.874148898605,54312.92840237083,54707.74467841249,54532.27077794953,53698.76975075047,55190.29790468564,55628.98265584305,55628.98265584304,54897.84140391403,54576.13925306528,53983.91483900278,51644.99437906484,52573.77626008227,53300.30853503332,53570.07820150573,53766.20589958899,53983.015552131685,54091.9754958378,53806.42220721813,53399.84899512987,52903.35104374822,52345.94635323369,51141.84476472279
2021-05-15,50364.765641954174,51680.81989542639,53654.90127563472,54049.7175516764,54203.257214581485,53611.03280051898,55014.82400422268,55328.1702550494,55530.27858683263,54927.0870539912,54470.8549127875,54049.71755167639,50346.8528837734,51398.75463621549,52355.509169133016,52748.01150822858,53040.43751325155,53366.22753006361,53766.5867999007,53542.048921565,53187.468762224526,52735.52483229246,52216.2951566221,51072.71979886068
2021-05-15,49048.711388481956,50364.76564195418,52503.353803846534,53128.47957424583,53654.901275634715,53523.295850287504,54839.350103759716,54952.15475405734,55365.77180514861,54956.33270406836,54365.57057250972,54071.65178923426,49039.75500939156,50176.72213581358,51328.20871710563,51836.12889491597,52223.855916586326,52662.031229071625,53377.28219163526,53219.24033363321,52921.22582561644,52517.719377408925,52040.01178035923,50962.441666945924
2021-05-17,47732.65713500974,49048.711388481956,51022.792768690284,52338.8470221625,52887.20296110926,53172.34804936158,54532.27077794953,54613.74080316448,55135.46231079097,54897.84140391403,54260.28623223195,54049.7175516764,47728.17894546454,48923.349051054895,50236.74075364605,50850.76052884708,51330.432372720956,51881.35268406787,52928.18579359304,52841.24458943855,52603.75182976021,52252.11579755544,51818.93839336931,50812.3871812232
2021-05-17,46416.60288153752,47732.65713500973,49706.738515218065,51154.39819403751,51900.1622710051,52645.92634797269,54137.45450190787,54275.326852271624,54839.350103759716,54780.85880360539,54155.00189195417,53983.91483900278,46414.36378676492,47649.0822433917,49095.36472573922,49805.26745597759,50371.98871968638,51033.75217558364,52423.15557446214,52411.12914919911,52237.549557676204,51940.799544438436,51554.84367737609,50623.88588600768
2021-05-17,45100.5486280653,46416.60288153752,48390.684261745846,49706.738515218065,51022.79276869028,51944.03074612084,53654.90127563472,53936.91290137877,54477.435184054855,54605.38490314243,54049.71755167638,53874.24365121343,45099.429080679,46360.88628712549,47915.171314373416,48710.58144118034,49358.52805120098,50127.5949490717,51865.80053155759,51931.79085315471,51824.99926778089,51585.76464004851,51249.42581328955,50398.22175817869
2021-05-19,43784.49437459308,45100.548628065306,47074.63000827363,48390.684261745846,49816.40970300741,51066.66124380602,53084.611099130096,53598.49895048592,54049.71755167638,54371.41970252515,53944.43321139861,53720.70398830833,43783.93460089993,45063.404231790606,46704.78660476174,47575.646655714925,48298.514523487924,49170.20059429457,51259.49676328481,51405.965425037895,51368.36471653473,51188.917722564576,50904.31534203454,50136.634841545296
2021-05-19,42468.44012112086,43784.49437459308,45758.57575480141,47074.63000827363,48390.68426174585,50013.81784102824,52426.583972393986,53260.084999593055,53556.1972066243,54078.96320175355,53839.14887112083,53523.295850287504,42468.160234274284,43759.73144374328,45470.91977429217,46407.78105788465,47199.11011488988,48167.97375228837,50607.40250338026,50836.23644478485,50869.798882728406,50752.081910041634,50521.0779054179,49840.32281796316
2021-05-19,41152.38586764864,42468.44012112085,44442.52150132919,45758.57575480141,47074.63000827362,49048.71138848196,51680.81989542639,52808.866398402584,53095.57821790903,53728.01540082762,53654.90127563473,53282.01923715092,41152.24592422535,42451.931500554325,44218.78907204423,45212.97206811948,46066.374960927526,47126.518483955595,49912.472184076585,50225.0438202821,50331.34940840817,50277.000490356746,50101.21687235744,49510.44251793843
2021-05-19,39836.33161417642,41152.38586764864,43126.46724785697,44442.52150132919,45758.575754801415,47820.39408524122,50978.92429357454,52282.44469701369,52634.959229193744,53318.57629974738,53418.01151000973,52996.87414889861,39836.26164246478,41141.380120604284,42952.453136190896,43996.11848495303,44905.4368685799,46050.738342583165,49177.469590986926,49574.69178625532,49754.96377066625,49765.340445471615,49646.175855538524,49148.11137331875
2021-05-19,38520.2773607042,39836.33161417643,41810.41299438475,43126.46724785697,44442.52150132918,46416.60288153752,50277.02869172269,51680.81989542639,52174.34024047847,52850.64589851281,53128.47957424584,52667.86058553056,38520.242374848385,39828.99444948018,41675.06868531114,42761.228416276455,43720.63475144463,44944.92393729541,48404.98016843324,48887.35645681516,49142.49419778936,49218.69581767555,49157.34112331969,48754.40881454392
2021-05-20,38520.2773607042,39309.90991278753,40987.87908596461,42205.22927042642,43455.480811225025,45363.75947875974,49706.738515218065,51116.796643938294,51812.42532077361,52411.9611473554,52865.26872355139,52426.583972393986,39178.286994512404,39831.44017104559,41266.460447281206,42229.4289977128,43123.049653401315,44306.34989646651,47852.14946611699,48384.46157735661,48688.36695960529,48810.40322780937,48791.15277562525,48460.49676361535
2021-05-23,38081.592609546795,38520.2773607042,40000.83839586045,41152.38586764864,42358.768933331514,44223.17912575048,49092.579863597704,50439.96874215259,51417.60904473195,51885.53944596651,52523.09461764862,52163.373121699544,38191.25505087219,38955.70114977439,40363.741038381384,41315.75519944355,42212.460953988004,43418.58404727815,47165.16942553203,47763.267027487935,48127.967515963435,48305.3563605404,48335.97687821368,48089.58809399011
2021-05-23,37642.90785838939,37730.64480862088,39013.79770575629,40099.542464870865,41262.057055437996,43082.598772741236,48478.42121197734,49687.93774016846,50924.088699679865,51388.36339465479,52128.27834160695,51900.1622710051,37039.71195231598,37933.19038443618,39369.16944179881,40328.921318410125,41239.492938565876,42477.28214759288,46437.60410956364,47103.4689406328,47530.704140825794,47765.03826580149,47847.015800235975,47687.601749884
2021-05-24,37204.223107231985,37730.64480862088,38520.2773607042,39441.515338134755,40494.35874091253,42205.22927042642,47995.86798570418,49086.31293858117,50463.46971096459,50978.92429357454,51759.78315063473,51702.75413298426,37779.99465651009,38128.886043192186,39180.526757111125,40000.07696246359,40821.15208043244,41982.65654900398,45926.79774110913,46626.57689961775,47091.03106182316,47362.77853912197,47480.67702803881,47385.624302463366
2021-05-28,36765.538356074576,37467.43395792643,37862.250233968094,38651.88278605143,39616.98923859772,41240.12281788012,47469.446284315294,48447.086586894664,49904.1466532389,50540.23954241713,51312.32470445418,51483.41175740556,36834.08175513493,37381.98031338138,38448.89166747749,39252.457306335615,40062.231584019915,41220.84558679144,45279.13110520607,46029.9418827155,46544.384329698485,46863.510160802485,47025.37111453029,47006.949087876565
2021-06-03,37642.90785838939,37204.22310723199,37697.74345228407,38257.066510009754,39068.63329965097,40538.227216028274,47074.63000827363,47920.664885505765,49377.72495185001,50189.291741491215,50891.18734334307,51329.87209450047,37677.17955791957,37761.41266248898,38464.7551548612,39119.333679857176,39825.0078573556,40883.274558411504,44843.06773658307,45612.700788516515,46152.851620072084,46500.501982355665,46691.34621180562,46727.47729472264
2021-06-05,36765.538356074576,36941.01225653754,37368.729888916016,37730.64480862087,38410.60617291486,39748.59466394494,46635.94525711622,47356.64163401767,48752.59918145071,49809.098290488124,50391.08672702363,51154.3981940375,36782.67420583966,37136.998059579244,37892.18042128311,38531.84916602128,39219.34031834009,40258.88634513738,44265.322051946765,45072.40314049689,45651.99806123889,46038.78117715508,46267.09202763227,46370.5829126164
2021-06-07,36326.853604917174,36677.80140584309,37039.71632554795,37204.223107231985,37752.57904617874,38958.962111861605,46065.65508061159,46792.618382529574,48061.67069837779,49341.16788925357,49917.30719577362,50913.12158090094,35677.394403063605,36282.03690648201,37154.388016617435,37811.89742679696,38504.38251556201,39548.03987683924,43639.94342686735,44489.006995856886,45111.37494141897,45539.90488801375,45807.84126146063,45982.161303968474
2021-06-09,35888.168853759766,36414.59055514865,36710.702762179906,37072.61768188477,37423.565482810685,38432.54041047273,45539.2333792227,46341.3997813391,47502.3476406521,48902.483138096155,49522.49091973196,50693.77920532223,36440.808755147795,36589.432306732,37165.46248119845,37701.41118687606,38304.35799120336,39255.06278056912,43224.72920332577,44084.26612758617,44725.56450312611,45177.257565893386,45470.003298528754,45693.21850620039
2021-06-13,36765.538356074576,36941.01225653754,36875.20954386393,37204.22310723198,37313.89429502134,38081.592609546795,45012.811677833815,45965.38428034704,47008.827295600015,48463.798386938746,49180.31681382918,50474.43682974353,37480.543057926,37233.047324722735,37466.532454421955,37850.295945753904,38337.57635574198,39163.21460306702,42921.211763010375,43775.133529642204,44422.79612040414,44887.65072286357,45197.12265410356,45457.13798937195
2021-06-14,38520.2773607042,37204.22310723198,37368.72988891601,37204.223107231985,37423.565482810685,37906.11870908384,44486.38997644492,45664.5718795534,46581.10966322154,48025.11363578134,48890.784878065286,50255.09445416482,38658.43733605121,38100.80875454063,37993.154489922956,38211.393340012546,38568.154087808965,39247.35422947092,42722.18452701516,43556.2964181301,44199.01591165132,44667.90264850521,44986.641828834276,45272.16560773559
2021-06-18,38520.2773607042,37467.43395792643,37204.223107231985,37204.22310723199,37423.565482810685,37642.90785838939,43828.362849708814,45326.15792866054,46120.49067450627,47498.69193439245,48574.93185723196,49969.94936591251,37931.3302216416,37801.94687210442,37817.83640488052,38028.27147950699,38358.31855233547,38991.96283915063,42366.182480950825,43203.38094073417,43857.733634583106,44343.217467840564,44681.09505824446,45006.69390307019
2021-06-18,37642.90785838939,37730.64480862088,37204.223107231985,37204.22310723199,37094.55191944264,37379.697007694944,43214.20419808845,44874.93932747006,45659.87168579099,46913.77893284924,48180.115581190286,49640.93580254445,36909.749537700685,37164.020865989536,37389.02139352036,37639.16191118931,37978.295521785185,38603.98859092304,41948.24113724476,42796.955780218595,43468.89540073096,43975.41446494784,44335.890290804855,44706.68858154564
2021-06-21,35888.168853759766,37204.22310723198,36710.7027621799,36809.40683119032,36875.20954386393,37116.48615700051,42468.44012112086,44348.51762608117,45199.25269707571,46358.11158138319,47732.65713500974,49268.05376406065,35740.932068994116,36300.05211075554,36763.04210613529,37081.5169455708,37454.26768770842,38100.00434203254,41472.356700533666,42339.99415470677,43034.82223022778,43566.3708899633,43952.587326663524,44373.29252441079
2021-06-21,34572.11460028755,36151.3797044542,36381.689198811844,36546.195980495875,36655.86716828522,36853.27530630606,41634.93909392179,43746.89282449387,44738.63370836044,45802.44422991715,47232.5565186903,48851.303250461126,34498.496207904725,35285.388189442136,35983.71282628641,36385.979382160716,36808.38963526312,37494.51134256619,40942.26753648924,41835.304040463765,42557.72177576194,43117.88209871551,43532.68435560094,44007.6102898866
2021-06-21,33256.06034681533,34572.11460028755,36052.6756354438,35888.16885375976,36107.51122933847,36326.853604917174,40845.30654183846,43070.06492270816,44278.01471964516,45246.7768784511,46679.81373223197,48390.684261745846,33219.25115062392,34170.26082407579,35085.1113300768,35577.6206023757,36059.4075518906,36800.19818634889,40361.47080927327,41285.53735956968,42039.69386820541,42631.66513921255,43077.6204106679,43610.70943042505
2021-06-24,33256.06034681533,34045.69289889866,35723.662072075735,35756.56342841255,35997.84004154911,36151.37970445421,40187.27941510235,42430.83857102165,43916.099799940304,44778.84647721653,46153.392030843075,47951.999510588445,33895.682875455735,34304.21208281304,34971.112056790305,35394.80132926876,35830.59325164393,36521.68773806861,39987.960548139956,40912.55154762441,41675.36112607648,42281.09655113852,42743.75458628206,43313.462611174014
2021-06-25,32817.37559565792,33256.06034681533,34901.1281636556,35493.3525777181,35449.48410260236,35888.168853759766,39485.3838132505,41791.612219335155,43422.57945488822,44281.67042590481,45548.007074245856,47513.314759431036,32917.84448439942,33516.1434196564,34297.532953802045,34766.65674091864,35232.04138113599,35948.977532437246,39468.73324695585,40414.054229950496,41200.39063129931,41831.29572320078,42319.69184045777,42939.467820107304
2021-06-27,33694.74509797274,33256.06034681533,34243.10103691949,35230.141727023656,35339.812914813,35624.95800306532,38915.09363674587,41152.38586764864,42961.96046617294,43872.23132482456,45047.90645792641,47140.43272094723,33744.979542343484,33868.13381320012,34358.55109746549,34731.28544262208,35130.51418408236,35776.869665907834,39152.81984329141,40089.48814948728,40877.01143857652,41515.55278777721,42015.59910832542,42664.34957649161
2021-07-15,32817.37559565792,32992.84949612088,33585.07391018338,34572.11460028755,35120.47053923431,35361.747152370874,38300.9349851255,40400.354865664514,42402.63740844725,43433.546573667154,44521.48475653752,46745.61644490557,32842.4928178433,33225.42457324778,33821.09665210496,34223.78010638954,34639.666785507026,35297.261719311166,38687.47354373497,39636.72086112572,40440.9975570955,41099.0652334647,41620.14524534507,42311.76640282535
2021-07-20,32378.69084450051,32729.63864542644,32927.04678344727,33650.87662285699,34572.11460028755,34835.32545098199,37686.776333505135,39685.9254137796,41777.511638047945,42994.86182250975,43995.063055148625,46350.80016886391,31733.22232885709,32358.266995455477,33110.62002716406,33569.26587611342,34021.86448617832,34713.097984353335,38167.242700746494,39135.992372330016,39962.052076399144,40643.45869140007,41188.5732647521,41927.54187240009
2021-07-23,31940.006093343105,32466.42779473199,32762.540001763246,33256.06034681532,34133.42984913014,34659.85155051902,37204.223107231985,39084.300612192295,41185.28722398544,42643.91402158382,43547.604608968075,46021.78660549585,32494.64133783621,32657.531445908757,33142.94009819768,33512.319416241044,33904.04846473785,34530.968279653505,37850.39015446211,38809.31771425942,39634.88816239622,40322.15492262122,40877.252644579945,41642.500911885305
2021-07-25,32817.37559565792,32992.84949612088,32927.046783447266,33124.45492146811,33694.74509797274,34659.85155051903,36809.40683119032,38557.87891080341,40691.76687893337,42263.720570580736,43152.788332926415,45670.838804569925,33533.377969061876,33295.72583070168,33460.53443199543,33705.00944970404,34006.827870207046,34536.111569732944,37638.887212053356,38573.90953229438,39387.89317390864,40072.069385562965,40629.8077675907,41410.10924588222
2021-07-26,34572.11460028755,33256.06034681533,33420.56712849936,33256.06034681533,33585.07391018338,34572.11460028755,36502.32750538013,38106.66030961293,40165.34517754448,41883.52711957765,42810.61422702364,45319.891003644,34710.77341141082,34159.87350505438,34000.008747943066,34101.94752316872,34296.264944599796,34705.11873024169,37525.9369942149,38424.69692239145,39217.154909015444,39890.10235456313,40443.72779498509,41228.627161646196
2021-07-26,35888.168853759766,34308.903749593104,33749.580691867406,33650.87662285699,33694.74509797274,34484.37765005606,36282.98512980143,37730.64480862088,39638.92347615559,41503.33366857457,42521.08229125975,44968.943202718074,35957.4982593214,35174.656705780246,34712.056383340605,34665.997629362035,34743.64312346631,35017.50677737418,37505.181148462216,38356.890763873686,39118.952168695694,39773.28919017018,40316.60086644463,41096.372977081
2021-07-27,37204.223107231985,35888.168853759766,34572.11460028755,34308.903749593104,34023.758661340784,34396.64069982458,36151.37970445421,37429.83240782722,39211.20584377712,41123.140217571476,42284.192525634746,44617.99540179215,37238.887810012806,36289.863590754896,35558.32771164363,35366.77576233334,35324.663775349094,35455.35310030112,37570.671554631714,38365.968057190956,39089.74542310103,39718.79443738551,40246.11017666971,41011.72106991946
2021-07-28,38520.2773607042,37204.22310723198,35230.141727023656,34835.32545098199,34572.11460028755,34572.11460028755,36107.51122933847,37204.22310723198,38849.29092407226,40742.94676656839,42099.94493014864,44267.04760086622,38537.609712094614,37472.019598562074,36508.9952455398,36179.42228085026,36018.7665197841,36002.97541454723,37716.84385614702,38447.65713265036,39126.16793474943,39723.90618299575,40230.03020910693,40973.09997609167
2021-07-30,39836.33161417642,38520.2773607042,36381.689198811844,35756.56342841255,35339.812914813,34923.06240121347,36151.37970445421,37053.816906835156,38553.178717041,40450.49026579679,41889.376249593086,43916.0997999403,39844.99778987163,38698.808354924266,37540.859828230656,37083.59747844996,36808.55411176329,36646.65172119693,37938.492699220165,38597.92368163687,39225.01731619497,39786.03066051471,40266.22312044029,40978.9905547085
2021-08-03,39836.33161417642,39046.69906209309,37368.729888916016,36151.37970445421,35668.826478181065,35186.273251907915,36151.37970445421,36865.80915633913,38224.165153672955,40041.05116471655,41599.84431382919,43565.15199901438,39182.63757528792,38639.29802351758,37758.50816878034,37344.81200249619,37071.8961500619,36880.854926139174,37976.02734739042,38593.60989298749,39190.63662024823,39730.98378382519,40197.71446505699,40898.21316936139
2021-08-06,40275.01636533383,39836.331614176415,38355.77057902017,37072.61768188477,36436.52479270652,35712.6949532968,36282.98512980143,36790.606056140714,37993.85565931532,39660.85771371346,41336.63346313475,43280.006910762066,40167.51172146828,39476.99397156126,38512.703212973305,38037.09815979664,37699.663798921414,37414.7962938355,38180.954489474214,38735.76735540261,39286.34001217028,39792.79904603705,40235.17367483835,40906.563081019034
2021-08-06,40713.70111649123,40625.96416625976,39342.811269124344,38257.06651000976,37094.55191944263,36414.59055514865,36370.72208003291,36790.60605614071,37829.34887763129,39368.401212941855,41073.42261244031,43038.730297625494,41317.97592129457,40474.14268808113,39391.75585922832,38842.79669821922,38433.32169464442,38046.50177225408,38457.567458134494,38943.14253065347,39441.57722444873,39909.15858368076,40322.800208741384,40957.869515440885
2021-08-07,42468.44012112086,41415.59671834309,40329.85195922851,39309.90991278754,38081.592609546795,37028.749206769025,36590.06445561162,36865.80915633913,37730.64480862087,39134.43601232458,40810.211761745864,42841.32215960465,42551.23514794382,41577.593250251775,40367.91997375382,39741.287184832654,39256.57903002116,38763.75084755431,38801.241315896565,39212.11199271809,39653.443480390175,40077.689288823756,40458.62359687396,41050.71613558041
2021-08-09,43784.49437459308,42205.22927042642,41316.89264933267,40362.75331556531,39287.97567522966,37906.118709083836,36897.1437814218,37016.21535673595,37697.74345228406,38958.96211186161,40625.96416625976,42687.78249669957,43825.89188800456,42751.91170952295,41419.61523026749,40715.6983563295,40155.65127587412,39555.850570125775,39207.64951529037,39539.25364561994,39919.17577782443,40296.121395215894,40640.75092615342,41183.73364311761
2021-08-13,45100.5486280653,43784.49437459308,42303.93333943683,41415.596718343084,40384.687553123185,38695.75126116716,37160.35463211625,37241.82465733119,37730.64480862087,38841.97951155297,40415.395485704204,42578.11130891021,45121.247384771035,43973.475433527805,42530.05693054973,41752.22645182187,41118.874599822346,40413.444609059436,39672.744646933876,39921.335535065686,40236.14596522345,40562.28397018649,40867.36377534331,41355.59819429818
2021-08-13,46416.60288153752,45100.548628065306,43290.974029541,42468.44012112086,41481.399431016696,39748.59466394494,37555.17090815792,37542.63705812484,37829.34887763129,38783.488211398646,40204.826805148645,42512.3085962366,46426.952259890386,45226.536000688444,43686.19030931862,42839.57748512876,42136.3796052358,41328.346174809936,40192.74042979921,40355.305282036694,40601.8541563671,40874.10060387002,41136.71527216356,41565.02987053327
2021-08-17,46416.60288153752,45626.97032945418,43784.49437459308,43126.46724785697,42249.09774554216,40713.70111649123,37774.51328373662,37693.04325852167,37895.1515903049,38695.75126116716,39994.25812459309,42424.57164600512,45763.75044397784,45184.54020981406,44000.492157929,43250.66314748086,42592.405608748035,41799.871481469876,40509.37403067031,40618.93417857301,40821.3167777781,41057.89376253072,41292.2286727334,41681.134997990106
2021-08-20,46855.287632694926,46416.60288153752,44936.04184638127,43916.0997999403,43126.46724785698,41678.80756903753,38169.329559778285,37993.85565931532,38059.658371988924,38695.75126116716,39862.65269924587,42402.63740844725,46748.20378949379,46033.91251821262,44829.862152835834,44065.571145213384,43383.21353586522,42541.46968816653,40975.393416057,41014.14704974901,41158.47595235349,41348.15305552917,41544.90213758648,41879.854263848014
2021-08-20,47293.97238385233,47206.23543362085,45923.08253648543,44705.73235202363,44003.83675017178,42643.91402158383,38651.88278605142,38369.87116030738,38289.96786634657,38754.24256132148,39783.68944403753,42358.76893333151,47898.457588987876,47038.84547496907,45767.38420520165,44971.59664398949,44254.82859011395,43354.874900709954,41496.25381174178,41460.518178369755,41543.387878585854,41683.01753179002,41839.289662489115,42115.25245363123
2021-09-05,49048.711388481956,47995.86798570418,46910.123226589596,45890.18118014863,44881.2062524866,43609.02047413012,39090.56753720883,38708.28511120023,38586.080073377816,38871.22516163013,39757.36835896809,42314.900458215765,49131.611615471025,48147.48553063077,46789.024524479995,45952.172825437614,45194.818905781685,44231.111243369254,42068.41706932903,41955.20533686838,41973.722803065575,42060.54694790276,42173.75358433379,42386.121942655795
2021-09-05,50364.765641954174,48785.500537787506,47897.16391669377,46943.0245829264,45758.575754801415,44574.126926676414,39529.25228836623,39159.50371239071,38947.99499308267,39046.69906209309,39783.68944403753,42271.03198310002,50406.215755448706,49325.26365222931,47876.09016246809,46993.74501998103,46192.66521188087,45162.3248248799,42688.57331119146,42495.52421350223,42447.26466118046,42478.88551300451,42546.72063447437,42691.29509617443
2021-09-07,50364.765641954174,49575.13308987084,48390.684261745846,47601.05170966252,46635.945257116226,45276.02252852826,39836.33161417642,39460.31611318436,39178.30448744031,39192.927312478896,39783.68944403753,42161.36079531068,49727.46357196533,49233.07956431352,48136.672657137846,47367.37526879938,46632.05693135796,45648.12314533176,43098.90555570441,42859.59459473147,42769.3025776019,42764.573116505126,42801.793260172235,42900.01874209195
2021-09-07,49487.396139639364,49575.13308987084,48555.19104342988,47995.86798570418,47184.301196062974,45802.44422991715,40187.27941510235,39798.730064077216,39441.51533813476,39339.1555628647,39783.68944403753,42007.82113240558,48730.06035348753,48732.93875454559,48046.89142999827,47433.79015356489,46801.38003961208,45908.689894042254,43397.85778552093,43130.32340056096,43011.42896624143,42980.60787215858,42995.227937610995,43058.67452882063
2021-09-08,47732.65713500974,49048.711388481956,48390.684261745846,48127.4734110514,47513.31475943103,46153.392030843075,40538.227216028274,40137.14401497007,39704.726188829205,39485.3838132505,39783.68944403753,41876.215707058356,47573.33161751252,47960.82679687623,47684.605085895884,47248.847013196275,46742.183553754454,45972.17901747932,43592.615847525696,43312.896463087134,43177.542536733374,43130.019535167994,43129.444480661536,43168.91074413218
2021-09-10,46416.60288153752,47995.86798570418,48390.684261745846,47995.86798570418,47622.98594722039,46592.076782000484,40889.1750169542,40362.75331556531,39869.23297051323,39631.6120636363,39783.68944403753,41678.807569037526,46336.94012278891,47007.40074060592,47110.37031748909,46858.24730680882,46489.62433441766,45863.22521880232,43689.90198003924,43412.21148961253,43271.3517546651,43215.706000055245,43206.76757773834,43232.32113796328
2021-09-15,46416.60288153752,47206.23543362085,48390.684261745846,47995.86798570418,47842.32832279909,47030.761533157885,41371.72824322734,40625.96416625975,40165.34517754448,39865.57726425358,39862.65269924587,41503.33366857457,47034.79862889933,47249.15287207385,47248.65627693813,47017.23091193626,46680.860149893364,46096.9042083287,43950.72526112078,43652.238569872556,43488.98532885614,43412.11992731291,43384.308362754826,43380.04890667861
2021-09-20,45977.91813038011,46416.60288153752,47897.16391669377,47995.86798570418,47732.65713500973,47206.23543362085,41810.41299438475,40776.37036665657,40329.8519592285,39982.55986456222,39915.29486938476,41327.8597681116,46067.67362848231,46532.951457404335,46771.29902163306,46668.74322395972,46437.735300381355,45972.35976079556,44024.90751170142,43732.70097497218,43567.60123823013,43485.538719142016,43451.631911576194,43436.52372513014
2021-09-20,45539.23337922271,45626.97032945418,47074.63000827363,47601.05170966252,47403.64357164168,47206.23543362085,42117.492320194935,40964.378117152606,40527.26009724934,40128.78811494802,39967.93703952364,41152.38586764864,44926.084001537696,45616.79909646724,46107.56465562418,46144.3343422567,46029.54438872162,45698.876587519844,44009.396967582674,43735.57841089324,43578.18178367054,43498.53828968922,43464.68906998922,43447.94531195419
2021-09-21,43784.49437459308,44837.337777370856,45923.08253648544,46943.0245829264,47184.301196062974,47030.761533157885,42468.44012112086,41152.38586764864,40724.66823527017,40275.016365333824,40020.57920966254,40976.911967185675,43697.26206132928,44567.34610468512,45298.87031462345,45475.98993841382,45481.68219370612,45295.072029219446,43909.980282053846,43665.181265492276,43524.04613401726,43453.746473762774,43425.60976221914,43415.7957761251
2021-09-21,42468.44012112086,44047.70522528753,44936.04184638127,46021.78660549585,46635.94525711622,46679.81373223196,42687.78249669956,41340.39361814467,40823.37230428059,40333.50766548815,40073.22137980142,40801.438066722716,42424.82396448896,43429.02602567296,44377.429326406826,44689.88010736561,44815.63660508188,44777.23625902251,43732.07077282889,43525.58044660998,43408.351506491905,43353.67676240199,43336.44022254501,43341.5082609346
2021-09-23,42468.44012112086,43258.072673204195,44442.52150132919,45232.154053412516,46197.26050595882,46416.60288153752,43082.598772741236,41641.20601893833,40954.977729627804,40508.98156595111,40204.826805148645,40691.76687893337,43104.65916954102,43547.515475313,44245.66600378155,44525.26451958879,44656.99933885284,44653.14352346871,43735.45294410216,43539.96465828946,43426.70052485359,43372.40985284718,43354.015424655394,43356.0470384172
2021-09-28,42029.75536996345,42468.44012112087,43784.49437459308,44442.52150132919,45429.56219143335,46153.392030843075,43433.546573667154,41904.41686963277,40987.87908596462,40567.47286610543,40231.14789021809,40560.161453586144,42128.52251859483,42749.138939424876,43558.27041797424,43912.013855599675,44117.82803559065,44215.548816490824,43568.80329777147,43407.320481427145,43315.754977415105,43275.87775552592,43267.65599718523,43283.72540249308
2021-09-30,42907.12487227827,42468.44012112087,43619.987592909056,44047.70522528752,44771.535064697244,45890.181180148626,43784.49437459307,42167.62772032721,41152.38586764864,40742.94676656839,40362.75331556531,40494.35874091253,42956.50844659396,43094.257417814275,43608.54240833399,43888.82849541666,44066.54593389872,44161.667011253565,43582.71886341999,43428.27472247909,43338.62097435389,43297.99356295941,43287.92890832111,43300.1595412698
2021-10-01,43345.80962343567,42994.861822509745,43290.974029541,43916.099799940304,44442.52150132918,45626.97032945418,44135.442175519,42543.643221319275,41382.69536200628,40976.911967185675,40547.000911051415,40472.42450335466,44028.52853732963,43763.02115456461,43940.09934605206,44109.14124680732,44225.623271462806,44279.027213355104,43680.643445370544,43521.17939730924,43424.57102636453,43376.372442477,43359.02800454843,43359.24253345699
2021-10-01,45100.5486280653,44047.705225287515,43455.48081122503,44047.70522528752,44332.85031353983,45363.75947875973,44486.38997644492,42882.05717221213,41678.807569037526,41181.6315177258,40704.927421468085,40494.358740912525,45222.56570943358,44647.54839688891,44490.43346504884,44528.67972584917,44562.69705762815,44546.224171878064,43857.15709397746,43682.037187936075,43570.5276145019,43508.56753880984,43478.95878359892,43459.5722882579
2021-10-01,46416.60288153752,44837.337777370856,43949.0011562771,44047.70522528752,44442.52150132918,45100.5486280653,44837.33777737085,43333.27577340261,42040.722488742394,41386.351068265925,40941.81718709309,40560.161453586144,46477.61142222166,45675.91797626251,45210.927613929045,45111.221072969274,45050.38322337917,44944.52829226973,44107.189535695165,43907.07285872243,43773.56337049677,43692.238445256684,43645.805078245176,43599.79297084903
2021-10-04,47732.65713500974,46416.60288153752,44771.535064697244,44442.52150132919,44771.535064697244,45100.5486280653,45188.285578296774,43859.69747479149,42468.44012112086,41591.07061880605,41152.38586764864,40669.8326413755,47763.161405351806,46800.18244700233,46063.768452718585,45827.12840306249,45665.51063339498,45457.55117929649,44425.99761306998,44192.7209174052,44030.89374948147,43925.146569662116,43857.72597446203,43778.593465919956
2021-10-05,49048.711388481956,47732.65713500973,45923.08253648544,45100.5486280653,44990.877440275945,45276.02252852826,45539.23337922271,44348.51762608117,42863.25639716252,41883.52711957766,41441.91780341253,40823.372304280594,49063.96352365299,47988.37684531961,47019.54560588206,46652.15335558825,46388.47294240409,46070.95298712894,44809.14418025001,44535.61396174236,44339.87006042507,44205.15070238766,44112.952851232,43994.70589292134
2021-10-06,50364.765641954174,49048.711388481956,46910.123226589596,46021.78660549586,45539.23337922271,45626.97032945418,45890.181180148626,44837.337777370856,43356.77674221461,42234.47492050358,41784.091909315306,41020.780442301424,50372.39170953969,49219.191195355204,48055.38433689191,47566.456362831545,47202.68016594598,46772.186350666365,45252.478360104455,44932.57167367443,44697.9728368014,44530.202777448874,44409.78653716259,44246.90417123771
2021-10-06,51680.81989542639,50364.76564195418,48390.684261745846,47206.23543362085,46306.93169374816,46153.392030843075,46372.73440642178,45326.15792866054,43817.395730929886,42643.91402158382,42099.94493014864,41262.057055438,51684.63292921915,50478.41884653634,49153.49318400452,48553.80505120738,48094.09462486177,47550.27232544563,45752.11707510265,45380.590425015645,45102.80553086853,44898.34381837921,44746.59457927781,44534.00263356599
2021-10-06,52996.87414889861,51680.81989542639,49706.738515218065,48259.07883639862,47293.97238385233,46592.07678200048,46811.419157579185,45814.97807995022,44376.71878865558,43111.84442281839,42415.79795098197,41547.20214369031,52998.78066579499,51756.58869848117,50300.03434364148,49600.918387782556,49050.83828294009,48395.60433506149,46304.42776977181,45876.83346069066,45552.08851575163,45307.70006075195,45121.808619532305,44854.85468584259
2021-10-11,54312.92840237083,52996.874148898605,51022.792768690284,49706.738515218065,48500.35544953519,47293.972383852335,47250.10390873659,46303.798231239896,45001.84455905489,43638.26612420728,42731.65097181531,41810.41299438475,54313.881660819025,53047.38668426846,51484.245079686276,50696.93007288447,50062.860494155924,49299.776625159386,46906.01224785437,46418.62162742153,46043.65338029414,45756.47924364543,45533.92187477532,45208.35151212087
2021-10-11,55628.98265584305,54312.92840237083,52338.8470221625,51022.792768690284,49597.06732742872,48171.34188616715,47688.788659894,46792.61838252958,45594.06897311738,44135.442175519005,43126.46724785697,42139.4265577528,55629.45928506715,54346.60342595072,52697.75437515939,51832.949497690075,51121.656865718905,50255.43416067906,47553.691552246346,47003.42461755407,46575.43750237771,46242.967062674965,45981.486716063,45593.42082285849
2021-10-15,56945.03690931527,55628.98265584306,53654.90127563472,52338.8470221625,51022.79276869029,49224.185288944915,48127.473411051404,47281.43853381926,46186.29338717988,44720.355177062214,43573.92569403752,42512.3085962366,56945.27522392732,55651.43267156298,53934.05143907676,53001.70252770779,52220.03137296023,51256.14128594279,48244.49182043842,47628.85269939724,47145.47888711064,46765.52377753876,46463.11234338183,46009.02564512845
2021-10-15,58261.09116278749,56945.03690931527,54970.95552910694,53654.90127563472,52338.847022162496,50452.50259218566,48566.158162208805,47883.06333540656,46778.51780124237,45276.02252852826,44074.02631035697,42863.256397162535,58261.21032009351,56960.003586461884,55188.0723228952,54197.2375983536,53351.89507192938,52296.26680223256,48975.63105252215,48292.64890704066,47751.9112569495,47322.58096733355,46977.46255200358,46454.16315332094
2021-10-15,59577.14541625971,58261.09116278748,56287.00978257916,54970.95552910694,53654.90127563473,51593.08294519491,49004.84291336621,48447.08658689466,47370.742215304876,45919.42683022579,44626.769096815304,43280.006910762066,59577.20499491272,58271.068947551896,56455.87839997003,55414.68524769511,54512.09577928362,53370.88341067013,49744.50673288438,48992.68166411776,48392.95938145109,47912.63842719169,47523.253586843464,46927.86353895363
2021-10-19,60893.19966973193,59577.14541625971,57603.06403605138,56287.00978257916,54970.955529106934,52996.87414889861,49575.13308987084,49011.109838382756,47962.96662936737,46621.322432077635,45232.154053412516,43674.82318680373,60893.229459058435,59583.797272769305,57734.40629402206,56650.061370514944,55696.2739552714,54475.67972473701,50548.68425051195,49726.93781740132,49066.93463495335,48534.26120007352,48099.25208133805,47429.18891825719
2021-10-19,62209.253923204145,60893.199669731934,58919.1182895236,57603.06403605138,56287.00978257915,54312.92840237084,50101.55479125973,49575.13308987084,48555.19104342988,47293.97238385232,45811.21792494029,44135.442175519005,62209.2688178674,60897.63424073833,59021.27337905635,57900.10624436248,56900.74075856447,55606.883281229544,51385.88606638194,50493.516057458335,49772.23077105571,49186.07673781887,48704.27307749863,47957.23227624963
2021-10-20,63525.308176676364,62209.253923204145,60235.17254299582,58919.1182895236,57603.064036051386,55628.98265584305,50627.97649264862,50139.15634135894,49147.415457492374,47966.62233562702,46469.24505167641,44639.92963935002,63525.31562400799,62212.21030387507,60314.6265015213,59162.15282359632,58122.3748618851,56761.19317484453,52253.98157973747,51290.620704856745,50507.31990331337,49866.77218581987,49337.17812392938,48511.11644605863
2021-10-22,63525.308176676364,62735.67562459303,61057.70645141596,59840.35626695414,58590.10472615555,56681.82605862083,51022.792768690284,50590.37494254941,49739.63987155487,48551.53533717022,47021.98783813474,45056.68015294956,62867.284773606065,62211.22484365143,60735.65481745083,59716.1712053432,58751.125486703415,57442.200768389535,52896.25739757883,51897.21292777134,51078.15299932496,50403.42509293401,49842.02519819007,48960.475925759194
2021-10-22,62647.938674361554,62735.67562459303,61551.226796468036,60498.38339369026,59357.80304068101,57559.19556093564,51329.87209450047,50966.39044354147,50233.16021660695,49077.95703855912,47601.05170966251,45429.56219143335,61880.242221668996,61771.88311901159,60770.66478462442,59930.17638068661,59080.6753610155,57873.57563105736,53412.189294424075,52396.9911272987,51556.941385516104,50859.521162565245,50275.45390636896,49351.91516420579
2021-10-27,60893.19966973193,62209.253923204145,61715.73357815207,60893.199669731934,59906.15897962777,58261.09116278749,51680.81989542639,51380.00749463274,50660.87784898542,49545.88743979369,48180.115581190286,45758.57575480141,60728.693818964355,61040.303884760964,60505.438258321155,59865.98893260899,59157.05536951461,58086.52185420768,53809.928498113484,52795.88946093905,51948.17522008872,51238.563339332126,50640.26600429609,49687.336359007306
2021-10-29,60893.19966973193,61946.043072509696,62044.747141520114,61419.62137112082,60564.18610636387,59050.72371487082,52163.373121699544,51793.624545724015,51121.4968377007,50043.0634911054,48759.17945271807,46175.326268400946,61468.97387108425,61429.95389757536,60884.06396162849,60292.0371127172,59626.62437777454,58601.863362832264,54351.82058727112,53318.855234403854,52448.72096247492,51715.56798493562,51093.999462707565,50098.089715722126
2021-11-08,61770.56917204674,61682.83222181526,62373.76070488818,61946.04307250971,61222.21323309998,59840.35626695415,52733.66329820417,52207.241596815285,51582.11582641598,50540.23954241715,49338.24332424585,46635.94525711622,62497.14102388031,62128.40532394237,61471.007120528026,60879.9045788916,60226.42188529789,59217.29396456281,54943.658625254044,53885.88150494323,52989.047750454934,52229.05358535933,51581.55096672308,50538.53244485301
2021-11-08,63525.308176676364,62209.253923204145,62702.77426825623,62472.46477389858,61880.24035983609,60629.98881903748,53391.69042494028,52620.858647906556,52042.734815131254,51125.15254396034,49917.307195773625,47140.43272094724,63669.251727014445,63032.72435934444,62219.974967110385,61600.1696427565,60936.41273835184,59920.302522761056,55582.220291247126,54494.52045642891,53567.21499999714,52777.43387615086,52101.59399548241,51007.689986121986
2021-11-08,64841.36243014858,63262.09732598192,63031.787831624286,62998.88647528747,62538.2674865722,61419.62137112082,54005.84907656065,53034.47569899782,52503.353803846534,51680.81989542639,50496.3710673014,47688.788659893995,64913.334205317624,64074.28846743656,63094.96201522382,62428.76001382274,61739.644114547074,60699.94179286856,56264.49115636955,55142.46026411776,54181.376795553806,53359.191576371464,52652.85408140267,51504.61982724153
2021-11-08,66157.4166836208,64841.36243014858,63360.80139499233,63525.30817667636,63196.29461330831,62209.25392320415,54751.61315352823,53560.89740038671,53062.67686157223,52236.487246892444,51075.43493882917,48281.01307395649,66193.40257120533,65207.34929065538,64067.96399786142,63345.98018169007,62621.771318015686,61546.63293589664,56987.65127125345,55827.517539377564,54829.777271454295,53972.87538782404,53234.10676603239,52028.41044630058
2021-11-12,66157.4166836208,65367.78413153747,63689.814958360395,63656.91360202358,63525.30817667636,62735.67562459304,55453.50875538009,54049.71755167639,53490.39449395069,52704.417648127004,51575.53555514862,48785.50053778751,65517.382500676955,65085.353670486445,64239.830316147454,63617.867863227984,62963.246873728436,61958.47412267815,57494.342398337125,56328.28747786859,55318.15131981679,54445.43265919314,53689.33240874062,52448.67930716747
2021-11-16,65280.04718130599,65367.78413153747,64018.82852172845,63525.30817667637,63634.97936446572,63086.62342551896,56155.404357231935,54538.53770296607,53852.30941365556,53113.856749207254,52022.99400132917,49311.92223917639,64521.34533867666,64565.33850588308,64081.04761848722,63601.0388293095,63049.717843412735,62154.328379427934,57883.43702543725,56728.12254773117,55718.50358556941,54840.22132797711,54075.088820018245,52811.991343797345
2021-11-16,63525.308176676364,64841.36243014858,64347.842085096505,63525.30817667637,63525.308176676364,63262.09732598192,56857.299959083786,55027.35785425575,54148.42162068681,53464.80455013318,52496.773532579165,49772.54122789168,63365.299630940404,63779.976978323444,63665.093463979865,63347.98702819944,62920.41570184218,62161.19407239996,58162.522027350074,57032.63026829092,56035.12792354827,55160.62295541431,54394.101010127706,53120.216373290175
2021-11-16,62209.253923204145,63788.51902737081,64183.335303412474,63525.30817667637,63196.29461330831,63262.09732598192,57427.59013558841,55403.373355247815,54378.731115044444,53757.26105090479,52891.58980862084,50255.09445416482,62129.24965033616,62817.7178754596,63049.11706525811,62901.662053932625,62608.53631228675,62002.69477206645,58338.69480254518,57247.10662681494,56272.108720646174,55409.87204817538,54648.987063739434,53375.16273524012
2021-11-18,60893.19966973193,62209.253923204145,63689.814958360395,63525.30817667636,62976.9522377296,63086.623425518956,58041.74878720879,55816.990406339086,54641.94196573889,54078.96320175355,53233.76391452361,50737.64768043797,60853.197533297935,61737.52705572631,62277.56780992514,62297.20448344664,62142.16848212874,61699.5011025906,58418.59485235347,57376.55338621317,56433.33111492479,55591.0624547431,54842.26233815226,53578.57931910306
2021-11-18,59577.14541625971,60893.199669731934,62867.281049940255,63130.4919006347,62757.60986215091,62735.67562459303,58524.30201348194,56230.60745743035,54905.15281643333,54312.92840237084,53523.2958502875,51154.39819403751,59557.14434804271,60578.715091413374,61385.01744389456,61563.36569787225,61545.07966376854,61269.69986011521,58408.43332277921,57425.69443116047,56522.490716119915,55707.15348345288,54976.34349647845,53732.15752431658
2021-11-18,58261.09116278749,59577.14541625971,61715.73357815207,62472.46477389858,62538.26748657221,62209.253923204145,58919.118289523605,56644.22450852162,55168.36366712777,54488.40230283379,53760.1856159125,51527.280232521305,58251.09062867899,59367.48903071401,60398.35510287695,60723.66955449826,60837.38077846804,60729.11699126521,58314.0206403809,57398.99120606472,56543.10285187308,55760.97575431589,55053.55238229646,53837.53315542804
2021-11-20,58261.09116278749,59050.72371487082,60728.6928880479,61946.04307250971,62318.92511099349,62033.780022741186,59357.80304068101,57170.64620991051,55530.27858683263,54693.12185337392,54023.39646660694,51922.096508562965,58914.11802246935,59437.37449256257,60215.86406140645,60515.21062027307,60643.49841505138,60585.12054438952,58395.512569933664,57519.99989928685,56691.1057910264,55926.899867296626,55230.95971715466,54025.778197457315
2021-11-22,57822.40641163008,58261.091162787496,59741.65219794374,61024.80509507916,61770.56917204674,61770.56917204674,59664.88236649118,57546.66171090257,55760.58808119027,54810.10445368256,54207.64406209305,52251.11007193102,57929.57746589231,58606.59529814681,59489.01358316396,59866.08812737165,60074.50433724582,60130.11009000523,58301.933485893605,57488.05747954563,56703.492743537354,55971.16763762093,55298.18262802789,54121.52162234056
2021-11-26,57383.72166047268,57471.458610704154,58754.61150783957,59840.35626695416,61002.87085752127,61507.358321352294,59884.22474206989,57960.27876199384,56023.79893188472,54956.33270406836,54418.21274264861,52536.25516018333,56779.28006086768,57614.05775071223,58631.228932648206,59095.70531436646,59390.57792472231,59567.46916073495,58129.48502945158,57384.77544897885,56651.0773408172,55956.28972675478,55311.15595643656,54170.961569964886
2021-11-26,55628.98265584305,56681.82605862082,57767.57081773541,58787.51286417637,60015.830167417116,60980.9366199634,60015.83016741711,58261.09116278748,56287.00978257916,55102.56095445416,54549.81816799583,52777.53177331991,55546.104231619254,56513.681301265104,57671.60659258657,58226.10951218544,58609.40107512978,58910.651565939435,57883.25554854401,57214.11713003966,56537.020722739566,55884.83784265761,55272.00752134768,54175.61758612869
2021-11-28,55628.98265584305,56681.82605862082,57274.05047268333,58129.485737440256,59138.4606651023,60542.251868806,60191.304067880075,58599.505113680345,56648.92470228402,55336.52615507145,54707.7446784125,53040.742624014354,56245.57057046726,56657.4665039485,57510.14666297073,57993.1872207545,58353.34504961986,58664.94973386141,57822.72530890367,57199.168216505146,56556.92404634991,55930.93431307636,55337.62015052737,54266.443991514294
2021-12-03,55190.29790468564,55628.98265584304,56616.02334594721,57339.85318535693,58261.09116278748,59840.35626695415,60235.17254299582,58825.11441427558,56977.93826565207,55541.24570561157,54786.707933620826,53303.9534747088,55279.249486419045,55875.953803422606,56799.65371617075,57324.04925377565,57731.74248850463,58120.947067425084,57596.28678182698,57038.82143471782,56447.460347229404,55860.584976307386,55297.43402220256,54267.96848894959
2021-12-04,54751.61315352824,54839.350103759716,55957.996219211105,56550.22063327361,57383.72166047268,58962.98676463935,60191.30406788007,58975.520614672416,57208.24776000972,55658.2283059202,54813.02901869028,53501.361612729626,54138.06181765883,54916.26058524795,55954.59159011028,56537.29014379802,57003.30120548832,57480.43795260927,57299.55046211523,56814.268641809955,56279.13834234271,55736.07368745843,55207.21137569479,54226.28219918999
2021-12-04,52996.87414889861,54049.7175516764,55299.969092474996,55760.58808119027,56506.35215815786,57910.14336186156,60059.69864253285,59050.72371487082,57471.458610704154,55804.45655630602,54865.67118882916,53654.90127563472,52909.44085654261,53837.780355307426,55004.864546847195,55654.295553184995,56184.457927017254,56755.48569546141,56937.05169209187,56529.07684577252,56054.829203967274,55559.75543032229,55068.91472112647,54142.80298597622
2021-12-04,51680.81989542639,53260.084999593055,54148.4216206868,54970.95552910694,55628.98265584306,56945.03690931527,59840.35626695415,59050.72371487082,57635.965392388185,55950.68480669182,54918.31335896806,53764.572463424076,51637.103249248394,52680.10878418968,53973.73145687097,54692.56284205212,55289.12065239217,55956.645688773,56513.033211217255,56186.61488652267,55777.26404316607,55333.88278635376,54884.42958079332,54018.902141336905
2021-12-09,50364.765641954174,51680.81989542639,53161.38093058264,54181.32297702361,54751.61315352824,55979.93045676897,59533.27694114396,58975.520614672416,57734.6694613986,56096.913057077625,54970.95552910694,53830.37517609768,50342.907318865175,51469.64298562044,52879.28255278453,53666.408032312094,54329.05768871368,55093.15390123661,56031.46403371084,55790.064445354474,55449.04074245777,55060.6103880239,54655.56751050313,53855.90591838037
2021-12-09,49048.711388481956,50364.76564195418,52174.34024047848,52996.87414889862,53874.24365121342,55014.824004222675,59138.460665102306,58825.11441427559,57767.57081773541,56243.141307463426,55023.59769924583,53852.30941365555,49037.78222693746,50223.981035416866,51735.58801550125,52587.544232802575,53314.22683429768,54173.09180545825,55496.057108259956,55342.43044274077,55072.63045514474,54741.99917845509,54384.069002254546,53655.09701343986
2021-12-17,47732.65713500974,49048.711388481956,51187.299550374315,51944.030746120836,52996.87414889861,54049.71755167639,58655.907438829156,58599.505113680345,57734.6694613986,56301.632607617736,54997.276614176386,53830.37517609769,47727.19255423749,48954.85498412375,50553.59131906487,51465.55489620892,52253.053918488426,53203.53068996816,54910.285838390395,54846.55085846797,54650.38378756354,54380.02048576737,54071.60627292306,53417.71599925853
2021-12-23,47732.65713500974,48522.28968709307,50200.25886027015,51286.003619384726,52119.5046465838,53347.82194982454,58217.22268767175,58411.49736318431,57734.669461398604,56477.1065080807,55076.23986938472,53896.17788877129,48387.951971359726,48986.140452243155,50219.17355671312,51026.12880389493,51760.07814464127,52684.17827728238,54532.119727070545,54524.44849679192,54377.13060124491,54148.22141179098,53874.622081852795,53274.43880865908
2021-12-23,48610.02663732455,48522.28968709307,49706.738515218065,50891.18734334306,51571.14870763704,52821.40024843565,57778.537936514345,58223.48961268828,57734.669461398604,56623.3347584665,55207.84529473194,53940.046363887035,49376.35880665695,49445.682182146826,50251.527353433354,50905.880956269335,51545.414682689414,52394.25169786636,54263.25816136847,54293.35489041127,54181.40488567433,53983.72128057485,53736.97533487124,53179.01963132112
2021-12-28,49048.711388481956,48259.07883639863,49048.711388481956,49969.94936591251,50913.12158090094,52207.241596815285,57208.24776000972,57922.67721189463,57635.96539238819,56681.82605862083,55313.12963500972,53918.11212632917,48554.50797083334,48874.67383310114,49691.77841600589,50328.93117058577,50958.83659843099,51811.55237750929,53841.9290455605,53928.87151130161,53866.83091409467,53711.93263643168,53501.50313537472,53000.414057157
2021-12-31,48171.341886167145,47995.86798570418,48390.684261745846,49180.31681382917,50255.09445416482,51329.87209450047,56681.82605862082,57546.66171090257,57471.458610704154,56681.82605862083,55418.41397528749,53852.30941365555,47485.55542618543,48055.3168492466,48963.961630568476,49617.59875439517,50260.031411216616,51137.183690512815,53362.87572621933,53511.52306973476,53503.40415574334,53394.74076210094,53223.65400049157,52784.508939555744
2022-01-05,46416.60288153752,47732.65713500973,47732.65713500974,48390.684261745846,49268.05376406066,50540.23954241713,56155.40435723194,57095.4431097121,57241.14911634652,56623.3347584665,55444.735060356936,53742.63822586621,46293.05202712536,47070.39410885284,48105.42540779,48796.316913244285,49466.26482919334,50382.604307706875,52829.822345856956,53044.246516918836,53093.50769058761,53034.11977161643,52905.08993286871,52532.527889019984
2022-01-05,45100.5486280653,46679.81373223195,47074.63000827363,47601.05170966252,48390.68426174585,49750.6069903338,55628.98265584305,56569.021408323206,56945.03690931527,56506.35215815786,55497.377230495826,53654.90127563472,45038.77320085922,45975.09419743292,47145.21851152402,47885.07645167134,48592.146297716376,49557.84056606765,52246.25277966943,52529.815639650464,52639.40834873393,52631.95794158048,52547.40774328689,52245.65434502039
2022-01-07,43784.49437459308,45100.548628065306,46416.60288153752,46811.41915757918,47513.314759431036,48960.97443825048,54970.955529106934,55967.396606735914,56583.12198961041,56330.8782576949,55471.05614542638,53567.16432540324,43753.606660990044,44806.2095053289,46105.934424767765,46900.23348248035,47650.037655163214,48671.665510449304,51615.426136662005,51970.85012505903,52143.262381369204,52190.06144382318,52152.14160849148,51925.03289677594
2022-01-20,42468.44012112086,43784.49437459308,45758.57575480141,46021.78660549585,46635.945257116226,47908.131035472696,54225.191452139356,55290.568704950194,56155.40435723194,56096.91305707761,55392.092890218046,53479.42737517176,42452.99626431934,43588.268292768815,45005.14585651907,45855.17027978367,46650.398918622515,47731.75555509922,50940.39126070065,51369.824121747806,51607.12085504918,51710.15791571904,51720.765528612814,51571.77056048153
2022-01-21,41152.38586764864,42468.44012112085,44607.02828301322,45232.15405341252,45758.575754801415,46943.0245829264,53391.69042494028,54651.34235326369,55661.88401217986,55804.45655630602,55260.48746487083,53391.69042494028,41144.66393924788,42337.622733238015,43856.52046933182,44760.83597694599,45602.080871784645,46744.827562483864,50224.00029601095,50729.07432531066,51032.93478283134,51193.89987522395,51254.69568812184,51186.93801442703
2022-01-21,39836.33161417642,41152.38586764864,43126.46724785697,44442.52150132919,44881.2062524866,45977.91813038011,52470.45244750973,54012.116001577175,55102.560954454166,55453.50875538009,55076.23986938472,53238.150762035184,39832.47064997604,41065.17427572674,42670.68866741458,43626.18895581112,44512.57263931073,45716.7587872614,49468.921377482715,50050.80761464842,50422.560005091065,50642.86798738788,50755.29272411159,50771.570793403946
2022-01-21,38520.2773607042,39836.33161417643,41810.41299438475,43258.072673204195,44003.83675017178,45012.811677833815,51461.47751984769,53372.889649890676,54477.435184054855,55044.06965429985,54839.35010375971,53106.54533668797,38518.34687860402,39778.190552895154,41455.91854292956,42458.55880152401,43388.21117283708,44652.691827257724,48677.650502244556,49337.108264041046,49777.76183223328,50058.574188805054,50223.86390554562,50326.67044374856
2022-01-22,37204.223107231985,38520.2773607042,40494.35874091253,41810.41299438475,43126.46724785696,44047.70522528752,50496.37106730139,52620.85864790655,53786.50670098195,54576.13925306528,54549.81816799583,52974.93991134074,37203.25786618189,38481.51665318336,40218.64083422517,41263.94244738505,42234.35850836365,43557.126455570484,47852.52263532982,48589.94475454528,49100.21946091608,49442.46467618145,49661.66522697126,49853.205640325796
2022-02-01,37204.223107231985,37993.85565931532,39671.8248324924,40889.1750169542,42249.09774554216,43345.80962343568,49662.87004010232,51906.429196021636,53128.47957424583,54137.45450190787,54286.60731730138,52909.13719866714,37861.76761344305,38494.436889023644,39841.22672899829,40765.094249806716,41662.961408723735,42927.5203187122,47250.442282317614,48030.5186404825,48584.12381831866,48967.58333001652,49224.737184620826,49481.580085793736
2022-02-04,38081.592609546795,37993.85565931532,39178.30448744031,40231.14789021809,41371.72824322734,42819.387922046786,48917.10596313474,51191.999744136716,52569.15651652015,53698.769750750456,54023.39646660695,52887.20296110926,38849.04961380974,38941.73513074124,39840.138925704545,40596.228316055756,41381.94144033184,42541.12173064524,46772.11255234341,47575.28591436698,48157.401534819204,48570.56947758187,48856.55561573762,49165.29786805441
2022-02-04,39836.33161417642,38520.2773607042,39013.79770575628,39836.33161417642,40823.37230428059,42468.44012112087,48259.07883639863,50477.57029225179,52075.63617146806,53260.084999593055,53760.1856159125,52843.33448599352,40000.71774072919,39678.618709710376,40131.74935724768,40697.34787089083,41346.62519838057,42367.52974777067,46409.54953372759,47218.45804993905,47815.692910723265,48248.037495473785,48554.42437264973,48902.543634568676
2022-02-07,41152.38586764864,39573.12076348198,39178.30448744031,39704.7261888292,40494.35874091254,42029.75536996345,47688.788659893995,49763.14084036687,51647.91853908959,52821.400248435646,53496.97476521806,52865.268723551395,41234.578930925025,40608.559180180535,40651.013971441724,41019.36464365992,41519.21210957138,42380.14354443945,46155.28440593804,46954.568106296014,47554.85091711943,47996.74896892068,48315.75305682287,48691.56161179421
2022-02-07,42468.44012112086,41152.38586764864,39671.8248324924,39836.33161417642,40384.687553123185,41591.07061880605,47206.23543362085,49161.51603877958,51187.299550374315,52382.715497278245,53233.76391452361,52865.26872355139,42509.53665275905,41667.204244984714,41347.34294991981,41522.115503829584,41867.71707342087,42555.68739820866,46002.330207893814,46778.452861974816,47370.9308214439,47813.60629072562,48138.05287038778,48530.65364773887
2022-02-17,42468.44012112086,41678.807569037526,40000.83839586045,39836.33161417642,40165.34517754448,41152.38586764864,46679.81373223196,48522.28968709307,50627.97649264862,51856.293795889345,52891.58980862084,52799.466010877775,41830.96126020385,41495.59811920602,41304.01915385955,41454.89193361486,41757.66611868668,42380.27470688866,45689.43056830551,46465.893522487524,47067.58675045733,47523.98623548688,47864.09956432235,48288.713395795705
2022-02-20,41591.07061880605,41678.807569037526,40329.8519592285,39836.33161417642,39946.00280196577,40713.70111649123,46021.78660549586,47883.06333540656,50002.85072224931,51359.117744577634,52496.773532579165,52689.794823088436,40833.64643719014,40942.50928419615,40977.86636726331,41160.60823917151,41462.07619491586,42062.281820299635,45311.811275598026,46097.584458553996,46714.84213875219,47189.738421865346,47549.278973452514,48011.55306898023
2022-02-20,39836.33161417642,41152.38586764864,40658.86552259656,39836.33161417642,39726.660426387076,40275.01636533383,45407.627953875475,47243.83698372006,49311.9222391764,50861.9416932659,52049.31508639861,52536.25516018333,39676.96189894717,40135.09864303217,40431.735476916845,40680.54807945018,41009.491758883305,41619.53126285021,44873.647791416675,45676.622878605645,46315.106777064095,46812.80321747308,47195.19382068477,47700.32780046698
2022-02-21,38520.2773607042,40099.542464870865,40494.35874091253,39836.33161417642,39507.31805080837,39836.33161417642,44793.46930225511,46604.61063203355,48555.19104342988,50364.76564195417,51549.214470079176,52338.8470221625,38440.592503089574,39158.14013109878,39714.51050587577,40048.48899359233,40424.065812475405,41067.61774339794,44378.846192760306,45205.933923732555,45870.67290437604,46395.03662290174,46803.38396901222,47356.15482038141
2022-02-28,38520.2773607042,39309.90991278753,40494.35874091253,40231.14789021809,39616.98923859772,39660.85771371346,44310.916075981964,46078.18893064466,47930.065273030574,49867.58959064245,51075.43493882918,52163.37312169954,39138.462058633,39384.203958791324,39741.58186327592,40009.91492460762,40333.64516658325,40913.70697724525,44085.78073268191,44907.6226372142,45576.31446319945,46109.87407177184,46530.16148703297,47109.57663069673
2022-02-28,39397.646863019014,39309.90991278753,40494.35874091253,40494.35874091253,39946.00280196578,39660.85771371346,43784.49437459307,45626.97032945419,47370.742215304876,49370.41353933072,50601.65540757918,51987.89922123658,40145.42396314082,39973.59792841043,40055.09386424764,40217.63691425144,40459.60527443947,40943.54183854567,43896.52944901559,44698.99834112981,45360.51283854161,45894.330048052,46319.26480831881,46914.238512246724
2022-02-28,41152.38586764864,39836.33161417643,40494.35874091253,40757.569591606974,40494.35874091254,39836.331614176415,43389.67809855142,45138.150178164506,46877.22187025279,48873.23748801899,50206.839131537505,51812.42532077362,41306.93204213084,40805.211992647244,40591.393032441694,40626.87386095497,40768.656789313536,41134.15412386758,43804.39465273333,44575.07842256673,45219.43597774805,45745.37761253878,46168.249655740234,46768.45991373207
2022-03-01,42468.44012112086,40889.17501695421,40494.35874091253,41020.78044230142,40933.04349206993,40187.27941510235,43082.59877274123,44762.13467717244,46449.504237874324,48376.06143670727,49864.66502563473,51636.95142031065,42545.71320836196,41798.30611996252,41300.97110847534,41200.98668161644,41232.63180243346,41465.44665520827,43803.11076380888,44531.15708072645,45149.43875894533,45660.121436585425,46074.76761733784,46670.61542415322
2022-03-04,42468.44012112086,41678.807569037526,40494.35874091253,40889.1750169542,41042.71467985929,40450.49026579679,42731.6509718153,44348.51762608117,45988.885249159044,47791.148435164054,49496.169834662505,51395.67480717409,41849.0495380053,41582.99936919123,41267.952166069415,41192.15016998594,41220.28627400503,41426.314056763316,43632.096252861695,44343.447545309544,44954.46039046282,45464.132091419044,45881.73018367729,46489.67277634084
2022-03-04,41591.07061880605,41678.807569037526,40494.35874091253,40494.35874091253,40933.04349206994,40713.70111649123,42380.70317088938,43934.9005749899,45528.26626044377,47235.48108369801,49048.711388481956,51110.52971892177,40842.69057609086,41000.776784186295,40949.814265648754,40945.6377052933,41007.37017249294,41227.56625143995,43387.208209623386,44093.05218609599,44704.79535449327,45219.444108433985,45644.6523608386,46271.51051500865
2022-03-06,39836.33161417642,41152.38586764864,40494.35874091253,40231.14789021809,40604.029928701886,40713.70111649123,42029.75536996346,43408.478873601016,45067.64727172849,46679.81373223196,48548.61077216251,50781.51615555371,39681.48396839753,40173.943643025596,40409.91717566108,40504.663097186196,40624.74050914082,40889.15514009798,43073.21266854514,43783.45354999603,44403.111299790115,44928.17484384693,45365.261291185416,46017.34926776796
2022-03-09,39836.33161417642,40889.17501695419,40987.87908596461,40362.75331556531,40384.687553123185,40801.438066722716,41810.41299438475,43032.46337260896,44607.02828301322,46211.88333099739,48074.83124091251,50474.43682974353,40416.934918023086,40500.09105123328,40574.910218324985,40622.430873633915,40705.91671814203,40922.05898104181,42949.28835790964,43637.28310773102,44244.539202430766,44764.00948839929,45200.04832294191,45857.8286393909
2022-03-13,39397.646863019014,39836.331614176415,40823.372304280594,40362.75331556531,40165.34517754448,40625.96416625976,41547.20214369031,42618.84632151768,44146.40929429794,45714.70727968567,47522.08845445418,50101.554791259725,39468.60613936365,39840.15315439025,40118.3251388537,40240.221144010335,40369.66450930544,40621.836278499606,42663.5457109868,43353.00498226256,43965.306707990916,44492.54189766972,44938.09321884559,45617.23330192456
2022-03-18,40275.01636533383,39836.331614176415,40823.372304280594,40757.56959160698,40275.01636533383,40538.227216028274,41283.99129299587,42318.03392072404,43784.49437459308,45305.26817860542,46995.6667530653,49750.6069903338,40310.496003506145,40277.564058809716,40348.11641191925,40406.069275580936,40490.083179819776,40688.15497714323,42566.05152692583,43230.74835324421,43828.09095932592,44347.317222783466,44789.63230922751,45470.83315790985
2022-03-23,40713.70111649123,40362.753315565315,40823.37230428059,41020.78044230142,40604.02992870188,40450.49026579679,41020.78044230142,42092.4246201288,43488.38216756183,44954.3203776795,46548.208306884735,49399.659189407874,41389.46806231351,41007.856079580095,40819.299458408495,40781.04579295183,40794.4457861738,40910.690620140434,42559.75401683644,43188.397892128654,43761.76648317382,44265.62664516686,44698.60410550631,45372.38642993781
2022-03-24,42468.44012112086,41415.59671834309,40823.37230428059,41283.99129299586,41152.38586764864,40625.96416625975,40889.17501695419,41942.01841973197,43159.368604193776,44661.86387690789,46153.392030843075,49048.71138848196,42586.98121845329,41933.40217791776,41478.23166200507,41327.12735325024,41254.45326131523,41269.91608944702,42638.76952422808,43221.51436616487,43762.87516151987,44244.70778494212,44662.75626435408,45320.32050153351
2022-03-27,43784.49437459308,42205.22927042642,41316.89264933267,41547.20214369031,41591.07061880605,40976.91196718568,40845.30654183845,41866.81531953356,42929.05910983613,44340.16172605912,45811.2179249403,48763.56630022964,43843.764923259296,42989.11766130027,42283.19098779624,42013.20394867116,41846.16024081525,41748.745156774305,42797.593983366765,43325.90516679342,43828.12756581822,44281.918368427156,44679.924776734384,45313.11434508766
2022-03-27,45100.5486280653,43784.49437459308,42139.42655775281,41810.41299438475,42029.75536996345,41503.33366857457,40889.17501695419,41866.81531953356,42764.55232815211,44106.19652544184,45521.68598917641,48522.28968709307,45130.18390239841,44131.61273471268,43201.726964183195,42813.82193646504,42549.30526246483,42332.22737236971,43031.078429546826,43497.61060828514,43954.39472815751,44374.73100588,44748.03050322999,45349.296828515755
2022-04-06,45100.5486280653,44310.916075981964,42797.45368448891,42073.6238450792,42139.426557752806,41942.018419731976,40889.1750169542,41716.40911913674,42567.14419013127,43842.9856747474,45205.83296834308,48259.07883639863,44457.33913849574,44015.90661467282,43331.23083316317,42990.307834306506,42739.33435663841,42513.76074764763,43079.68591009378,43513.54859643267,43946.1069014267,44349.06847295088,44710.244398073904,45297.98835805669
2022-04-08,44223.17912575049,44310.916075981964,42961.96046617294,42336.834695773636,42029.75536996345,42117.49232019494,40889.1750169542,41490.7998185415,42369.73605211045,43579.774824052955,44889.979947509746,47930.06527303057,43462.8896298083,43500.084450155504,43139.499563820435,42895.42279554548,42697.65832040494,42508.09566933179,43040.25069773395,43455.48701058159,43874.025556967266,44267.301807401505,44622.32966743127,45205.21021239335
2022-04-11,42468.44012112086,43784.49437459308,43290.974029541,42600.04554646808,42029.75536996345,42117.49232019494,40889.1750169542,41302.79206804547,42172.32791408961,43228.827023127036,44574.126926676414,47557.18323454678,42307.63774872847,42717.51825598655,42697.91874244893,42578.506990473325,42459.92409690397,42338.6319441214,42918.452966275225,43327.53693899061,43741.26257853653,44131.870338216766,44486.25219461889,45072.32231334348
2022-04-11,41152.38586764864,42731.6509718153,43126.46724785697,42468.44012112086,42029.75536996345,41942.018419731976,40889.1750169542,41114.784317549434,41974.91977606878,42907.12487227827,44179.31065063475,47140.43272094723,41071.98468145245,41757.12270871651,42062.01049172171,42079.929649328435,42056.29448417665,42025.844402878276,42719.60642668869,43133.5810760232,43550.77805014235,43945.10733470929,44303.90076451517,44900.63997529458
2022-04-26,39836.33161417642,41152.38586764864,42632.94690280489,42468.44012112086,42029.75536996345,41591.07061880605,40889.1750169542,40926.7765670534,41777.511638047945,42585.4227214295,43810.815459662525,46679.81373223196,39796.13102107833,40678.17425937908,41274.95868482894,41432.72014230584,41512.291849796275,41587.64852260652,42448.68196987369,42877.28641070932,43305.38766096445,43709.244617982724,44077.090087440505,44691.435369121355
2022-05-05,38520.2773607042,39836.33161417643,41810.41299438475,42073.62384507919,41700.741806595404,41327.8597681116,40889.1750169542,40738.76881655737,41481.39943101669,42263.720570580736,43442.320268690295,46175.32626840095,38500.177064155156,39520.190541996715,40370.35077869629,40663.90249956514,40849.51204324792,41039.72034568471,42110.329784083035,42562.11621038567,43007.76974905465,43426.416971881335,43807.56370442125,44445.9389380137
2022-05-07,37204.223107231985,38520.2773607042,40658.86552259656,41415.596718343084,41481.399431016696,41064.64891741716,40889.1750169542,40550.761066061335,41119.48451131184,41942.018419731976,43073.82507771808,45692.7730421278,37194.17295895746,38309.516645917734,39374.31035093262,39795.587291236894,40086.22847563436,40395.77640919409,41708.90004541741,42191.34133857699,42660.472001436894,43098.6663621453,43496.99677849147,44165.34076679792
2022-05-08,35888.168853759766,37204.22310723198,39178.30448744031,40494.35874091253,40933.04349206994,40801.438066722716,40757.569591606974,40362.75331556531,40790.47094794379,41620.31626888321,42626.36663153753,45210.21981585465,35883.14377962251,37063.715964041,38307.155739678165,38845.86498379156,39237.903264042536,39667.81868308077,41248.462273449004,41768.0509441051,42265.91782736881,42727.94597211164,43146.998776504006,43850.79190628168
2022-05-09,34572.11460028755,35888.168853759766,37862.250233968094,39309.90991278754,40165.34517754448,40275.016365333824,40538.227216028274,40174.74556506927,40461.457384575726,41298.61411803444,42205.22927042642,44727.6665895815,34569.60206321892,35794.497424965775,37184.69009681976,37829.5368679777,38317.619738315276,38866.348891047586,40732.82343809514,41295.16255635764,41826.41242070833,42316.12406293833,42759.116045746705,43503.40565410257
2022-05-09,33256.06034681533,34572.11460028755,36546.195980495875,37862.250233968094,39178.30448744031,39836.33161417642,40231.14789021808,39986.73781457325,40132.44382120767,40976.911967185675,41784.0919093153,44245.11336330836,33254.80407828101,34509.666981091555,36019.20476271384,36758.71309077141,37336.44840831956,38000.55604133452,40165.54489830636,40775.43161970762,41344.14852655153,41864.98766598194,42334.83428949118,43124.25879351144
2022-05-09,31940.006093343105,33256.06034681533,35230.141727023656,36546.195980495875,37971.92142175744,39134.43601232457,39836.33161417642,39798.730064077216,39803.43025783962,40567.47286610543,41362.954548204194,43762.56013703521,31939.377959075948,33214.42860068466,34820.259668748746,35643.301954244045,36303.75662855822,37078.48051615157,39549.95824793589,40211.46049824234,40821.2119265677,41376.24611462738,41875.58094543937,42714.39279147421
2022-05-11,30623.95183987088,31940.0060933431,33914.08747355144,35230.141727023656,36546.195980495875,38257.06651000976,39353.77838790328,39610.72231358119,39474.41669447156,40099.542464870865,40941.81718709309,43280.00691076206,30623.637772737304,31912.25159592266,33595.2903171154,34491.41025099943,35227.470622072135,36107.15764993245,38889.1801392948,39605.7069802289,40259.58665675425,40851.534422551,41382.72747087764,42274.814957430346
2022-06-12,29307.89758639866,30623.951839870882,32598.033220079215,33914.08747355144,35230.14172702365,37204.223107231985,38915.09363674586,39309.90991278753,39145.40313110351,39660.857713713456,40520.67982598198,42797.45368448891,29307.74055283187,30605.448841590583,32350.07987618453,33309.6708113498,34114.297192972794,35092.7433603067,38186.12615034876,38960.492310108755,39661.159970664165,40292.41651509459,40857.591538198336,41806.49956400203
2022-06-13,27991.843332926437,29307.89758639866,31281.978966606992,32598.03322007921,33914.08747355143,35975.90580399124,38476.408885588455,38933.89441179547,38816.38956773545,39222.172962556055,40099.542464870865,42249.09774554216,27991.76481614304,29295.562254211793,31089.126365800017,32103.510496459694,32969.91132935455,34040.62407520013,37443.52375725686,38278.00877426994,39027.72706052252,39700.38832013753,40301.439144305434,41310.388930905276
2022-06-13,26675.789079454215,27991.843332926434,29965.92471313477,31281.978966606992,32598.033220079207,34572.11460028754,38037.72413443106,38482.675810605,38487.3760043674,38783.488211398646,39678.40510375975,41722.676044153275,26675.749821062516,27983.61977813519,29815.928245840456,30877.369465463747,31799.11494422031,32955.51291904786,36663.92446997232,37560.326865386916,38360.995548042345,39076.88072457633,39715.486637282644,40787.39447327303
2022-06-13,25359.734825981996,26675.789079454215,28649.870459662547,29965.924713134773,31281.97896660699,33256.06034681532,37599.03938327365,37956.25410921611,38158.36244099934,38344.80346024124,39178.30448744031,41196.25434276438,25359.715196786143,26670.306709593384,28533.20654065586,29634.880575835752,30605.97119472638,31841.533875730598,35849.7151849013,36809.4020487412,37662.58975617441,38423.26240225559,39100.90266356986,40238.39771556033
2022-06-13,24043.680572509766,25359.734825981992,27333.816206190328,28649.870459662554,29965.92471313477,31940.0060933431,37028.74920676902,37354.629307628806,37829.34887763129,37906.118709083836,38625.561700981976,40669.83264137549,24043.670757911845,25356.079912741436,27243.07760251846,28379.016165508805,29393.918136928096,30702.295431143968,35003.12880513198,36027.08115263488,36934.05477247718,37740.8425189397,38458.81003876638,39664.25127216317
2022-06-16,22727.626319037547,24043.680572509773,26017.7619527181,27333.81620619032,28649.87045966255,30623.95183987088,36370.72208003291,36790.606056140714,37401.631245252815,37467.43395792642,38099.139999593084,40077.608227312994,22727.621411738583,24041.243963682733,25947.187483195547,27112.20814733726,28165.864895179977,29540.95501044664,34126.25417548752,35215.108403780876,36176.860314271944,37030.87331967204,37790.287545056985,39065.779795845236
2022-06-18,21411.572065565324,22727.626319037547,24701.70769924588,26017.7619527181,27333.816206190324,29307.897586398656,35624.958003065316,36226.582804652615,36908.11090020073,37028.74920676902,37572.71829820421,39507.31805080837,21411.569611915842,22726.001913152857,24646.81644517278,25836.44626820196,26924.273036243536,28360.275360652446,33221.04537660792,34375.131127393426,35392.404405252455,36294.55260363561,37096.37165813945,38443.78089503068
2022-07-19,21411.572065565324,22201.204617648655,23879.173790825742,25096.52397528755,26346.77551608616,28255.054183620883,34923.062401213465,35775.36420346214,36447.49191148546,36677.80140584309,37125.25985202365,39002.83058697735,22069.597965476692,22726.543381781084,24220.329750476063,25271.206277444795,26278.635079750304,27656.194230450583,32544.050597831738,33728.04751143676,34774.61021951647,35704.68554508833,36532.88883640192,37928.47862998105
2022-08-12,22288.94156788014,22201.20461764866,23385.653445773656,24438.496848551436,25579.077201560696,27377.684681306066,34352.77222470884,35399.34870247008,35986.87292277018,36385.34490507149,36730.44357598198,38542.211598262074,23056.639268993233,23165.58911202398,24181.07437759467,25048.01978563843,25934.795924790218,27204.630023207978,31995.639627798035,33190.02711377517,34251.150129742826,35197.684754745256,36043.11378170837,37473.223533824756
2022-08-19,22727.626319037547,21937.993766954212,22727.626319037547,23648.864296468102,24701.707699245886,26412.57822875977,33738.61357308846,34872.92700108119,35427.549865044486,36063.642754222725,36309.30621487087,38059.658371988924,22234.105667279277,22580.916763204426,23565.62941936593,24386.84747289786,25238.91533106331,26480.497778502646,31312.796558500344,32535.66848601148,33624.829126791046,34598.287901603595,35469.325376464425,36946.59431499154
2022-08-27,21850.256816722733,21674.78291625977,22069.599192301437,22859.231744384768,23824.33819693107,25447.471776213475,33124.454921468096,34271.30219949389,34901.128163655594,35654.203653142475,35888.16885375976,37577.105145715774,21164.81173968619,21752.450446167317,22794.49350663864,23606.605716387905,24447.62340506789,25682.375282701454,30589.101154746335,31844.548990187788,32964.86259914133,33967.732027001264,34866.42848319398,36394.08204712819
2022-09-21,20095.5178120931,21411.572065565324,21411.572065565328,22069.599192301434,22946.96869461625,24482.365323667178,32378.690844500503,33594.47429770817,34374.70646226671,35186.27325190791,35467.03149264865,37094.55191944263,19972.137649153534,20761.454816985173,21902.264629301357,22728.943505884807,23575.598813306813,24819.511317191384,29827.189051021993,31118.710896830016,32272.891792506914,33307.37187392434,34235.56462135192,35816.53541760796
2022-11-09,18779.46355862088,20358.728662787547,20753.54493882921,21279.966640218103,22069.599192301434,23517.25887112088,31676.79524264865,32842.44329572405,33848.28476087782,34659.851550519015,35045.894131537534,36611.99869316947,18717.773477151095,19662.10631303967,20915.8523350452,21771.573651205505,22635.261965897866,23899.99856568604,29029.525840877737,30360.08301697744,31550.477891748615,32618.50328312926,33577.83054381975,35214.77528242936
2022-11-09,17463.409305148656,18779.463558620882,20095.5178120931,20490.33408813477,21192.22968998662,22552.152418574588,30843.29421544958,32128.013843839122,33321.863059488926,34074.93854897581,34624.75677042643,36063.642754222725,17432.564264413762,18490.522559251924,19856.186272074367,20748.988451291127,21637.12244063303,22930.918126434837,28198.418047311512,29570.487005489154,30799.105926291802,31902.365754144874,32894.279992555224,34589.59557912818
2023-01-12,17463.409305148656,18253.04185723199,19931.011030409074,20095.5178120931,20643.87375103986,21850.256816722733,30053.661663366245,31526.38904225183,32795.44135810003,33519.271197509755,34282.582664523645,35537.22105283383,18106.013911517322,18586.836225708244,19616.914557973592,20390.893016260172,21197.482612631164,22411.986305458093,27590.743563681448,28970.985693265146,30212.78181958109,31331.804294260557,32340.75584004628,34071.21585097997
2023-01-14,18340.77880746347,18253.04185723199,19601.99746704102,19963.912386745877,20314.860187671806,21323.835115333844,29264.02911128291,30999.96734086294,32269.019656711152,33051.340796275195,33914.08747355142,35076.60206411856,19100.765861805212,19089.73008783653,19723.270836666816,20337.188433684343,21027.949566394538,22122.42774378747,27107.180611602245,28477.90413683823,29719.256674965385,30843.26969408853,31860.54881063869,33612.98363732314
2023-01-20,20095.517812093105,18779.46355862088,19272.983903672965,20095.5178120931,20205.18899988245,20972.887314407915,28474.396559199577,30435.944089374843,31742.597955322264,32641.901695194945,33545.59228257921,34659.85155051902,20256.168963685268,19863.67741374613,20098.448887533155,20532.53091220816,21086.96841242081,22033.570784009702,26739.721995470267,28085.330127259498,29314.003711670553,30433.195558740907,31450.78369139462,33212.92671167546
2023-01-21,21411.572065565324,19832.306961398655,19437.490685356992,20095.5178120931,20314.860187671806,20797.413413944952,27684.764007116246,29984.725488184366,31216.176253933372,32290.95389426902,33177.09709160698,34286.969512035226,21491.897641361407,20818.327048843268,20682.710538978576,20931.639167995323,21339.37732113108,22120.327725888183,26480.87711294934,27787.67991166787,28992.716967722077,30098.170554890537,31108.69802552488,32869.13752339992
2023-02-15,22727.626319037547,21411.57206556532,19931.011030409074,20095.5178120931,20643.87375103986,20797.413413944952,27026.736880380136,29495.905336894684,30788.458621554902,31998.497393497415,32808.60190063476,33957.95594866717,22767.78910693559,21893.444890065435,21429.592768652175,21497.464877907038,21755.42397518934,22360.746831715882,26323.638626372514,27579.679945725704,28751.30052827375,29834.931668882415,30831.63769036107,32579.771076325276
2023-03-09,22727.626319037547,21937.993766954212,20260.024593777132,20095.5178120931,20534.20256325051,20709.67646371347,26324.841278528285,28894.28053530738,30327.839632839623,31589.058292417165,32361.143454454206,33607.00814774124,22089.680586250455,21732.820615232064,21425.588167966212,21481.848002935818,21702.523681401028,22242.099985947065,26006.731106137835,27237.007281584833,28393.26495129066,29468.698388312037,30462.222292444978,32213.591801026643
2023-03-13,23166.31107019495,22727.626319037547,21082.55850219727,20490.33408813477,20534.20256325051,20885.150364176432,25754.551102023655,28330.257283819286,29965.92471313476,31208.864841414084,32018.969348551425,33321.863059488926,23066.68057938011,22503.107267657964,22007.386480087007,21947.635742858354,22062.701664648528,22467.297559267405,25880.082684545174,27059.600240171436,28181.090079747602,29232.827891810797,30210.51408029227,31945.719621413085
2023-03-17,23604.99582135236,23517.25887112088,22234.105973985465,21148.361214870878,20863.216126618565,21236.09816510236,25271.997875750512,27766.234032331195,29571.1084370931,30828.671390410993,31729.437412787534,33080.586446352354,24213.20770268105,23455.316453765972,22752.352779174784,22568.017394335377,22569.937535622907,22828.852217606727,25846.511854943525,26965.163271700752,28043.462979514723,29064.432434124617,30020.286939150137,31729.780830189058
2023-03-17,25359.73482598199,24306.891423204215,23221.14666408963,22069.599192301437,21411.572065565324,21499.309015796804,24877.18159970884,27202.210780843103,29274.996230061846,30448.47793940791,31492.54764716254,32883.17830833152,25444.49839106763,24528.807328995386,23624.227512570218,23314.884973447894,23201.607003904646,23309.71932533766,25900.013611388807,26949.086927523753,27976.747172741125,28960.578312106372,29889.12982665643,31564.072572808313
2023-03-19,26675.789079454215,25096.52397528755,24208.187354193797,23254.048020426435,22179.270380090788,21762.51986649125,24570.102273898658,26750.99217965262,28945.982666693795,30156.021438636304,31308.30005167643,32729.638645426425,26718.170861997034,25683.152663639066,24594.808805982713,24165.24103880763,23938.566439138773,23894.98482628626,26034.970367676597,27007.01783949078,27977.483570870034,28918.459375482427,29814.726252875575,31446.94783483845
2023-04-10,27991.843332926437,26675.789079454215,25195.22804429796,24306.89142320421,23166.31107019495,22288.941567880138,24350.759898319953,26374.97667866056,28616.969103325733,29922.05623801902,31097.73137112087,32619.967457637074,28013.034224197847,26891.400971225597,25642.161868297368,25100.269502006002,24764.617384871068,24571.598921300312,26246.126962520026,27134.844493254965,28042.381821489278,28935.391481024664,29794.8505722178,31376.813610534515
2023-05-24,27991.843332926437,27202.210780843103,25688.748389350047,24964.918549940325,24043.68057250977,22727.626319037543,24087.549047625507,25961.359627569294,28189.251470947267,29658.845387324578,30808.199435356986,32422.559319616244,27344.41165182603,26819.530340635134,25871.856804110004,25386.72760699659,25058.64379942232,24834.622691069548,26273.84709910713,27109.341414492243,27975.718755079437,28837.147846092554,29672.53415925022,31222.678620549796
2023-06-14,27114.47383061162,27202.210780843103,25853.255171034074,25359.734825981992,24592.036511456532,23166.31107019495,23824.338196931065,25547.742576478024,27695.731125895185,29307.897586398656,30466.025329454205,32181.28270647967,26352.073238904013,26332.931835750755,25758.051920081558,25381.819828630298,25104.965495816115,24900.2617079336,26214.87211372291,27012.14104767834,27848.1097723259,28685.955898731405,29503.40440697088,31030.44729032481
2023-06-20,26675.789079454215,27465.421631537545,26675.789079454215,25886.15652737088,25250.06363819264,23868.206672046806,23692.732771583844,25246.930175684374,27235.11213717991,29073.932385781372,30150.172308620877,31961.940330900965,27171.958285915225,26885.902334809314,26254.450011824865,25856.369556684138,25549.100547679245,25286.709411057705,26329.5154182264,27066.568952829784,27855.121166080055,28655.777076836053,29444.127378637655,30930.819093960647
2023-06-21,27553.158581769025,27728.63248223199,27333.816206190324,26412.578228759772,25908.090764928755,24745.57617436162,23648.864296468102,25021.32087508913,26873.197217475048,28810.721535086923,29913.282542995872,31742.59795532226,28239.927936156942,27693.234085339096,26932.993917285712,26483.920107541326,26127.37701517454,25789.357932975327,26521.66910655633,27191.087211147904,27925.988313862214,28684.130155667244,29438.7850231527,30877.607603700384
2023-06-23,29307.89758639866,27991.84333292644,27991.843332926437,27333.816206190328,26566.11789166486,25535.20872644496,23692.732771583844,24870.914674692307,26577.085010443796,28547.51068439248,29729.034947509765,31523.255579743556,29431.939888013912,28670.140003516357,27753.206788971307,27236.653149783062,26819.15775743552,26393.68217133727,26786.33250878393,27381.801914042077,28057.596300151974,28768.470266445922,29485.262242584064,30869.290877813906
2023-08-17,29307.89758639866,28255.05418362088,28156.350114610468,27728.63248223199,26895.131455032915,26061.630427833843,23692.732771583844,24682.90692419628,26248.07144707574,28196.56288346656,29518.466266954212,31303.91320416485,28711.891610470175,28444.04111331972,27806.23713207245,27373.96045580913,26999.57092289566,26593.452316535917,26864.10740068561,27415.69310419802,28054.388838117917,28734.70386365121,29426.696686955653,30774.94676125571
2023-08-17,28430.528084083842,28518.26503431533,27991.843332926437,27860.237907579216,27333.816206190324,26412.57822875977,23692.732771583844,24494.899173700243,25919.057883707683,27787.12378238631,29228.93433119032,31084.570828586155,27693.840344962195,27854.623768697886,27555.026453712842,27247.02020556278,26949.758331596975,26603.7444119007,26851.957831570762,27374.587324795957,27987.140065051382,28645.185793088327,29318.81776577528,30640.545979823994
2023-09-11,26675.789079454215,27991.84333292644,27498.322987874355,27728.63248223199,27443.487393979678,26588.052129222735,23692.732771583844,24306.891423204215,25590.04432033963,27319.193381151745,28965.723480495875,30865.22845300745,26526.78758547209,27022.994121125917,27067.183869772653,26903.877409275363,26705.13933073313,26448.243213660862,26755.685379573984,27262.65107421984,27858.973947940205,28502.3400432047,29163.559346511818,30467.401927989602
2023-10-16,26675.789079454215,27728.63248223199,27662.829769558382,27728.632482231995,27662.829769558386,26851.262979917177,23824.338196931065,24231.6883230058,25359.734825981992,26968.245580225816,28702.51262980143,30711.688790102355,27259.315459199264,27345.94385839276,27272.663750473494,27101.68939539374,26903.093792609023,26641.19322856906,26835.43750561479,27303.161755478537,27865.45538173362,28480.14452578944,29117.609623635155,30386.234847050804
2023-10-20,27553.158581769025,27465.421631537545,28156.350114610465,27728.63248223199,27882.172145137083,27377.68468130607,24043.68057250977,24231.6883230058,25195.228044297965,26675.789079454215,28439.30177910699,30536.214889639396,28283.60652279896,27999.928434394726,27724.937936234644,27502.818157394635,27273.0636070382,26974.53127329776,26994.95105924755,27414.53596887721,27935.818420025982,28516.133802124918,29125.071908431615,30350.87901076986
2023-10-23,29307.89758639866,27991.84333292644,28485.36367797852,28123.44875827366,28101.51452071579,27816.369432463474,24350.759898319953,24306.891423204215,25096.523975287546,26441.82387883693,28176.090928412545,30360.740989176433,29453.77918133492,28874.602902886778,28369.16324815381,28070.29700875395,27788.584873627842,27430.708844119403,27229.08014191482,27592.83685146058,28066.946886476828,28607.778095887657,29183.85160248679,30359.832344729948
2023-10-23,30623.951839870886,29044.686735704214,28814.377241346578,28781.47588500977,28320.85689629449,28255.054183620883,24745.576174361624,24457.297623601036,25063.62261895074,26266.349978373964,27912.880077718102,30185.26708871347,30696.892637339013,29896.40396637222,29162.6838804181,28773.880478679253,28427.265061276346,27994.371000272364,27533.01084851494,27834.346254889457,28255.876613404842,28752.657621295843,29291.936249385064,30411.642027815644
2023-10-24,31940.00609334311,30623.951839870882,29143.390804714632,29307.89758639866,28869.212835241255,28693.738934778292,25096.523975287546,24682.90692419628,25096.52397528755,26149.367378065326,27649.66922702366,30009.793188250507,31976.47649207717,31016.289426519925,30072.323095173044,29588.822272885813,29170.15664366696,28652.082168590234,27902.23984846934,28135.55259462791,28499.788026725444,28948.457800887485,29447.392313381868,30504.902877008437
2023-10-31,33256.06034681533,31940.0060933431,29965.92471313477,29834.31928778755,29636.911149766715,29132.423685935697,25447.471776213475,24983.71932498993,25195.228044297965,26090.876077911005,27465.421631537545,29900.122000461153,33274.29554618236,32201.564484442468,31072.27676297627,30494.875423322494,30001.227098531665,29392.0862225524,28332.554348656475,28493.139374175604,28795.999092599333,29192.964691223428,29648.36208440828,30638.2557851626
2023-11-09,34572.11460028755,33256.06034681533,31117.472184922965,30360.74098917644,30294.938276502828,29571.108437093106,25930.02500248662,25359.734825981992,25359.734825981992,26090.876077911005,27333.816206190324,29834.31928778754,34581.23219997106,33430.43260754823,32142.47500537261,31475.474228856543,30906.910445489833,30204.096551453324,28820.01334905972,28903.97434684294,29141.95860814749,29484.060607474785,29893.06070445334,30810.386210022803
2023-11-10,35888.168853759766,34572.11460028754,32598.033220079215,31281.978966606992,30952.965403238934,30273.004038944957,26500.315178991248,25810.95342717247,25590.04432033963,26149.367378065326,27254.85295098199,29812.385050229674,35892.72765360153,34688.36277410948,33267.30791689692,32517.064934015714,31875.72777806555,31079.112370925657,29360.930107728298,29365.09927964984,29535.239819448798,29819.719938247512,30179.773310563767,31020.022712802034
2023-12-01,37204.223107231985,35888.168853759766,33914.08747355144,32466.42779473199,31610.992529975047,31150.37354125977,27158.34230572736,26337.375128561354,25886.156527370877,26266.349978373964,27228.531865912544,29768.516575113932,37206.502507152865,35965.66763630772,34434.63445996521,33608.55810250453,32897.96617539457,32009.257994647975,29951.855737031055,29873.72028589688,29973.534350855323,30198.005142372735,30506.852289887433,31265.93554469361
2023-12-03,38520.2773607042,37204.22310723199,35230.141727023656,33914.08747355144,32598.033220079215,31940.006093343098,27904.106382694954,26826.195279851036,26248.07144707574,26441.82387883693,27254.85295098199,29790.4508126718,38521.417060664644,37255.888962263954,35635.01160534548,34740.88055917215,33965.407012130236,32987.64219708903,30589.563858216465,30427.198694815925,30454.646430438945,30617.062919751203,30872.71464236638,31546.93527974444
2023-12-04,39836.33161417642,38520.2773607042,36546.195980495875,35230.141727023656,33804.41628576208,32729.638645426432,28737.607409894026,27315.015431140724,26675.789079454215,26675.78907945421,27333.816206190324,29790.450812671803,39836.90146415665,38554.72126405885,36861.09477474618,35906.608797076966,35071.096066825376,34008.23515590898,31271.036246001,31023.042428462366,30976.487397123816,31075.12054868411,31275.839446857495,31861.871492568327
2023-12-05,41152.38586764864,39836.331614176415,37862.250233968094,36546.195980495875,35230.14172702365,33519.27119750976,29527.23996197736,27916.64023272802,27169.309424506297,26968.245580225816,27465.421631537545,29790.4508126718,41152.67079263875,39859.294216412854,38107.171518385,37099.669037812215,36209.14899825545,35065.76077656046,31993.44939931311,31658.897857669013,31537.070475763932,31570.48238245162,31714.765426624555,32209.631479428113
2023-12-05,42468.44012112086,41152.38586764864,39178.30448744031,37862.250233968094,36546.19598049587,34572.11460028754,30316.87251406069,28593.468134513736,27728.63248223199,27319.193381151745,27649.669227023656,29790.450812671803,42468.58258361592,41167.694269139596,39368.798819764575,38315.091826317825,37374.58674846124,36155.60247631454,32754.161978440832,32332.54211044702,32134.505807095247,32101.526498215244,32188.088610304454,32589.139021263727
2024-01-08,43784.49437459308,42468.44012112087,40494.35874091253,39178.30448744031,37862.250233968094,35800.43190352828,31106.505066144025,29345.499136497863,28353.758252631298,27728.632482231988,27886.558992648657,29790.450812671803,43784.56560584061,42478.64572211483,40642.520999386965,39548.81124481736,38563.19626840033,37273.72074528338,33550.703052685974,33041.8758076979,32766.995720129384,32666.701491621152,32694.460084603248,32999.35318728993
2024-01-08,45100.5486280653,43784.49437459308,41810.41299438475,40494.35874091253,39178.30448744031,37204.223107231985,31896.137618227356,30172.7332386804,28945.98266669379,28196.562883466555,28176.090928412545,29790.450812671803,45100.58424368907,43791.29810858906,41925.650306531534,40797.50063331194,39771.412670421436,38416.581012315146,34380.76110623418,33784.916202497116,33432.83023516254,33264.523410769456,33232.58383512457,33439.26717783274
2024-01-12,45100.5486280653,44310.916075981964,42632.94690280489,41415.596718343084,40165.34517754448,38257.06651000976,32554.16474496347,30962.36579076373,29439.503011745874,28635.247634623964,28439.301779106987,29790.450812671803,44442.53930914107,43789.03019725706,42338.72676610077,41340.590404453964,40388.80985567861,39087.570182599884,34987.4535752111,34340.448324445846,33937.78947543854,33721.913540191905,33646.38462049097,33778.45806049098
2024-01-14,44223.17912575049,44310.916075981964,43126.46724785697,42073.62384507919,40933.04349206994,39134.43601232457,33256.06034681532,31639.193692549452,29965.924713134766,29073.932385781372,28702.51262980143,29790.4508126718,43455.48971513097,43348.83350521166,42367.551956105235,41545.65398930249,40708.75297343895,39510.178924915,35470.09786853321,34792.003425241244,34353.918786172784,34102.19737418003,33992.34788016182,34063.37802836486
2024-01-22,42468.44012112086,43784.49437459308,43290.974029541,42468.44012112086,41481.399431016696,39836.33161417642,33826.35052331995,32240.818494136744,30492.346414523654,29512.617136938778,28965.723480495875,29790.450812671803,42303.937791389806,42616.684292690654,42097.51504755933,41474.15069445633,40777.004187932755,39715.454792756704,35836.69709430932,35145.358006099355,34685.55133502956,34408.72736234089,34273.1339166388,34295.8065058066
2024-01-22,41152.38586764864,42731.6509718153,43126.46724785697,42600.045546468085,41810.41299438475,40362.75331556531,34308.9037495931,32767.240195525635,31018.768115912542,29951.301888096183,29228.93433119032,29790.4508126718,41070.134702783114,41689.90006651924,41595.02984014091,41176.36540713271,40632.28533043178,39730.564395434165,36094.73803109254,35405.967651497085,34936.808915601556,34644.71019541477,34491.29870619954,34477.46457174433
2024-01-29,41152.38586764864,41942.01841973197,43126.46724785697,42863.25639716252,42249.09774554216,40976.911967185675,34835.32545098199,33331.26344701373,31643.893886311846,30389.986639253588,29571.108437093095,29856.253525345415,41769.287411951984,41949.41341805312,41789.12101369201,41411.28808240328,40914.77068284549,40072.798861145,36505.94461757221,35798.327233860284,35304.20556809009,34984.87242058196,34804.12802097109,34739.46586955427
2024-02-07,42029.75536996345,41942.01841973197,43126.46724785697,43126.46724785697,42687.78249669956,41591.07061880605,35361.747152370874,33895.286698501826,32334.82236938476,30828.671390411,29965.924713134766,29965.924713134766,42776.89089327253,42561.107070233105,42232.537316114474,41842.7801355287,41356.26663542204,40536.760800326,36975.5284728919,36242.00318688941,35717.87820170518,35367.46473806805,35156.29950976266,35036.026479680644
2024-02-08,43784.49437459308,42468.44012112087,43126.46724785697,43389.67809855142,43126.46724785697,42205.22927042642,35888.16885375976,34572.11460028754,32992.84949612088,31355.09309179989,30413.38315931532,30119.464376039858,43938.719760668915,43407.587589510505,42869.87316321466,42435.10167962626,41932.31001890562,41107.234278793425,37499.72332164203,36734.144601090746,36175.56945139015,35790.64236051786,35546.270339226576,35366.013286115
2024-02-09,45100.5486280653,43521.283523898644,43126.46724785697,43652.88894924586,43565.15199901438,42819.387922046786,36546.19598049587,35211.34095197405,33650.87662285698,31940.006093343098,30913.483775634766,30316.87251406069,45177.661321103216,44410.59268685285,43658.03532284196,43159.01098906468,42622.2012285413,41770.90535413644,38075.0058739234,37272.058950833045,36675.13206747201,36252.64070880097,35972.55817957231,35728.330326088086
2024-02-10,46416.60288153752,45100.54862806529,43619.98759290905,43916.0997999403,44003.83675017179,43433.546573667154,37291.96005746346,35850.56730366055,34308.90374959309,32583.410395040628,31466.226562093096,30558.149127197263,46455.15922805648,45517.94750290515,44563.50683665703,43990.58301560014,43408.42521415184,42516.12432674561,38698.08014886264,37853.20329524387,37214.52354417774,36751.7719246902,36433.738831853545,36121.91757179692
2024-02-12,47732.65713500974,46416.60288153752,44442.52150132919,44179.31065063474,44442.52150132918,44047.70522528752,37993.85565931532,36489.79365534706,34966.93087632921,33285.30599689248,31992.64826348198,30843.29421544958,47751.93530826922,46694.86879809742,45560.21895928479,44910.24271976047,44276.16154866417,43332.697709462656,39365.862809513754,38475.175967945004,37791.801010174284,37286.421535163354,36928.443948304644,36545.74975208418
2024-02-14,49048.711388481956,47732.657135009744,45594.06897311738,44837.337777370856,44881.2062524866,44661.86387690789,38695.75126116716,37129.02000703356,35624.958003065316,34045.69289889865,32519.069964870872,31172.307778817634,49058.3504751117,47918.16774604967,46627.895999878,45901.97416015933,45212.86987070879,44211.7062010241,40075.46944389509,39135.70872846932,38405.116368350704,37855.045261736,37455.35884207763,36998.835212759506
2024-02-14,50364.765641954174,49048.711388481956,47074.63000827363,45758.57575480141,45319.891003644,45276.02252852826,39397.646863019014,37768.24635872008,36381.689198811844,34776.83415082766,33124.454921468096,31545.189817301427,50369.58518526905,49172.38512917524,47750.76797666653,46952.67338475334,46207.93910528073,45145.34541282439,40824.2017311206,39832.659349709975,39052.71167268422,38456.16596851943,38013.22038287343,37480.214814295236
2024-02-26,51680.81989542639,50364.76564195417,48390.684261745846,46943.0245829264,46087.58931816946,45890.181180148626,40231.14789021808,38520.2773607042,37105.519038221566,35507.975402756674,33782.482048204205,31961.94033090096,51683.229667083826,50447.21480241637,48916.56934827366,48051.61897823429,47252.39065045272,46126.786504833675,41609.53543552276,40564.00461717808,39732.914730625125,39088.37074297226,38600.81497509893,37988.96086567058
2024-02-26,52996.87414889861,51680.81989542639,49706.738515218065,48390.684261745846,47074.63000827362,46504.339831769,41152.38586764864,39347.51146288674,37829.34887763129,36239.116654685684,34493.151345079204,32422.55931961624,52998.07903472733,51735.78600240118,50115.760249184146,49190.03887353185,48338.62722767089,47150.05424202582,42429.109175348094,41327.83371719045,40444.13491999958,39750.308103576346,39216.97661531348,38524.176093178634
2024-02-27,54312.92840237083,52996.87414889862,51022.792768690284,49706.738515218065,48281.0130739565,47118.49848338937,42161.36079531068,40137.144014970065,38553.178717041,36970.257906614694,35256.462812093094,32927.04678344726,54313.53084528519,53033.51822021514,51340.920783997244,50360.75592486116,49460.22037046661,48209.92029375297,43280.71391605307,42122.341992380316,41184.85920996606,40440.68532891849,39860.58502585515,39084.99264304934
2024-02-27,55628.98265584305,54312.92840237083,52338.8470221625,51022.792768690284,49706.73851521806,47995.867985704186,43126.46724785698,40926.7765670534,39277.008556450724,37701.3991585437,36072.416449245866,33475.40272239402,55629.28387730023,54337.35778324851,52586.27992295681,51557.89792203463,50611.73060721256,49301.80987069826,44162.28314145183,42945.8250441241,41953.64837607155,41158.265902899424,40530.563861659466,39670.57111677944
2024-02-28,56945.03690931527,55628.98265584304,53654.90127563472,52338.8470221625,51022.79276869028,49048.71138848195,44091.57370040326,41716.40911913673,40000.838395860446,38520.277360704196,36862.0490013292,34067.62713645652,56945.18752004386,55645.26890976151,53847.34908736363,52776.66032944424,51788.55530807024,50421.72003220941,45071.883658983425,43796.67316261118,42749.133399939245,41901.86707102106,41225.87898739997,40280.09963809645
2024-02-28,58261.09116278749,56945.03690931527,54970.95552910694,53654.90127563472,52338.84702216251,50277.02869172269,45056.68015294956,42618.84632151769,40823.37230428059,39309.90991278753,37651.681553412534,34703.72002563476,58261.16646815179,56955.89441192758,55120.63716045166,54013.11216341068,52986.79994009939,51566.14820521569,46007.70699818763,44673.366066354145,43570.012044581286,42670.35750292233,41945.536822192975,40912.79295051926
2024-02-28,59577.14541625971,58261.091162787496,56287.00978257916,54970.95552910694,53654.901275634715,51680.81989542639,46021.78660549585,43596.486624097044,41711.70892537433,40099.542464870865,38441.31410549587,35383.68138992873,59577.18306894186,58268.32949786235,56403.428829180615,55264.03716456,54203.16912927363,52732.029638280226,46968.06136411779,45574.46793394865,44415.04559676948,43462.65505654432,42688.58274921678,41567.89154451178
2024-02-28,60893.19966973193,59577.14541625971,57603.06403605138,56287.00978257916,54970.95552910695,52996.87414889861,46986.89305804215,44649.33002687482,42567.14419013127,40889.17501695419,39230.946657579196,36041.70851666484,60893.218496073,59581.970972976276,57693.61218340807,56526.80384794984,55434.87448218602,53916.68267389572,47951.36410988837,46498.62271184646,45283.05576831484,44277.72463950579,43454.09958769965,42244.66081325903
2024-03-04,62209.253923204145,60893.19966973192,58919.1182895236,57603.06403605138,56287.00978257917,54312.928402370824,47951.999510588445,45664.57187955339,43422.57945488822,41678.807569037526,40020.57920966253,36699.73564340095,62209.263336374686,60896.41670754298,58989.54462635659,57799.25918044558,56679.55658903068,55117.76086174329,48956.13469486448,47444.54968280786,46172.92174850427,45114.57616346265,44241.206124830576,42942.390236127
2024-03-04,63525.308176676364,62209.253923204145,60235.17254299582,58919.1182895236,57603.06403605137,55628.98265584305,48917.10596313474,46679.81373223196,44278.01471964516,42468.44012112086,40889.1750169542,37423.56548281068,63525.312883261635,62211.398615078186,60289.94858275482,59079.64158948249,57935.21902612574,56333.21105779395,49980.98809716191,48411.039280551144,47083.5774003208,45972.26258740851,45049.05570524297,43660.392588898234
2024-03-04,64841.36243014858,63525.30817667637,61551.226796468036,60235.17254299581,58919.118289523605,56945.03690931527,49882.212415681024,47695.05558491052,45232.154053412516,43345.80962343567,41731.449739176416,38191.26379733614,64841.36478344122,63526.737971259055,61593.830382947264,60366.509788416726,59200.172511894205,57561.236761022315,51024.62865114704,49396.94913692157,48014.008593433755,46849.878046049416,45876.83487581336,44398.00317990507
2024-03-04,66157.4166836208,64841.36243014858,62867.281049940255,61551.226796468036,60235.17254299581,58261.09116278749,50847.31886822732,48710.2974375891,46252.096099853494,44281.670425904806,42573.72446139864,39002.83058697734,66157.41786026712,64842.31562653704,62900.41717275744,61658.68454272151,60472.98765423248,58800.266033031156,52085.84428251746,50401.20034866206,48963.250667286855,47746.55605955364,46723.76208360582,45154.579111211126
2024-03-05,66157.4166836208,65367.78413153747,63689.814958360395,62472.464773898595,61222.21323309998,59313.934565565265,51680.8198954264,49612.734639970055,47239.13678995766,45100.5486280653,43337.03592841253,39792.463139060674,65499.39014520785,64841.99789440756,63331.7383410666,62237.35324952643,61145.045312065726,59555.40308267084,52908.78093721716,51203.43157587896,49737.792710948495,48489.808559383964,47434.256459409255,45800.05007212844
2024-03-08,66596.1014347782,66157.4166836208,64676.85564846455,63525.30817667637,62318.9251109935,60454.51491857452,52558.189397741204,50552.7733924502,48226.177480061815,45948.67248030295,44126.66848049586,40647.89840381762,66486.43054115043,65719.15557530272,64252.12336240582,63189.37464726581,62118.64925437762,60545.161564473616,53848.438356578765,52107.32265199961,50602.94775322212,49315.18523648092,48220.10826745165,46510.6568624052
2024-03-10,67034.78618593562,66947.04923570414,65663.89633856872,64578.15157945415,63415.63698888702,61595.09527158378,53435.55890005602,51492.812144930365,49213.21817016599,46796.7963325406,44916.301032579184,41481.39943101669,67637.97786585783,66742.61211372356,65260.43487977459,64207.583836956626,63144.937859944956,61575.70701773507,54812.37944265659,53034.111682401825,51490.097878800305,50161.89572027151,49026.7523246707,47241.114372871496
2024-03-11,68789.52519056524,67736.68178778746,66650.9370286729,65630.9949822319,64512.34886678053,62735.67562459304,54312.928402370824,52432.85089741052,50200.25886027014,47732.65713500974,45784.896839870846,42314.90045821576,68871.77865494764,67863.6012238282,66337.13367183303,65279.94667460769,64215.80579595919,62641.94107102287,55799.03750727539,53982.526558514,52398.1701567826,51029.012453876036,49853.37324837833,47990.77175584968
2024-03-11,70105.57944403746,68526.31433987079,67637.97771877705,66683.83838500969,65609.06074467405,63876.2559776023,55190.29790468564,53372.889649890676,51187.299550374315,48727.00923763319,46706.1348173014,43148.40148541483,70146.70617622866,69049.61204838869,67467.02256642784,66396.61704240805,65324.39470389003,63739.402649333715,56806.94693891638,54951.36584446311,53326.14399436312,51915.64820898699,50699.187631731635,48758.99950339205
2024-03-13,71421.63369750968,70105.57944403746,68625.01840888121,67736.68178778746,66705.77262256756,65016.83633061154,56067.66740700045,54312.928402370824,52174.34024047848,49779.852640410965,47601.05170966251,43981.90251261391,71442.19706360527,70278.97068258643,68638.28154077318,67549.53902578511,66464.90135728878,64864.18831203974,57834.73668164266,55939.49485081365,54273.048583752534,52820.95433245156,51563.44278977304,49545.18874758195
2024-03-15,71421.63369750968,70632.00114542634,69118.5387539333,68394.70891452357,67473.47093709302,65894.20583292635,56945.03690931527,55140.162504553366,53062.67686157222,50715.7134428801,48417.00534681529,44749.600827139366,70773.88825382137,70221.1736030701,68964.34774149858,68014.27364728553,67025.00567832704,65519.36220353946,58626.40395664479,56726.499550762775,55045.36716706646,53572.45980998087,52290.58560055021,50219.30218842747
2024-03-16,70544.26419519486,70632.00114542634,69283.04553561733,68789.52519056524,68021.82687603978,66596.1014347782,57822.40641163009,55892.19350653749,53885.21076999236,51593.08294519491,49180.31681382918,45539.2333792227,69781.70672219331,69743.95746556848,68925.49828573562,68155.22847333639,67296.47021867138,65928.13257691768,59282.089197549794,57396.66764212476,55715.81390385347,54234.0713801788,52937.603007693484,50828.163942450235
2024-03-16,68789.52519056524,70105.57944403746,69612.05909898537,68921.13061591247,68350.84043940784,67122.5231361671,58699.7759139449,56569.021408323206,54641.94196573889,52411.9611473554,49969.94936591251,46263.06321863243,68627.58882964317,68987.12862274333,68602.82554159283,68031.27255765577,67323.70109842856,66121.29987193958,59810.56543881586,57956.49004760736,56289.3581525781,54809.69747442787,53507.6371866174,51373.91343233876
2024-03-16,67473.47093709302,69052.73604125969,69447.55231730135,68789.52519056524,68460.5116271972,67473.47093709302,59577.1454162597,57170.646209910505,55332.87044881181,53172.34804936158,50759.58191799584,46943.0245829264,67392.50275663199,68043.89130970249,68059.40135093238,67690.5714896494,67144.27272691968,66125.81447339973,60220.039712678015,58412.09708310022,56770.72686396475,55303.07659225265,54003.707089941185,51858.61993413301
2024-03-19,66157.4166836208,67473.47093709302,68954.03197224927,68789.52519056524,68350.84043940784,67648.94483755599,60322.90949322729,57697.0679112994,55957.996219211105,53874.24365121342,51549.21447007917,47579.11747210464,66116.93259339029,66976.38168318452,67344.28159075821,67172.53347883107,66789.97883510873,65965.25796799334,60518.189565420624,58769.27849138714,57164.416405766526,55717.78468966661,54428.71327977372,52284.28487722539
2024-03-19,64841.36243014858,66157.4166836208,68131.49806382913,68394.70891452357,68021.82687603978,67648.94483755599,60980.93661996341,58261.09116278749,56517.319276936796,54517.64795291096,52259.88376695417,48171.341886167145,64821.120385033326,65826.0238476818,66495.62083207336,66509.40160571203,66287.72181073451,65660.26424407872,60712.19721776127,59033.50236287423,57474.703810715895,56057.24224628608,54785.44257049574,52652.84406894462
2024-03-19,63525.308176676364,64841.36243014858,66979.95059204094,67736.68178778746,67802.48450046107,67473.47093709302,61551.226796468036,58825.11441427558,57010.83962198888,55102.56095445416,52917.91089369028,48719.6978251139,63515.187154118736,64620.433872855916,65543.09485232465,65727.55657252877,65660.26521265291,65228.887953969395,60808.78152133896,59209.93300516658,57705.65747579491,56324.721025177954,55076.572489470724,52966.16984619547
2024-03-20,63525.308176676364,64314.9407287597,65992.90990193677,67210.26008639859,67583.14212488238,67385.73398686154,62165.385448088404,59501.9423160613,57537.26132337777,55716.719606074534,53602.25910549583,49355.79071429213,64178.274792133656,64694.0767252868,65387.15431406331,65566.43036482329,65534.28016919071,65180.44726349179,61068.94803158658,59522.79019553011,58053.74064581274,56695.009795594844,55459.50550668108,53355.52146115512
2024-03-20,64402.677678991175,64314.9407287597,65499.38955688469,66683.8383850097,67363.79974930367,67297.99703663005,62779.54409970877,60253.97331804541,58063.68302476666,56330.8782576949,54286.60731730139,50035.75207858612,65167.84573787723,65181.85671139813,65558.32372952053,65673.88242278648,65630.14732525688,65302.56844100791,61397.236331719985,59891.380556076125,58449.04191758389,57106.41880526371,55879.03151767026,53775.25681351295
2024-03-20,66157.4166836208,64841.36243014858,65334.88277520066,66157.4166836208,67144.45737372497,67473.47093709302,63393.70275132914,60968.40276993034,58590.10472615554,56945.03690931526,54970.95552910694,50693.77920532223,66320.65833748513,65945.7281199631,65983.91199786997,66001.08033447858,65913.73557323168,65573.93125301856,61789.251467552924,60312.60779957013,58889.25796904712,57557.160217534416,56333.71550235954,54224.379708648645
2024-03-22,66157.4166836208,65104.57328084303,65005.869211832614,65630.9949822319,66596.1014347782,67297.99703663007,63876.25597760229,61570.02757151764,59116.526427544435,57471.45861070416,55576.34048570417,51286.003619384726,65581.01038381686,65577.60622335826,65730.0120939319,65790.22253369131,65748.75508968043,65482.36015015981,61986.16185223765,60564.20527910548,59179.60452921128,57873.86467180003,56667.34877576483,54572.4783428495
2024-03-25,66596.1014347782,66157.4166836208,65170.375993516645,65499.389556884686,66157.41668362079,67210.26008639859,64402.67767899118,62209.253923204145,59741.652197943746,58027.12596217021,56208.04652737083,51900.162271005094,66527.24066045493,66209.56112793651,66117.44739241216,66096.26769794617,66014.09598928237,65731.24899852645,62340.18179319798,60948.05337130058,59584.18337981575,58291.238870154404,57091.118346181036,54995.46269389945
2024-03-25,67034.78618593562,66947.04923570414,65663.89633856871,65630.9949822319,66047.74549583145,67122.5231361671,64929.099380380074,62848.480274890644,60432.58068101665,58582.793313636255,56839.75256903749,52580.123635299075,67658.38292551009,67069.54914881276,66711.2424586684,66585.95087842237,66441.08509717204,66113.5335225313,62756.26846399798,61383.69069468382,60033.22444527453,58747.68611497805,57549.87947576,55447.72805909116
2024-03-28,68789.52519056524,67736.68178778746,66486.43024698886,66025.81125827358,66157.4166836208,67034.78618593562,65455.521081768944,63487.70662657716,61189.31187676318,59138.460665102306,57471.45861070415,53303.9534747088,68881.98118477377,68081.559247221,67465.53956652821,67225.88334489784,67004.85345822826,66612.53926271957,63230.41755948664,61868.24006974325,60524.558837039884,59241.50757803946,58042.259945928316,55928.31439980432
2024-04-02,68789.52519056524,67736.68178778746,67144.45737372496,66289.02210896803,66157.4166836208,66683.83838500969,65850.33735781061,64014.12832796604,61814.43764716247,59606.39106633686,58024.20139716249,54005.849076560655,68177.7260609334,67878.86314384501,67467.3020933204,67270.89927075151,67076.94845497668,66720.15572201625,63504.16293868826,62179.64178465389,60863.53016003175,59599.419038119326,58412.11141454465,56306.8449217936
2024-04-02,67912.15568825042,67999.8926384819,67308.96415540899,66552.23295966248,66157.4166836208,66420.62753431525,66157.4166836208,64465.34692915651,62373.76070488817,60103.56711764859,58524.30201348193,54641.941965738886,67167.5713722771,67305.04765710361,67176.21644672049,67068.4478912732,66935.48202861423,66649.81334221682,63675.34059965236,62400.62927907972,61121.76852778833,59884.54937791347,58715.84892120843,56629.81514750287
2024-04-06,67473.47093709302,68263.10348917634,67637.97771877705,67210.26008639859,66486.43024698885,66420.62753431525,66508.36448454672,64954.1670804462,62965.98511895067,60688.4801191918,59050.72371487082,55299.969092474996,67978.54828142117,67799.87350159082,67534.72950090823,67381.37103659903,67220.71943814516,66917.27732326036,64005.28799261576,62755.56794088776,61495.805439204094,60271.72224891991,59110.89510581524,57028.494953009984
2024-04-08,68350.84043940784,68526.31433987079,67966.99128214511,67736.68178778746,67034.78618593562,66596.1014347782,66859.31228547265,65442.98723173588,63558.20953301317,61331.884420889335,59577.1454162597,55957.996219211105,69042.06386272932,68568.44214907303,68106.02948827029,67876.6816561333,67664.54405443628,67315.8150883575,64398.8551830315,63163.901913348906,61915.7944161566,60699.28126752979,59542.05925664933,57457.25264092248
2024-04-08,70105.57944403746,68789.52519056524,68789.52519056524,68263.10348917634,67802.48450046108,66947.04923570414,67210.26008639859,65931.80738302557,64150.43394707567,62033.78002274119,60103.56711764859,56616.02334594722,70231.8487801195,69519.50599855192,68842.83042365682,68521.218390929,68242.55784567834,67829.04241450153,64851.93766783807,63622.66479031456,62379.49389445833,61165.470514177265,60007.92498238977,57915.10204641638
2024-04-12,70105.57944403746,69052.73604125969,68954.03197224927,68394.70891452357,68131.49806382913,67210.26008639857,67429.6024619773,66307.82288401763,64643.954292127746,62618.693024284396,60551.02556382915,57208.24776000971,69510.68698534237,69276.17906255636,68830.98481630314,68570.00144540831,68326.70666796864,67949.1027615095,65105.97557253096,63909.712590368574,62692.178348672656,61496.95115946418,60352.30150474486,58271.641147557835
2024-04-12,69228.20994172264,69315.94689195413,68789.52519056524,68657.91976521802,68241.16925161848,67473.47093709302,67561.2078873245,66608.63528481127,65071.67192450622,63145.11472567328,61024.80509507915,57756.60369895647,68492.07896121769,68675.27635406858,68529.31506536757,68370.63226207826,68195.43963244931,67889.64878345744,65258.717208954775,64107.69916521271,62925.41213400274,61756.799850834075,60631.56308508344,58573.34100659631
2024-04-13,67473.47093709302,68789.52519056524,68296.00484551316,68526.31433987079,68131.49806382913,67736.68178778746,67605.07636244025,66834.24458540652,65433.58684421108,63613.04512690785,61498.58462632915,58261.09116278749,67324.74782241925,67835.98979725265,68002.22653609051,67968.22942963145,67881.89764032184,67673.11977097785,65316.69782022371,64221.57236069401,63083.0708928609,61948.13102127038,60848.2632515302,58821.99964137981
2024-04-13,66157.4166836208,67736.68178778747,67966.9912821451,68131.49806382913,68131.49806382913,67736.68178778746,67561.2078873245,66984.65078580334,65729.69905124234,64022.48422798809,61972.36415757914,58721.71015150276,66083.05512628391,66837.78067488463,67299.81229032564,67399.7081569982,67414.12299260288,67319.15010337418,65286.03102086394,64256.00514233441,63168.84121192904,62073.92369360718,61004.85539376647,59019.3561176321
2024-04-15,64841.36243014858,66157.4166836208,67637.97771877705,67473.47093709302,67802.48450046107,67561.2078873245,67429.60246197728,67059.85388600176,65960.00854559997,64373.432028914016,62446.14368882914,59138.460665102306,64804.18165148014,65733.62317548187,66461.03359840359,66695.27179693969,66815.84379015263,66844.91986253695,65172.43599865802,64215.410866460006,63186.22984438969,62137.027367928786,61103.696690034914,59167.09248185825
2024-04-17,63525.308176676364,64841.36243014858,66815.44381035691,66947.04923570414,67254.12856151433,67210.26008639859,67341.86551174581,67059.85388600176,66124.51532728401,64665.888529685624,62840.95996487081,59511.342703586095,63506.717787342146,64558.83342472263,65516.193670581495,65879.63218353322,66107.13765677594,66265.46162012035,64981.26296153152,64103.95770293409,63138.572482292126,62140.16765299524,61147.05188014362,59266.835630872985
2024-04-20,63525.308176676364,64314.9407287597,66157.4166836208,66815.44381035691,66815.44381035691,67210.26008639857,67254.12856151431,67097.45543610095,66321.92346530483,64987.590680534384,63262.09732598192,59906.15897962777,64174.040108745365,64653.00975986462,65366.23117270753,65690.855864736,65912.40300652558,66087.44922137388,64972.237120797115,64144.924632227834,63221.63540672454,62257.61090612499,61291.9268181021,59449.607268854714
2024-04-22,64402.677678991175,64314.9407287597,65499.38955688469,66552.23295966246,66705.77262256756,67122.5231361671,67166.39161128284,67135.05698620016,66519.33160332566,65309.29283138315,63683.234687093034,60300.97525566943,65165.72839618308,65154.47873445001,65542.05017513271,65775.68510453324,65950.09741838639,66096.19515415475,65048.7003183988,64256.72974620457,63364.84424974062,62427.16768175132,61482.730360498026,59669.53575773228
2024-04-27,64841.36243014858,64051.72987806525,64841.36243014858,65894.20583292635,66486.43024698885,66771.57533524117,66947.04923570414,67059.85388600174,66618.03567233607,65543.25803200043,64025.40879299581,60629.988819037484,64345.518286429724,64611.42188185879,65093.88528658686,65366.525663104716,65577.05291966176,65774.83428196995,64950.41695441653,64216.09521456052,63372.67175838414,62474.91292138611,61562.83145869281,59795.954698665155
2024-04-30,63963.99292783377,63788.51902737081,64183.335303412474,64972.96785549581,65938.0743080421,66245.15363385229,66639.96990989395,66909.44768560493,66650.93702867288,65718.73193246339,64314.9407287597,60915.133907289804,63277.386104816935,63810.69922897391,64452.85609472403,64792.47625585006,65058.92999712982,65329.13673712422,64773.56772659607,64104.60403169808,63315.91966877687,62463.36252999305,61588.18136150108,59875.07936819312
2024-04-30,62209.253923204145,63525.30817667637,63525.308176676364,64183.335303412474,65170.375993516645,65806.46888269488,66245.15363385229,66796.64303530731,66618.03567233607,65835.71453277204,64551.83049438469,61156.41052042637,62085.29288727443,62838.199375893244,63661.82133361468,64083.51687655585,64418.04840829937,64774.64460370019,64523.22140034636,63926.19267824146,63197.7382052379,62395.094578598466,61560.92717519713,59908.46040444501
2024-05-01,60893.19966973193,62472.464773898595,62867.281049940255,63393.70275132915,64183.33530341247,65367.78413153747,65894.20583292635,66571.03373471207,66519.33160332566,65894.20583292635,64736.07808987081,61419.62137112082,60831.21915176707,61751.181389348734,62754.11557420247,63264.17661104746,63673.29410183173,64124.957205270126,64204.11972395319,63684.5789414467,63021.12392260574,62272.575048172956,61483.131805758145,59897.597604488845
2024-05-01,59577.14541625971,60893.19966973192,62209.253923204145,62604.07019924582,63305.965801097664,64665.888529685624,65543.25803200043,66270.22133391842,66354.82482164164,65894.20583292635,64867.68351521802,61682.83222181525,59546.15515727728,60587.81798049499,61755.66570499914,62354.52471136382,62840.647495824924,63391.97394995979,63820.69852645809,63383.274064833335,62788.92720231074,62098.1627031131,61356.77726084082,59843.94159128391
2024-05-03,59577.14541625971,60366.77796834304,62044.747141520114,62209.253923204145,62757.60986215091,64051.72987806525,65323.91565642173,66007.01048322397,66223.21939629441,65923.45148300352,65025.6100256347,62011.84578518332,60219.6774135046,60689.6118769073,61564.00658605087,62088.82924924892,62541.04013796447,63079.62716493131,63631.827632475506,63244.93659842963,62696.45268841129,62045.77300537259,61338.597746095635,59878.343535367996
2024-05-03,60454.51491857452,60366.77796834304,61715.73357815207,62077.64849785692,62428.596298782846,63437.57122644488,65192.3102310745,65743.79963252952,66091.61397094719,65952.69713308068,65183.53653605135,62384.727823667105,61214.46566835437,61196.15922567291,61707.39488319605,62110.7246445135,62489.996104924416,62970.830509715415,63540.048683490146,63187.3986720246,62672.6868949584,62052.88087144793,61372.741128059264,59954.76691244484
2024-05-04,62209.253923204145,60893.19966973192,61386.72001478401,62209.253923204145,62318.9251109935,63086.62342551896,65148.44175595877,65480.58878183508,66058.71261461038,65981.94278315784,65341.46304646803,62735.67562459303,62369.88692251537,61972.542209340725,62111.37561508057,62367.92165036129,62649.274885193954,63040.14021808554,63539.09768305055,63206.17142228413,62714.278177040265,62116.899450648285,61457.15552798796,60071.83396607305
2024-05-10,62209.253923204145,61156.41052042637,61057.70645141596,61814.437647162486,62099.58273541479,62647.93867436155,65060.704805727284,65217.37793114064,65894.20583292635,65923.45148300353,65420.42630167636,63020.82071284534,61631.54329612365,61612.76136280446,61840.66984944754,62099.79038115595,62379.109467430564,62771.77264954134,63368.3945854169,63077.67299157961,62625.44507902761,62063.69511178144,61435.039610501524,60098.764017385874
2024-05-15,62647.938674361554,62209.253923204145,61222.21323309998,61551.22679646804,62209.253923204145,62472.46477389859,65104.573280843026,65066.971730743826,65762.60040757914,65894.20583292635,65525.71064195413,63327.90003865553,62578.42573640001,62250.27696742843,62215.033922165065,62358.97543488695,62555.447730391454,62865.964590433214,63378.51804291752,63102.54161297519,62669.340839933255,62127.24350655411,61517.010932079684,60211.10984148277
2024-05-15,63086.623425518956,62998.88647528747,61715.73357815206,61682.83222181526,62209.253923204145,62472.46477389859,65104.573280843026,64991.7686305454,65630.9949822319,65864.96018284919,65630.99498223192,63634.97936446572,63709.894083274296,63113.97212166848,62798.66247949475,62810.31852493452,62907.12691496947,63112.88932039763,63472.89510015833,63199.14276948964,62775.2931127294,62245.24867829402,61647.37766552788,60362.92155070594
2024-05-15,64841.36243014858,63788.51902737081,62538.26748657219,62077.64849785692,62209.253923204145,62647.938674361554,65104.57328084302,64991.7686305454,65499.38955688469,65835.71453277204,65736.2793225097,63942.0586902759,64933.65538344755,64128.45364231925,63545.05230263388,63418.88182651385,63407.17149476199,63493.455240800526,63646.090041027026,63363.49132028245,62940.274750485994,62415.34294097914,61824.24195121888,60552.905177964305
2024-05-20,66157.4166836208,64578.15157945415,63689.814958360395,62735.67562459303,62538.26748657221,62998.88647528748,65104.573280843026,65066.971730743826,65367.78413153747,65894.20583292635,65841.56366278748,64249.138016086086,66203.56316027028,65243.45940724384,64418.03422140257,64156.07984661915,64032.75602435138,63990.95720283709,63893.01784077343,63591.823521226535,63161.40627197786,62635.26155146473,62045.78035542412,60779.80918159788
2024-05-20,67473.47093709302,66157.4166836208,64676.85564846456,63656.91360202358,63086.623425518956,63262.09732598192,65236.17870619024,65217.377931140654,65334.88277520067,65923.45148300352,65946.84800306524,64556.21734189627,67496.54417541776,66425.48133501764,65389.47665899428,64998.524454609345,64764.56666530736,64590.77820130311,64208.921540760246,63880.58472509083,63435.94865847948,62902.838233705406,62310.24095164838,61042.42305436043
2024-05-20,68789.52519056524,67473.47093709302,65663.89633856871,64841.36243014858,63854.32174004442,63525.308176676364,65323.91565642173,65442.98723173588,65367.78413153747,65952.69713308068,66052.13234334304,64863.29666770645,68801.0618097276,67652.18070469091,66437.499500115,65927.07990723265,65586.26093895813,65280.128356644906,64589.351082907444,64226.41776504605,63761.29650193565,63216.00089757636,62615.94051642224,61339.575978010595
2024-05-20,70105.57944403746,68789.52519056524,66650.93702867288,65894.20583292635,64841.36243014858,64051.72987806525,65411.6526066532,65630.99498223192,65466.48820054789,65981.94278315784,66157.41668362082,65170.37599351664,70111.34775361864,68908.6650356305,67545.08487731381,66926.08968728302,66484.01059411991,66047.81652425301,65030.14350965627,64626.15198353124,64134.97148736771,63572.767543832844,62961.26183506356,61670.13552201599
2024-05-23,70105.57944403746,69315.94689195413,67637.97771877705,66552.23295966248,65718.7319324634,64490.41462922266,65367.78413153747,65706.19808243033,65532.2909132215,65923.45148300352,66183.73776869025,65411.65260665321,69450.43647209194,68868.95175394208,67821.62716914747,67264.89614242525,66838.70514741918,66390.53010754204,65272.68426326346,64857.450495041325,64362.02288768674,63799.583095382004,63189.821193417236,61903.55832159023
2024-06-11,69228.20994172264,69315.94689195413,68131.49806382913,66947.04923570414,66267.08787141016,64929.09938038006,65367.78413153747,65706.19808243033,65598.09362589511,65806.46888269487,66236.37993882914,65609.06074467405,68461.95370459248,68403.79148165906,67744.25911757982,67302.81883236485,66936.36142275362,66525.89771123591,65414.67050028481,65002.78496404905,64513.800841419994,63959.317350508696,63357.80746569869,62086.17854921992
2024-06-14,67473.47093709302,68789.52519056524,68296.00484551316,67473.47093709302,66596.1014347782,65367.78413153747,65367.78413153747,65743.79963252952,65663.89633856872,65718.73193246339,66210.05885375969,65762.60040757914,67309.68519410664,67654.99988231297,67391.62746558891,67094.56389622958,66816.52377057934,66479.83758278402,65462.58960888715,65066.93117069395,64593.97722401847,64054.88688738295,63467.59606739258,62219.66186704282
2024-06-20,66157.4166836208,67736.68178778747,68131.49806382913,67605.07636244023,66705.77262256756,65806.46888269488,65236.17870619025,65668.59653233111,65729.69905124234,65630.99498223192,66131.09559855136,65872.27159536848,66075.52381212762,66717.12073159151,66824.90190215774,66684.89090239667,66512.65279512845,66275.0281887046,65422.510436065284,65054.39957399661,64606.04479505667,64089.08147642198,63521.469260404985,62305.61932502663
2024-06-23,64841.36243014858,66157.4166836208,67637.97771877705,67473.47093709302,66925.11499814627,65981.94278315784,65016.83633061154,65518.1903319343,65696.79769490552,65543.25803200042,65999.49017320415,65938.07430804211,64800.41599440199,65653.18321328647,66091.65885205078,66110.42131590206,66053.06131536659,65931.31318720107,65300.110290298195,64969.450051920874,64553.32593559248,64064.569593671346,63521.61980614733,62345.609151552264
2024-06-24,63525.308176676364,64841.36243014858,66815.44381035691,67078.65466105136,66815.44381035691,65981.94278315784,64709.757004801366,65292.581031339054,65598.09362589511,65455.52108176895,65815.24257771803,65960.00854559997,63504.83495880307,64505.206783259026,65228.902201195975,65401.11815359334,65461.70633195698,65466.05577920145,65100.70020209849,64816.105822543635,64438.98095931448,63983.90369447378,63470.15447536201,62341.13848528811
2024-06-24,62209.253923204145,63525.30817667637,65663.89633856872,66420.62753431525,66486.43024698885,65806.46888269488,64446.546154106916,65104.573280843026,65433.58684421108,65367.78413153747,65578.35281209303,65938.07430804211,62199.0173142675,63301.20441208332,64265.412749759525,64581.49661107308,64758.859153153135,64894.448765517765,64829.24855484891,64598.166591826404,64266.01601826723,63849.525257848036,63369.09742030758,62293.66505028031
2024-07-04,60893.19966973193,62209.253923204145,64183.335303412474,65499.38955688469,65938.07430804211,65718.7319324634,64183.335303412474,64916.565530347,65301.981418863856,65280.047181305985,65367.78413153747,65872.27159536848,60888.0813652636,62059.851413475444,63223.57556453735,63671.61457565247,63961.6724244003,64229.78584686051,64490.403191068835,64319.22097095497,64037.29062293162,63663.769611546886,63220.39341470119,62204.59877612079
2024-07-04,59577.14541625971,60893.19966973192,62867.281049940255,64314.9407287597,65170.375993516645,65367.78413153747,63920.12445271803,64615.753129553355,65071.67192450622,65192.310231074516,65157.21545098191,65762.60040757914,59574.586264025544,60793.59799657946,62120.80125303738,62687.883046040646,63084.65992261372,63483.69901135139,64088.51209246989,63982.65820382701,63755.524795471894,63428.87054732999,63025.91096660436,62075.30336499402
2024-07-05,58261.09116278749,59577.14541625971,61551.226796468036,62867.281049940255,64183.33530341248,64841.36243014859,63656.91360202359,64239.737628561285,64775.559717474986,65016.83633061155,64946.64677042636,65609.06074467405,58259.8115866704,59510.74430082473,60970.63139887692,61643.72920299967,62140.10253595242,62666.366248596874,63627.64272581459,63591.67924301252,63423.30587404386,63146.964735572605,62787.445309234645,61907.0978073441
2024-07-14,58261.09116278749,59050.72371487082,60728.6928880479,61946.043072509696,63305.96580109766,64402.677678991175,63525.30817667637,63901.32367766841,64512.34886678052,64870.60808022575,64815.04134507914,65477.45531932682,58918.478501465055,59532.878005969724,60660.96784718421,61267.98669631968,61745.80144061508,62280.21364455473,63366.32031874645,63368.64958596624,63235.688290655606,62991.755199208324,62661.55119169421,61830.70588170436
2024-07-15,59138.4606651023,59050.72371487082,60235.17254299582,61288.015945773586,62428.59629878285,63963.99292783377,63481.43970156062,63675.7143770732,64347.842085096505,64724.37982983995,64736.0780898708,65411.65260665321,59905.83908559849,59986.31856055713,60712.57491886149,61199.843600576445,61614.63193740229,62106.83689770188,63206.764147842245,63231.1245906173,63121.42055300224,62900.51365403127,62592.204071021086,61799.96795600491
2024-07-15,60893.19966973193,59577.14541625971,60070.665761311786,60893.19966973192,61880.24035983608,63525.308176676364,63393.70275132915,63525.30817667637,64249.13801608609,64665.888529685624,64709.75700480136,65323.91565642173,61057.54650440132,60727.2970147728,61045.170253159864,61383.372750145114,61706.11224291027,62119.639025889664,63142.40864947848,63174.35399798223,63076.92461982383,62870.458882994295,62577.18641771511,61813.3871752691
2024-07-15,62209.253923204145,60629.988819037484,60235.17254299582,60761.59424438471,61551.22679646803,63086.623425518956,63305.965801097664,63450.10507647796,64117.53259073887,64578.15157945414,64736.0780898708,65236.17870619024,62291.42734053884,61659.967402073984,61596.31201394132,61772.81555496897,61985.98854041274,62295.34766973801,63167.11184478158,63193.85145235445,63098.796988458984,62898.93059153437,62614.367664236,61869.51576192093
2024-07-15,63525.308176676364,62209.253923204145,60728.6928880479,60893.199669731934,61441.55560867869,62647.938674361554,63349.8342762134,63450.10507647794,63985.92716539164,64490.41462922265,64736.07808987081,65148.44175595877,63566.39488534371,62720.432411432186,62317.43432865405,62330.73316863799,62425.27683114133,62613.59951478933,63275.12801157949,63285.379840011126,63183.80018076683,62983.384150072954,62701.700794728946,61966.95340667703
2024-07-19,64841.36243014858,63525.30817667637,61551.226796468036,61288.01594577359,61551.22679646804,62472.46477389859,63481.43970156062,63525.30817667636,63854.32174004442,64402.677678991175,64736.07808987081,65060.704805727284,64861.90578448225,63866.09383549506,63170.763740868904,63026.493807725776,62999.452193061254,63056.576660893275,63461.08211945316,63444.937442436276,63328.85464436988,63121.38556510328,62837.21906848646,62104.345712196984
2024-07-21,66157.4166836208,64841.36243014858,62702.774268256224,61946.04307250971,61880.24035983609,62472.46477389859,63700.78207713932,63675.714377073185,63821.42038370762,64402.67767899118,64736.07808987081,64972.9678554958,66167.68836078764,65068.55286936105,64126.920895585376,63835.03510397436,63687.76276906614,63608.688445418244,63719.945914139666,63668.74485880927,63531.03104895819,63310.606668926084,63019.03287190207,62280.38268776246
2024-07-31,66157.4166836208,65367.78413153747,63689.814958360395,62472.46477389858,62099.58273541479,62384.72782366711,63876.25597760229,63675.7143770732,63755.61767103399,64373.432028914016,64736.0780898708,64885.23090526432,65504.52539546811,64992.82272295689,64285.68568104386,64018.00370873331,63865.2396400019,63762.772693509534,63792.295366785416,63733.8902794401,63594.94965293831,63377.16126747319,63090.496777901855,62364.34927495975
2024-08-02,65280.04718130599,65367.78413153747,64183.335303412474,62998.88647528747,62318.92511099349,62296.99087343562,64051.729878065256,63600.511276874786,63689.814958360395,64256.44942860538,64657.11483466247,64797.49395503285,64514.91678607224,64503.65120753005,64116.712902295534,63928.42270290477,63812.94249179797,63733.08962890539,63775.070386778374,63722.30238484196,63591.552507753804,63383.60243746012,63107.548205707055,62402.41351802403
2024-08-02,63525.308176676364,64841.36243014858,64347.842085096505,63525.30817667636,62538.2674865722,62209.25392320415,64095.598353181,63562.90972677557,63624.01224568677,64080.975528142415,64525.50940931525,64709.757004801366,63362.08535463819,63738.85211275475,63692.833129164115,63615.846561141014,63566.22117355277,63542.610165692735,63674.04996977357,63638.24413697218,63524.123308488764,63332.543806241905,63072.320978143725,62396.080413854455
2024-08-03,62209.253923204145,63788.51902737081,64183.335303412474,63656.91360202358,62757.60986215089,62121.51697297266,64051.729878065256,63525.30817667637,63558.20953301317,63847.010327525124,64341.261813829144,64622.02005456988,62127.64251218506,62790.30129841381,63070.69236040141,63120.81985361209,63154.98709604186,63211.43385369763,63494.640272996665,63485.741666568225,63395.78556997893,63226.48536519902,62986.86523869788,62346.80561503952
2024-08-04,60893.19966973193,62209.253923204145,63689.814958360395,63525.30817667637,62976.9522377296,62033.78002274118,63920.12445271803,63487.70662657717,63492.40682033956,63642.290776985006,64183.335303412474,64534.2831043384,60852.393964222385,61719.24933769577,62294.348595036594,62476.51541045711,62604.54991453692,62757.14779901789,63241.89866933618,63268.597430437665,63209.51044048241,63067.81841043214,62853.150733059294,62255.997047713616
2024-08-04,59577.14541625971,60893.19966973192,62867.281049940255,63130.491900634705,62867.28104994026,61946.0430725097,63832.38750248655,63450.10507647796,63327.900038655534,63437.57122644488,64025.40879299581,64446.546154106916,59556.74256350494,60566.52994605968,61398.06916564791,61710.07463815355,61936.32549119086,62195.14071948909,62920.556249558795,62990.402637787636,62968.12413419571,62858.830268644146,62673.069961977366,62125.01647636848
2024-08-05,58261.09116278749,59577.14541625971,61715.73357815207,62472.464773898595,62538.26748657221,61858.30612227822,63613.04512690785,63412.50352637874,63097.5905442979,63232.851675904756,63788.519027370814,64358.80920387543,58250.8897364101,59359.36560047822,60408.50644201844,60843.70414200114,61168.43494013307,61538.87774321737,62535.03887276883,62654.548986202644,62674.31500120792,62601.70881754886,62448.44121047537,61955.18101735869
2024-08-05,56945.03690931527,58261.091162787496,60235.17254299582,61551.226796468036,61989.91154762544,61770.56917204674,63305.965801097664,63262.09732598193,62900.18240627707,63028.13212536464,63498.98709160692,64205.269540970345,56939.936196126575,58115.90461893316,59346.39004509058,59895.57296269967,60316.21151178076,60800.140857295584,62089.48685877356,62264.23974562361,62330.64025257922,62298.54680974034,62181.01145827197,61747.76460278343
2024-08-05,55628.98265584305,56945.03690931527,58919.1182895236,60366.777968343034,61222.21323309998,61419.62137112081,62911.149525056,63036.48802538669,62702.77426825623,62823.41257482451,63156.81298570414,64007.861402949515,55626.4322992487,56848.24588007905,58227.84301337508,58880.54667900352,59392.629494948465,59989.239300429996,61587.77340997333,61822.500226550255,61939.532357366654,61951.34600856784,61872.45917606845,61503.99939637156
2024-08-08,55628.98265584305,56418.615207926385,58096.58438110346,59313.93456556526,60564.18610636387,61156.41052042637,62560.20172413007,62848.48027489066,62604.070199245805,62706.42997451587,62919.92322007914,63832.38750248655,56285.734604281985,56880.509556491124,57942.774990250684,58528.63581178748,59016.07678946644,59608.714001540655,61288.24202283406,61551.530042257255,61695.898433023794,61733.6803950459,61679.22692700318,61354.52516600435
2024-08-08,56506.35215815786,56418.615207926385,57603.06403605138,58655.907438829156,59906.15897962776,60893.19966973192,62209.253923204145,62773.277174692244,62571.168842909006,62560.20172413007,62735.67562459303,63722.7163146972,57273.41288353474,57340.70342525657,58013.51191748109,58479.991330151126,58899.92515459276,59440.26114669652,61092.94196734717,61368.727882285326,61528.346858834746,61582.69825417392,61545.18238502378,61253.10106720618
2024-08-08,58261.09116278749,56945.03690931527,57438.557254367355,58261.091162787496,59248.13185289165,60629.988819037484,61858.30612227822,62660.472524394616,62604.070199245805,62413.97347374427,62604.07019924581,63591.11088934997,58425.27914989722,58086.18408892428,58360.98602832079,58679.47389126178,59004.11288715691,59457.371680391916,60995.14864147055,61269.195523060975,61433.166300643505,61495.50030451211,61468.004463459634,61198.151684246564
2024-08-08,59577.14541625971,57997.880312093046,57603.06403605138,58129.48573744027,58919.11828952359,60366.777968343034,61507.35832135229,62547.667874097,62604.070199245805,62355.482173589946,62525.10694403748,63459.50546400275,59659.239409814574,59021.855949193494,58923.7001708566,59081.969487347254,59294.74162293769,59636.85017905942,60988.571288455154,61248.30686454255,61406.82646498485,61469.313320337445,61445.463098657245,61188.15325448687
2024-08-15,59577.14541625971,58787.51286417637,57603.06403605138,57866.27488674582,58480.4335383662,59840.35626695415,61156.41052042637,62322.05857350177,62505.366130235394,62267.74522335847,62419.8226037597,63262.09732598192,58960.16528630103,58768.267687058156,58776.45372461902,58932.71888288184,59135.718475222275,59464.88030202543,60812.60482873464,61082.35043666621,61253.375962414066,61329.825400169866,61320.58576601591,61092.183977223416
2024-08-21,60015.830167417116,59577.14541625971,58096.58438110346,57997.880312093046,58370.76235057684,59401.67151579675,60937.06814484767,62134.05082300573,62439.56341756178,62267.74522335846,62393.50151869026,63152.42613819257,59926.682478016475,59476.578347949406,59246.84171242189,59289.16993503641,59406.10019745453,59643.420222988745,60817.804495895754,61071.84206072535,61235.806387158606,61310.841672723844,61303.82552671089,61085.65989970354
2024-08-23,60454.51491857452,60366.77796834304,58919.1182895236,58392.696588134706,58480.4335383662,59226.19761533378,60805.46271950045,61946.043072509696,62472.464773898595,62326.23652351278,62340.85934855137,63086.623425518956,61067.96820061031,60387.470206367645,59905.15553704018,59820.09429652145,59837.35461680063,59964.149435515676,60907.57542668985,61135.0316086412,61283.29163282626,61349.90307498886,61339.33252313026,61122.499058197565
2024-08-23,62209.253923204145,61156.41052042637,60070.665761311786,59050.72371487082,58809.44710173425,59226.19761533378,60761.5942443847,61758.03532201367,62472.46477389858,62443.21912382143,62288.21717841248,62998.88647528747,62296.63818864334,61433.416196470556,60709.63390140377,60493.769547458716,60404.73208755074,60409.29427816077,61076.46141055997,61267.82475131054,61392.65829351695,61444.48590565967,61425.05705967329,61201.27970609436
2024-08-27,62209.253923204145,61156.41052042637,60564.186106363864,59577.14541625971,59028.789477312945,59138.4606651023,60673.85729415322,61457.22292122001,62373.76070488817,62443.21912382144,62235.57500827359,62845.346812382384,61594.91892918763,61253.34402089101,60750.426294365585,60566.39320605386,60479.880946347854,60469.782452107174,61064.63807244202,61247.012246778286,61368.29445820717,61420.516938840774,61404.19990686713,61191.17871868371
2024-08-27,61331.884420889335,61419.62137112082,60728.692888047895,60103.56711764859,59248.131852891645,59050.72371487082,60586.120343921735,61194.01207052557,62209.253923204145,62384.727823667105,62182.9328381347,62647.938674361554,60586.03217272367,60694.61115268057,60489.69721034206,60386.52997154583,60340.99855710353,60358.20282262624,60968.670804301226,61154.24186730458,61280.92133419884,61340.370350776364,61332.55071030073,61138.259580779035
2024-09-01,59577.14541625971,60893.19966973192,60564.18610636387,60235.17254299582,59467.47422847035,58962.98676463934,60498.38339369026,60930.801219831126,61978.94442884651,62267.74522335847,62130.29066799581,62472.46477389859,59423.56166775558,59883.437822716216,59994.4514219966,60000.08655177158,60021.01280413184,60096.063865146396,60793.9882467842,60993.511272608455,61133.612545332035,61206.48864674927,61212.10131489754,61043.92616720602
2024-09-05,58261.09116278749,59840.35626695414,60070.665761311786,60103.56711764859,59686.81660404906,58875.249814407856,60410.646443458776,60667.590369136684,61682.83222181526,62180.00827312698,62077.64849785692,62296.99087343563,58184.299288535425,58903.97085158257,59316.80375251186,59444.622980415894,59547.78574339083,59702.18549566751,60545.668805657166,60768.596030202316,60929.291782576445,61021.20813615933,61044.76545400901,60909.536324028944
2024-09-06,56945.03690931527,58261.091162787496,59741.65219794374,59708.75084160693,59577.14541625971,58787.51286417638,60322.90949322729,60404.37951844224,61320.91730211039,62004.53437266401,62025.00632771804,62121.51697297267,56906.64097218924,57812.308119669404,58497.287953252126,58750.870194129915,58944.89296069117,59193.03514068945,60228.463247604624,60483.06195384787,60670.74011782998,60786.76354973579,60832.38181261406,60736.40337769582
2024-09-06,55628.98265584305,56945.03690931527,58919.1182895236,59050.72371487082,59248.13185289165,58699.7759139449,60235.17254299582,60141.1686677478,60893.19966973192,61770.569172046744,61893.40090237081,61946.0430725097,55609.78468728004,56645.84821390322,57567.430275278515,57943.97168653735,58232.28302864188,58583.021798399626,59846.81583823469,60140.27675654228,60360.60296094663,60505.29245600136,60576.716970393,60525.79759470303
2024-09-09,55628.98265584305,56418.615207926385,58261.09116278749,58919.1182895236,59028.789477312945,58875.249814407856,60147.435592764334,59990.76246735097,60597.08746270067,61565.84962150661,61788.11656209304,61836.371884720356,56277.41079829766,56745.57777904058,57429.1206383978,57762.34718158788,58034.245164130094,58378.27368726408,59659.604294433426,59962.76343169569,60193.98998280208,60350.49873638521,60434.29814307487,60408.39558016403
2024-09-13,56506.35215815786,56418.615207926385,57603.06403605138,58655.907438829156,58809.44710173425,58962.98676463934,60059.69864253285,59915.55936715257,60366.77796834304,61361.130070966494,61682.83222181525,61770.56917204674,57269.25098054257,57250.74890695621,57614.002977151074,57853.02790544235,58069.14454853892,58363.62587170451,59569.377640778854,59868.22608342269,60099.702235475575,60259.65492872801,60349.074339125174,60337.99214222767
2024-09-13,58261.09116278749,56945.03690931527,57438.557254367355,58392.69658813472,58919.11828952359,59050.72371487082,59971.96169230137,59915.559367152564,60202.27118665902,61156.41052042637,61656.51113674581,61682.83222181525,58423.198198401136,58026.21441005737,58050.25685250855,58166.503816500044,58301.14468203443,58515.315814773916,59569.87878758407,59852.054935246924,60074.211658926215,60229.980602064745,60318.80261638644,60313.046342993206
2024-09-18,59577.14541625971,57997.880312093046,57603.06403605138,58129.48573744027,58919.118289523605,59138.460665102306,59884.22474206989,59990.76246735097,60103.56711764859,60951.69096988625,61603.86896660693,61595.09527158377,59658.19893406653,58981.87616328222,58682.02192300264,58662.266698905834,58699.92237244943,58812.551296643665,59655.2543283678,59909.89630938516,60114.16229360301,60258.816213734244,60341.32799122292,60332.06776718564
2024-09-19,60893.19966973193,59577.14541625971,58096.58438110346,58261.09116278748,58919.118289523605,59226.19761533379,59796.48779183841,60141.1686677478,60070.66576131179,60746.971419346126,61551.22679646803,61573.16103402591,60933.72642863534,60057.668749922865,59465.85125638076,59307.17346696007,59239.819534104005,59237.13912496373,59820.0284957766,60037.63839904214,60216.36188529901,60343.61785336585,60414.57998916627,60393.614865671225
2024-09-22,62209.253923204145,60893.19966973192,58919.1182895236,58655.907438829156,58919.11828952359,59577.1454162597,59708.750841606925,60253.97331804541,60103.56711764859,60629.988819037484,61498.58462632915,61595.09527158377,62229.51730265585,61213.5485588407,60367.95279422423,60074.10705054485,59899.125479115144,59773.160256427815,60059.07879777014,60231.39783113346,60377.77389952475,60481.95221538847,60536.569330830156,60496.29335328434
2024-09-26,63525.308176676364,62209.253923204145,60070.66576131179,59313.93456556526,59248.13185289165,59840.35626695415,59621.01389137544,60366.77796834304,60202.27118665902,60571.49751888317,61445.94245619026,61660.89798425739,63535.439866402216,62422.81984927666,61362.043824429646,60940.88075592735,60659.469625427984,60406.685528142916,60367.61322566553,60487.50697552384,60595.50992542451,60671.49179012614,60705.384747789,60638.754659184844
2024-10-01,63525.308176676364,62735.67562459303,61057.70645141596,59840.35626695414,59467.47422847036,59840.35626695415,59533.27694114396,60366.77796834304,60268.07389933262,60483.76056865168,61314.33703084304,61704.76645937313,62872.34689480318,62351.63120725248,61550.31273526843,61171.49405906858,60897.897978932015,60632.00657752557,60486.428754538996,60583.15958372853,60674.229144833786,60738.35101336515,60764.3600100061,60690.246446965124
2024-10-01,62647.938674361554,62735.67562459303,61551.226796468036,60366.777968343034,59686.81660404906,59664.88236649118,59445.53999091249,60291.57486814463,60333.876612006236,60396.0236184202,61130.089435356924,61748.63493448887,61882.77328226755,61865.4873614123,61404.28760959366,61120.89507918919,60897.17516213199,60664.65571405136,60512.672039390156,60600.384032950984,60684.91063385391,60745.08356364791,60769.41254571752,60696.900652069206
2024-10-14,62209.253923204145,62998.88647528747,62209.253923204145,61288.01594577359,60235.172542995824,59840.35626695415,59489.40846602822,60253.97331804541,60498.38339369026,60396.0236184202,60972.16292494026,61792.503409604615,62704.04072947196,62418.760966500326,61875.62551338982,61558.061096914134,61301.50331821574,61022.237271879494,60707.03566115056,60762.87981871385,60823.46661156114,60865.962894751225,60877.48688492422,60789.63533955052
2024-10-14,63086.623425518956,63262.09732598192,62867.281049940255,62077.648497856935,61002.87085752127,60191.30406788007,59621.013891375456,60216.37176794621,60629.988819037484,60454.514918574525,60893.19966973193,61836.371884720356,63772.70157981027,63226.29478771641,62534.67816155843,62155.024975684035,61846.09702774387,61499.627916663136,60973.76642044077,60989.46218601624,61019.46152955256,61038.80635295159,61032.93298575642,60922.47887086816
2024-10-15,64841.36243014858,63525.30817667637,63525.308176676364,62867.281049940255,61989.91154762544,60717.72576926896,59840.35626695415,60178.770217847,60761.594244384694,60571.49751888317,60866.87858466248,61880.2403598361,64965.059131715534,64203.33541968454,63339.7311664612,62882.73255894525,62509.37697480186,62081.85151253284,61308.1954696782,61276.57076921704,61270.093488301645,61261.35462837003,61233.89313203701,61094.11620138567
2024-10-16,66157.4166836208,64578.15157945415,64183.335303412474,63656.91360202358,62867.28104994025,61419.62137112082,60147.435592764334,60253.97331804543,60893.199669731934,60746.971419346126,60893.19966973193,61989.91154762544,66219.26503440428,65293.380592154026,64258.340004379395,63717.41226406303,63273.08373823127,62755.80394060286,61705.95517725335,61620.84300076633,61572.697266307594,61531.44664199237,61478.58245920686,61303.27540272838
2024-10-20,67473.47093709302,66157.4166836208,64841.36243014858,64446.54615410692,63744.650552255065,62296.99087343562,60542.251868806,60404.37951844224,61024.805095079144,60980.9366199634,60972.16292494026,62077.64849785692,67504.39511248475,66458.76212495776,65265.270045754034,64639.614614336155,64121.76703859034,63510.01909684816,62162.959694241224,62019.1031224225,61924.7376528746,61847.015274762096,61765.2860973984,61548.72624913242
2024-10-29,68789.52519056524,67473.47093709302,65499.38955688469,65236.17870619024,64622.02005456988,63349.834276213405,61024.805095079144,60629.988819037484,61156.41052042637,61273.393120735,61103.76835028748,62165.385448088404,68804.9872782611,67674.36789798432,66340.8943564837,65633.42640155458,65042.35356250528,64334.464140246826,62675.38677487325,62468.35180695739,62323.80310612131,62206.083282364685,62092.35642654545,61829.278850143106
2024-10-29,70105.57944403746,68789.52519056524,66650.93702867288,66025.81125827358,65499.3895568847,64314.9407287597,61595.09527158378,60930.80121983114,61288.01594577359,61536.603971429446,61288.01594577359,62253.12239831989,70113.31048788539,68923.4564978261,67469.94754337837,66685.82772809187,66023.78127558288,65220.36033490469,63239.66076988206,62965.75635643328,62767.59972035574,62606.75938763013,62458.21043913593,62143.7823281431
2024-11-03,70105.57944403746,69315.94689195413,67637.97771877705,66420.62753431525,66047.74549583146,65016.83633061154,61989.911547625445,61194.01207052558,61320.91730211039,61712.07787189241,61445.94245619026,62275.05663587775,69451.41783922532,68878.81272873915,67763.187020531,67068.3181758143,66449.28033942632,65666.50594186225,63597.716538958404,63289.299069441084,63061.35218233,62875.57529227187,62706.49729341404,62361.67556380674
2024-11-06,70544.26419519486,70105.57944403746,68625.01840888121,67341.8655117458,66705.77262256756,65806.46888269488,62428.59629878285,61570.02757151764,61485.42408379442,61916.79742243254,61682.83222181525,62318.92511099349,70436.5257683675,69726.41971832933,68576.17517097072,67859.83008884983,67214.25777913145,66385.89691131818,64102.4853878972,63741.09543766773,63469.17079284351,63247.14304924121,63048.26735017063,62658.7234071493
2024-11-06,70982.94894635228,70895.2119961208,69612.05909898538,68526.31433987079,67363.79974930367,66596.1014347782,62867.281049940255,62021.24617270811,61715.73357815206,62121.51697297266,61972.36415757915,62362.793586109234,71587.1068596747,70730.17579588019,69500.95578875097,68746.7133365102,68064.01626710844,67179.87079127615,64659.59523067686,64240.906132852506,63921.29358106324,63659.77543650698,63428.24463044334,62989.181299437274
2024-11-06,72737.6879509819,71684.84454820413,70599.09978908955,69579.15774264857,68350.84043940784,67385.73398686154,63305.965801097664,62547.667874097,62011.84578518332,62326.236523512795,62314.53826348192,62406.662061224975,72820.42453206441,71838.03126540483,70512.68610335168,69711.62767613637,68985.51256516161,68039.10471792339,65265.669228985076,64786.06369238659,64415.55936758868,64111.68703535804,63844.930811722836,63351.953828890575
2024-11-06,74053.74220445412,72474.47710028745,71586.14047919371,70632.00114542634,69557.2235050907,68175.36653894487,63876.2559776023,63149.2926756843,62373.76070488817,62530.95607405291,62630.39128431526,62516.33324901433,74095.11049499537,73015.28632957867,71592.04395992383,70740.38563646181,69967.71008712542,68955.44118542376,65917.54840504582,65374.04884602835,64949.912396404725,64601.17005398405,64296.886329247034,63745.981498896705
2024-11-09,75369.79645792634,74053.74220445412,72573.18116929787,71684.84454820413,70653.93538298421,68964.9990910282,64402.67767899118,63713.3159271724,62801.47833726664,62735.67562459304,62946.24430514859,62669.87291191942,75390.48060319696,74238.8077901853,72724.00101580712,71821.37928645032,71001.27018316745,69921.7423761706,66612.27758610084,66002.48228299404,65522.39719227754,65126.59095239277,64782.72807177557,64170.23955046237
2024-11-10,76685.85071139855,75369.79645792634,73560.22185940204,72737.6879509819,71750.64726087773,70017.84249380598,64929.099380380074,64277.339178660484,63294.99868231872,63028.13212536464,63262.09732598192,62867.281049940255,76696.19278403386,75493.17351508046,73896.8685600435,72945.11122798131,72078.2909188141,70931.76269975811,67347.09225569891,66669.11687643232,66131.15366900909,65686.3872140701,65301.1271677261,64623.73682327331
2024-11-10,78001.90496487077,76685.85071139855,74547.26254950621,73790.53135375967,72847.35913877125,71246.15979704673,65455.52108176895,64841.36243014858,63854.32174004442,63379.07992629056,63577.95034681526,63108.55766307683,78007.07600118843,76768.10208283464,75101.55537299895,74103.81086259254,73192.08604181855,71980.03726458122,68119.40625328886,67371.8303398725,66774.41247631345,66279.06425800275,65850.80685812872,65105.514654096616
2024-11-11,79317.95921834299,78001.90496487077,76027.82358466244,74843.37475653745,73944.07101666478,72386.74015005598,66113.54820850506,65405.38568163668,64479.44751044372,63788.51902737081,63893.80336764858,63393.70275132914,79320.54473650182,78056.73921249482,76330.99050606924,75291.12042790574,74336.99795412572,73061.78429048546,68926.80026738734,68108.61829164777,67450.49057367478,66903.19248496082,66430.54045299397,65614.64581130103
2024-11-11,80634.01347181521,79317.95921834299,77343.87783813466,75896.21815931522,75040.78289455829,73527.32050306523,66859.31228547265,66082.21358342239,65170.37599351663,64256.449428605374,64209.65638848192,63722.7163146972,80635.30623089462,79354.51538342569,77579.6743325622,76501.83811833877,75508.23945738137,74172.81971983571,69767.01107112285,68877.58770462841,68157.78702011459,67557.40445220283,67039.14936782335,66150.23346431123
2024-11-11,81950.06772528743,80634.01347181521,78659.93209160688,77343.87783813466,76137.4947724518,74667.90085607448,67692.81331267171,66721.4399351089,65828.40312025274,64782.87112999426,64525.50940931525,64095.59835318099,81950.71410482714,80658.38424853701,78843.32936505052,77731.70791114257,76701.75984528572,75309.4825022012,70637.9214522607,69676.95071985858,68894.7789693363,68240.39217101967,67675.50123711934,66711.41018685048
2024-11-11,83266.12197875965,81950.06772528743,79975.9863450791,78659.93209160688,77234.20665034531,75808.48120908374,68614.05129010227,67360.6662867954,66486.43024698886,65367.78413153747,64920.32568535692,64512.34886678052,83266.4451685295,81966.31490976863,80118.62866886861,78977.24760588609,77914.13159712359,76468.56921845503,71537.550792904,70505.01880387995,69660.01786022852,68950.90452177673,68338.5081018755,67297.33699286403
2024-11-11,84582.17623223187,83266.12197875965,81292.0405985513,79975.98634507912,78659.93209160688,76949.06156209299,69623.02621776432,67999.89263848192,67144.45737372497,66011.188433235,65367.78413153747,64972.9678554958,84582.3378271168,83276.95343508045,81402.98462816539,80235.60812948937,79142.45450305905,77647.27687686114,72464.04625695564,71360.19723064858,70452.12579319751,69687.7447813453,69027.12466814529,67907.20240405166
2024-11-11,85898.23048570409,84582.17623223187,82608.09485202354,81292.04059855132,79975.9863450791,78089.64191510224,70719.73809565783,68751.92364046605,67802.48450046108,66713.08403508685,65867.88474785691,65477.45531932682,85898.31128314656,84589.3972031124,82694.3846528345,81504.45842215972,80384.27453938479,78843.15285965052,73415.67454613117,72240.97987001184,71269.79208326389,70449.76825803725,69740.34663390247,68540.22154797289
2024-11-11,87214.2847391763,85898.23048570409,83924.14910549576,82608.09485202354,81292.04059855132,79230.22226811151,71772.58149843561,69579.15774264857,68559.2156962076,67473.47093709302,66420.62753431525,65960.00854559997,87214.32513789754,85903.0444662911,83991.2633950154,82781.8912531577,81637.51522450228,80054.05112627527,74390.81418784197,73145.94426571447,72111.7699813009,71235.88002936832,70477.20908151472,69195.6352857228
2024-11-13,88530.33899264853,87214.2847391763,85240.20335896799,83924.14910549576,82608.09485202354,80634.01347181521,72825.4249012134,70481.59494502952,69283.04553561732,68204.61218902202,67026.01249091247,66442.56177187312,88530.35919200914,87217.49405956765,85292.4033619277,84066.34616096916,82900.4195355205,81278.09389125595,75387.94832063417,74073.74698684872,72976.87355521238,72045.03277817974,71236.7849332575,69872.70936820854
2024-11-19,89846.39324612073,88530.33899264853,86556.2576124402,85240.20335896798,83924.14910549576,81950.06772528743,73878.26830399115,71459.23524760889,70006.87537502704,68935.75344095106,67684.03961764857,66925.11499814627,89846.40334580105,88532.4785395761,86596.85761474221,85356.54640435531,84171.50076076241,82513.63809229808,76405.65794508312,75023.1192375573,73863.97472324834,72876.2247228415,72018.18346739607,70570.73362008901
2024-11-20,91162.44749959296,89846.39324612074,87872.31186591242,86556.25761244018,85240.20335896798,83266.12197875966,74931.11170676893,72512.07865038665,70730.70521443676,69666.89469288006,68394.70891452357,67407.66822441941,91162.45254943312,89847.81961073913,87903.88964548067,86651.44737684802,85449.50091342437,83759.24604989396,77442.61561011424,75992.86271064161,74772.00043203683,73728.49763744671,72820.54889246034,71289.02115047074
2024-11-20,92478.5017530652,91162.44749959296,89188.36611938463,87872.31186591242,86556.2576124402,84582.17623223187,75983.9551095467,73640.12515336285,71553.2391228569,70398.03594480907,69158.02038153746,67890.22145069255,92478.50427798525,91163.39840933855,89212.9266146044,87950.1944004279,86733.35554313406,85013.6597944744,78497.57950665767,76981.84567152521,75699.92997227283,74600.93495808443,73643.05897743053,72026.90758948254
2024-11-21,93794.5560065374,92478.50175306518,90504.42037285685,89188.36611938463,87872.31186591242,85898.23048570407,77036.79851232449,74730.57010623983,72441.57574395064,71216.91414696955,69973.97401869023,68372.77467696571,93794.55726899744,92479.13569289558,90523.52298025001,89252.08819307914,88022.16396111491,86275.77860266631,79569.38794235779,77988.99925977482,76646.79242534914,75492.65997144868,74484.923735641,72783.75034988068
2024-11-21,95110.6102600096,93794.5560065374,91820.47462632906,90504.42037285687,89188.36611938463,87214.2847391763,78089.64191510226,75821.0150591168,73395.71507771799,72006.5466990529,70763.60657077357,68855.32790323885,95110.61089123963,93794.97863309101,91835.3322098571,90556.55661497054,89315.16404609443,87544.63934151827,80656.95417275288,79013.31399609236,77611.66423454182,76402.8340822033,75345.3841602958,73558.92791286367
2024-11-21,96426.66451348184,95110.61026000962,93136.52887980129,91820.47462632907,90504.42037285685,88530.33899264853,79274.09074322724,76911.46001199378,74415.65712415897,72796.17925113621,71553.2391228569,69403.68384218561,96426.66482909684,95110.89201104536,93148.08477810088,91863.13155169482,90611.71092622667,88819.39926969774,81759.26156592715,80053.83648336292,78593.66689467448,77330.65515567902,76223.71100957166,74351.83913730309
2024-11-25,96426.66451348184,95637.0319613985,93959.06278822143,92741.71260375963,91491.46106296103,89583.1823954263,80414.6710962365,77889.10031457315,75402.69781426314,73498.07485298807,72263.90841973189,69930.10554357451,95768.63754455323,95110.79809403345,93584.20155185838,92453.58222593387,91303.84928527019,89605.80064348673,82620.63890102923,80890.32391539917,79399.37144909277,78103.69668213412,76964.3737268598,75032.45462454378
2024-11-25,95549.29501116702,95637.0319613985,94452.5831332735,93399.73973049574,92259.15937748649,90460.55189774113,81423.64602389855,78791.53751695411,76389.73850436731,74229.21610491707,72921.93554646801,70456.52724496339,94781.59677554532,94672.05073153476,93630.9469862315,92697.39564058906,91687.03493469593,90129.39506386807,83341.53677880396,81607.22569824047,80101.57557385587,78785.90795726,77624.3808764392,75647.60552501422
2024-11-26,93794.5560065374,95110.61026000962,94617.08991495754,93794.5560065374,92807.51531643323,91162.44749959296,82344.88400132909,79618.77161913665,77278.07512546107,74960.3573568461,73606.28375827357,70982.94894635228,93630.04926430524,93940.86773871157,93374.84804552789,92657.59675194835,91808.79906059889,90423.03340001771,83931.01839004664,82211.18547906428,80705.3280704106,79381.23812242174,78206.89542177111,76199.4382190196
2024-11-27,93794.5560065374,94847.39940931517,94946.10347832559,94320.97770792629,93465.54244316935,91952.0800516763,83309.99045387539,80483.60727141837,78199.3131028916,75779.23555900659,74290.6319700791,71575.17336041477,94370.32976215743,94330.78191247759,93760.5729820794,93103.59920795949,92316.77001435439,91008.98050751671,84652.28238165715,82927.82018911705,81408.02476259494,80065.12386767351,78869.78620099915,76819.476680055
2024-11-29,94671.92550885222,94584.18855862072,95275.11704169365,94847.39940931517,94123.56956990546,92741.71260375963,84275.09690642169,81461.24757399775,79120.55108032216,76656.60506132139,74974.98018188468,72211.26624959301,95398.49713781964,95029.40944614568,94353.03776683549,93707.79289987264,92949.06147575862,91686.19100826235,85411.91993854906,83677.75598491533,82140.64133581764,80776.49520023851,79558.29123411649,77462.3353311004
2024-12-04,96426.66451348184,95110.61026000962,95604.1306050617,95373.82111070407,94781.59669664157,93531.34515584297,85240.20335896798,82514.09097677552,80041.78905775271,77592.46586379052,75659.32839369023,72891.227613887,96570.60795238684,95933.84588641515,95106.30021130628,94441.41578479653,93686.5472128656,92443.25697809881,86207.45534683326,84459.14280613993,82901.71828368655,81514.15709458097,80271.40604057496,78127.2659691248
2024-12-06,97742.71876695407,96163.4536627874,95933.14416842975,95900.24281209295,95439.62382337767,94320.97770792629,86205.30981151428,83529.33282945408,80963.02703518326,78586.81796641399,76422.63986070412,73615.05745329671,97814.69048640656,96975.48826441886,95984.62750222185,95280.93528218375,94513.04349095185,93270.19648338975,87036.57261609733,85270.23337360052,83689.86729524331,82276.96648279711,81008.16553122085,78813.54492235156
2024-12-08,99058.77302042628,97742.71876695406,96262.15773179781,96426.66451348184,96097.65095011379,95110.61026000962,87170.41626406056,84544.57468213268,81884.26501261382,79551.92441896029,77238.59349785688,74382.75576782216,99094.75888015253,98108.60126757874,96960.22745148334,96207.09746249553,95414.85638063595,94158.27533220335,87897.10517466515,86109.37747917286,84503.7677820153,83063.82999558782,81767.64246353431,79520.47224595465
2024-12-09,99058.77302042628,98269.14046834296,96591.17129516587,96558.26993882905,96426.66451348184,95637.0319613985,88135.52271660688,85447.0118845136,82706.79892103394,80429.29392127508,78028.22604994022,75062.71713211616,98418.73882355329,97986.64043403718,97134.11441047685,96486.30133603344,95772.9890554541,94606.33076154719,88532.30605158702,86755.6742173831,85149.57026909177,83702.04255096866,82394.11604503385,80117.92297885384
2024-12-11,99497.4577715837,99058.77302042628,97413.705203586,96821.4807895235,96865.34926463926,96251.19061301887,89100.62916915315,86387.05063699378,83660.93825480132,81335.90907366706,78896.82185723189,75764.612733968,99396.78304872589,98782.70271399095,97854.27282457055,97193.30605200892,96480.96416598401,95327.3928255911,89296.33967883293,87512.29383163415,85892.26573274776,84426.94623468735,83099.24197663006,80782.083804758
2024-12-15,99936.1425227411,99848.4055725096,98565.25267537418,97479.50791625961,97304.03401579666,96865.34926463924,90065.73562169944,87327.08938947391,84680.88030124227,82242.52422605905,79818.05983466243,76466.50833581985,100543.8322880483,99752.09565178421,98706.85253630394,98011.04704752924,97282.48991388967,96122.82891331355,90095.98754002892,88299.99314806415,86662.92991785811,85177.55211708989,83828.32588162627,81467.61818561568
2024-12-15,101690.88152737072,100638.03812459295,99552.29336547837,98400.74589369017,97742.71876695404,97479.50791625961,91030.84207424574,88267.12814195409,85667.92099134644,83149.13937845101,80791.93998223188,77168.40393767171,101775.38403444563,100837.04236147045,99662.42659064596,98919.39045358627,98163.17389342094,96983.34227175472,90928.95194266208,89117.04551655204,87460.19849654697,85952.7427112767,84580.42823165146,82173.82534907597
2024-12-16,103006.93578084295,101427.67067667628,100539.33405558253,99585.19472181516,98510.41708147952,98093.66656787998,91995.94852679204,89207.16689443424,86654.96168145063,84055.75453084298,81739.49904473187,77936.10225219716,103049.18703438039,101999.02491908536,100698.10735590578,99901.86310462788,99110.83791509697,97900.79824207477,91793.08343244616,89961.8202119835,88282.77369351784,86751.4491167352,85354.64634258479,82900.02749893635
2024-12-16,104322.99003431515,103006.93578084293,101526.37474568668,100638.03812459295,99497.45777158368,98707.82521950034,92961.05497933833,90260.01029721202,87642.00237155479,84962.36968323495,82687.05810723187,78681.86632916475,104344.11566108388,103212.3647086527,101796.09334076836,100944.98695611142,100115.17735704934,98868.07899778885,92686.37122956495,90832.77710508388,89129.42103958619,87572.64890688815,86150.11292968295,83645.56906182582
2024-12-18,104322.99003431515,103533.35748223183,102019.89509073878,101296.06525132906,100374.82727389851,99058.77302042628,93794.55600653739,91162.44749959296,88530.33899264853,85868.98483562694,83555.65391452354,79361.82769345873,103675.5257209634,103143.88839938278,102065.16943856273,101319.88674242623,100560.0632684022,99385.43609567061,93352.21410384095,91509.11925373728,89806.37297818897,88243.70485801346,86811.16480700685,84280.3679943878
2024-12-18,103445.62053200034,103533.35748223183,102184.4018724228,101690.88152737072,100923.18321284524,99497.4577715837,94540.320083505,91989.6816017755,89352.87290106867,86775.59998801889,84371.60755167631,79997.92058263697,102683.20362416706,102659.55277537876,101981.99434718673,101387.34033968886,100734.0353082435,99673.61677463313,93890.19264729449,92074.77271338369,90386.10510254328,88828.36471327275,87394.68311045133,84851.20452431547
2024-12-18,101690.88152737072,103006.93578084293,102513.41543579086,101822.48695271794,101252.1967762133,99936.14252274108,95198.3472102411,92741.71260375962,90109.6040968152,87594.47819017939,85134.9190186902,80655.94770937307,101529.01544903277,101897.97760821867,101624.84610867825,101203.2470549997,100678.77253372889,99761.2680870413,94308.55617159152,92535.8868556346,90873.35984261258,89330.38482466165,87903.70837233719,85360.17577981467
2024-12-19,100374.82727389848,101954.09237806515,102348.90865410682,101690.88152737072,101361.86796400265,100374.82727389851,95768.63738674573,93418.54050554533,90800.5325798881,88354.86509218556,85845.5883155652,81313.97483610919,100293.89423472952,100951.57607895455,101054.60764462227,100813.34268507725,100429.54183937465,99673.45620371442,94615.02177474216,92898.2694203453,91272.64829031329,89753.35822452373,88341.16188842265,85809.31013077158
2024-12-19,99058.77302042628,100374.8272738985,101855.38830905475,101690.88152737072,101252.19677621331,100550.30117436146,96251.19061301887,94020.16530713264,91524.36241929783,89056.76069403741,86503.61544230129,81972.00196284529,99018.30650084179,99881.95697495439,100318.63233847379,100255.04742723667,100016.18444361763,99432.11402411936,94816.8086774655,93167.40549515693,91588.26148429763,90100.72172640484,88709.85039384704,86200.56944312504
2024-12-22,97742.71876695407,99058.77302042628,101032.8544006346,101296.06525132906,100923.18321284525,100550.30117436146,96646.00688906055,94546.58700852151,92149.48818969712,89700.16499573494,87187.96365410686,82630.02908958141,97722.48550716182,98730.1928211302,99453.7505995867,99558.97780655399,99463.95060821211,99056.43283528967,94920.67034430525,93348.47544061944,91824.28114425916,90375.76271717482,89012.47055570412,86535.85125932496
2024-12-22,96426.66451348184,97742.71876695406,99881.3069288464,100638.03812459295,100703.84083726654,100374.8272738985,96953.08621487072,94997.805609712,92708.81124742283,90285.07799727816,87872.31186591242,83288.05621631752,96416.54788358572,97523.66530075668,98488.6083019029,98750.18370718228,98794.20593925788,98563.20501337967,94932.92453241521,93446.37181947446,91984.58988161369,90581.6256538395,89251.61328943618,86816.99090730026
2024-12-24,96426.66451348184,97216.29706556517,98894.26623874226,100111.61642320405,100484.49846168784,100287.09032366701,97304.03401579666,95486.62576100168,93301.03566148531,90899.23664889851,88556.66007771796,84011.88605572724,97079.63332526988,97596.68312282248,98322.8550719143,98567.00826350442,98632.43868198036,98460.64423257647,95114.20157980482,93685.05776100112,92265.47421748537,90892.97752835121,89584.59781827383,87175.21150347187
2024-12-25,97304.03401579666,97216.29706556517,98400.74589369017,99585.19472181516,100265.15608610913,100199.35337343553,97654.98181672257,95975.44591229137,93893.26007554782,91513.39530051888,89241.00828952351,84713.7816575791,98069.20317284808,98084.04642202375,98486.39239380584,98656.42003749021,98698.02858020281,98535.41033105769,95368.69005984491,93983.5974976359,92596.85464689872,91248.01211499426,89956.13410104087,87564.8364824018
2024-12-26,97742.71876695407,96953.08621487072,97742.71876695406,98663.9567443846,99716.8001471624,100111.61642320406,97874.32419230128,96351.46141328342,94386.7804205999,92127.55395213926,89846.39324612073,85349.87454675733,97247.93384316497,97531.58578584313,98028.67508706718,98251.00994221597,98348.58795455343,98271.81710386071,95436.94647620858,94119.32344296068,92783.67464039143,91473.17091494735,90209.88039194116,87855.3882291758
2024-12-27,96865.34926463924,96689.87536417627,97084.69164021795,97874.32419230128,98949.10183263692,99760.66862227813,98005.9296176485,96652.27381407708,94814.49805297838,92653.97565352815,90399.13603257907,85942.09896081983,96179.2720515873,96724.59394389862,97380.21623660995,97680.02818181482,97850.43754000822,97876.66624837933,95415.8925267764,94174.39493279673,92897.18369500745,91631.32045170185,90402.06587712088,88093.26436770885
2024-12-29,95110.6102600096,96426.66451348184,96426.66451348184,97084.69164021795,97962.06114253275,99234.24692088924,98049.79809276425,96877.88311467231,95176.41297268323,93121.90605476272,90899.23664889851,86490.45489976657,94986.91402906235,95747.91463144489,96583.40285214939,96973.57869540075,97226.4557656281,97366.4024681491,95311.29017063194,94153.29277022676,92940.95795410665,91725.37417148451,90535.10470583015,88280.19196726954
2025-01-02,95110.6102600096,96163.45366278739,96262.15773179781,96689.87536417629,97413.70520358601,98795.56216973184,98137.53504299573,97141.09396536674,95571.22924872489,93619.08210607445,91425.65835028741,87060.74507627121,95706.7892712721,95974.16459212387,96548.57211022328,96874.13975323366,97103.41095760558,97248.93522381569,95383.2498056545,94279.59120040761,93110.9924204183,91929.77809941242,90766.14626708922,88547.28943449704
2025-01-03,95987.97976232444,95900.24281209295,96426.66451348184,96558.26993882906,97084.69164021796,98356.87741857443,98225.2719932272,97404.30481606121,95966.04552476657,94116.25815738618,91952.0800516763,87631.03525277584,96724.75401911308,96563.6826504006,96813.93803394125,97032.06321027373,97201.76600519766,97310.65816670797,95535.47360960931,94471.98717632687,93336.93029098188,92182.51465019282,91039.73734571406,88848.77892811745
2025-01-06,97742.71876695407,96426.66451348184,96920.18485853393,96689.87536417629,96975.02045242861,97918.19266741702,98313.00894345868,97667.51566675564,96360.86180080823,94613.43420869789,92557.46500827352,88201.32542928048,97891.76351976968,97395.37944040918,97312.79025316014,97400.55590302874,97487.4593921559,97529.17252342276,95762.78324901685,94726.8086121102,93616.04457046797,92481.48240544039,91354.20933317719,89183.5328406341
2025-01-06,99058.77302042628,97479.50791625961,97249.19842190197,97084.69164021795,97084.69164021796,97742.71876695406,98400.74589369018,97930.72651745008,96755.67807684989,95110.61026000962,93136.52887980129,88837.4183184587,99133.29539683409,98388.52871823894,97993.24292443534,97941.33251591414,97931.66983550093,97884.87936723224,96060.33447642857,95040.58742665402,93945.74128770962,92824.67131278665,91707.95905657996,89550.46053529382
2025-01-06,100374.82727389848,99058.77302042628,97578.21198527003,97742.71876695406,97413.70520358601,97742.71876695404,98620.08826926888,98193.93736814453,97150.49435289155,95607.78631132135,93715.59275132908,89517.3796827527,100412.0884621024,99489.31298794954,98814.94039175432,98623.06869981533,98510.0100957886,98360.62963724956,96423.59557648936,95410.0482100272,94323.5530067187,93210.15871344438,92099.44621254949,89948.50713393102
2025-01-07,100374.82727389848,99585.19472181516,97907.22554863809,97874.32419230128,97633.04757916469,97654.98181672257,98795.56216973184,98344.34356854134,97446.6065599228,96017.2254124016,94215.69336764849,90109.60409681518,99735.43074126434,99345.79966544178,98869.1254203481,98702.28766719914,98594.43516111746,98447.89756014665,96593.60702448529,95612.75514393828,94554.5393488515,93464.44629202373,92372.36098949792,90247.20438244966
2025-01-07,99497.4577715837,99585.19472181516,98236.23911200614,97742.71876695406,97852.3899547434,97567.2448664911,98971.0360701948,98419.54666873977,97676.91605428045,96368.1732133275,94663.15181382907,90657.96003576196,98739.0747541092,98811.43936594587,98618.81283070498,98527.8205944273,98463.40186970771,98359.75021099758,96667.74326593489,95731.08645632805,94710.06029607647,93650.45813877026,92582.96325540579,90492.95895747744
2025-01-08,97742.71876695407,99058.77302042628,98565.2526753742,97742.71876695406,97742.71876695407,97479.50791625961,99014.90454531052,98419.54666873977,97841.42283596448,96660.62971409914,95057.96808987073,91162.44749959298,97582.86963379552,98016.51441512453,98131.66876021096,98145.79221607358,98150.05766105757,98118.11449880812,96652.18979803468,95769.72968172547,94793.79708716965,93771.1627637642,92733.69663816156,90687.50668448723
2025-01-08,96426.66451348184,98005.92961764851,98400.74589369015,97742.71876695406,97413.70520358601,97391.77096602813,98971.0360701948,98344.34356854136,97940.1269049749,96894.5949147164,95400.14219577351,91623.06648830824,96346.73994690257,97047.87969675289,97460.32242683289,97593.94095133468,97682.45036858864,97742.1764689583,96552.73305364596,95733.11193607458,94809.25138828382,93829.39961143002,92826.90893710875,90832.52647663312
2025-01-09,95110.6102600096,96426.66451348184,97907.22554863809,97742.71876695406,97194.3628280073,97304.03401579666,98839.43064484755,98306.74201844215,97973.0282613117,97070.06881517937,95689.6741315374,92039.81700190778,95070.64797671998,95963.43846668105,96645.70766676724,96903.14368864425,97084.31277442691,97248.7239111557,96374.7861473809,95625.41438443362,94759.75405258876,93827.8846720868,92864.85588102792,90929.64220072862
2025-01-14,95110.6102600096,95900.24281209295,97578.21198527003,97742.71876695406,97304.03401579666,97216.29706556517,98751.69369461607,98381.94511864056,98038.8309739853,97274.78836571949,96005.52715237072,92478.50175306518,95748.65624510091,96117.84714894799,96597.0314104816,96816.51111134198,96983.13611889692,97145.96648644646,96378.13313874225,95669.92828049186,94841.06675799837,93940.87509997886,93004.53465099886,91109.87244372838
2025-01-15,95987.97976232444,95900.24281209295,97249.19842190197,97742.71876695406,97633.04757916472,97128.56011533369,98663.95674438462,98532.35131903739,98104.63368665893,97479.5079162596,96321.38017320407,92917.18650422258,96745.68750602749,96659.47102161667,96851.62860080884,96984.91250327145,97099.99498782879,97220.5605215099,96466.17092120752,95785.08330751755,94982.61075843556,94106.17265072434,93190.34579289152,91327.34281875992
2025-01-15,97742.71876695407,96426.66451348184,96920.18485853392,97742.71876695406,97852.3899547434,97304.03401579664,98707.82521950036,98645.15596933501,98170.43639933254,97684.22746679973,96637.2331940374,93421.67396805361,97902.23026322688,97459.23835455319,97342.1051385016,97361.97805184504,97401.34545438224,97450.33708387446,96633.43557277002,95966.95495823471,95181.44794194774,94321.5031015902,93420.48019407898,91580.83233782825
2025-01-15,99058.77302042628,97479.50791625961,97084.69164021795,97742.71876695406,98071.7323303221,97654.98181672257,98707.82521950034,98757.96061963262,98236.23911200614,97888.94701733986,96953.08621487074,93904.22719432676,99138.52876856268,98431.1013276683,98016.04339081203,97909.76881949113,97858.80419584629,97815.89835762746,96874.81568252025,96211.83675354939,95434.7835191166,94584.69110909269,93693.19968752781,91869.1600453364
2025-01-17,100374.82727389848,99058.77302042628,97578.21198527003,97742.71876695406,98291.07470590081,98181.40351811147,98707.82521950034,98870.76526993024,98400.74589369017,98093.66656787999,97268.93923570406,94386.78042059991,100414.7051479667,99517.6947275691,98832.67408782509,98597.24385728742,98448.35455454234,98300.27125384538,97185.52960799447,96516.22812987282,95739.95903171496,94893.65590989952,94006.83426961789,92191.18370554729
2025-01-17,101690.88152737072,100374.8272738985,98400.74589369017,98137.53504299573,98510.4170814795,98620.08826926886,98707.82521950036,98983.56992022786,98631.0553880478,98298.38611842011,97584.7922565374,94869.33364687304,101710.82046440482,100680.77507866039,99760.28779738462,99399.00602520662,99149.67474320397,98888.60431972006,97561.10419979115,96876.82299937117,96094.44570240479,95246.40720864944,94359.77942706727,92545.79853307991
2025-01-17,103006.93578084295,101690.88152737072,99552.29336547836,98795.56216973184,98729.75945705823,99058.77302042628,98707.82521950034,99096.37457052548,98927.16759507905,98503.10566896023,97900.64527737071,95351.8868731462,103016.90524935999,101894.84673054532,100774.22162781363,100294.27584504453,99945.56940337492,99567.90253404445,97997.35489879269,97290.49894575698,96495.83810884017,95641.04124456215,94750.49356868376,92931.93596502849
2025-01-19,103006.93578084295,102217.3032287596,100539.33405558251,99321.98387112071,98949.10183263694,99234.24692088924,98576.21979415313,99209.1792208231,99091.67437676308,98620.08826926886,98137.53504299572,95768.63738674573,102353.89338836535,101826.8583294871,100977.92382771522,100548.20415092203,100214.07896091274,99833.27490821022,98235.64693934612,97534.96464473552,96749.25486096404,95904.07777860636,95022.66564559928,93219.1145121409
2025-01-21,103445.62053200034,103006.93578084293,101526.37474568668,100243.22184855127,99497.45777158368,99497.45777158368,98620.08826926888,99321.98387112073,99289.08251478392,98766.31651965466,98400.74589369018,96207.32213790315,103338.44171134025,102658.90223109645,101721.27187362633,101234.52885699351,100846.21912605157,100394.48929897333,98628.37875192477,97912.07716637883,97118.70535722567,96270.1174419101,95387.38424921257,93583.17600967982
2025-01-21,103884.30528315774,103796.56833292627,102513.41543579086,101427.67067667627,100265.15608610913,99760.66862227811,98751.6936946161,99434.78852141835,99486.49065280476,99000.28172027196,98663.9567443846,96646.00688906055,104488.74299956381,103652.28291666009,102591.88796566213,102035.34984441058,101583.5768432417,101050.05867257509,99080.67975423849,98341.3531175682,97534.331646522,96677.46208739585,95789.4101332204,93978.45038471356
2025-01-26,104322.99003431515,103796.56833292627,103006.93578084293,102085.69780341237,100923.18321284525,100023.87947297256,98839.43064484758,99434.78852141833,99585.19472181516,99205.00127081206,98848.20433987072,97018.88892754432,103747.83939020337,103437.16720472103,102684.1208134801,102212.00183285282,101802.55514133419,101294.66831110857,99333.98659466459,98600.55215441682,97801.28794575756,96952.65659581487,96072.45035479194,94274.46630315055
2025-01-28,103445.62053200034,103270.14663153738,103171.44256252697,102480.51407945405,101581.21033958136,100287.09032366701,98927.16759507904,99359.58542121992,99618.09607815197,99409.7208213522,98979.80976521794,97347.9024909124,102719.36045878704,102855.0719789376,102463.40097212247,102117.25268640154,101785.3745853398,101344.19496314133,99486.04433225853,98772.23711958092,97991.02421803164,97158.66637545367,96292.78098908263,94517.62746106995
2025-01-30,103006.93578084295,103796.56833292627,103500.45612589501,103006.93578084293,102239.23746631747,100813.5120250559,99146.50997065776,99321.98387112073,99782.602859836,99614.44037189231,99137.73627563461,97698.85029183833,103521.1752465511,103344.37799739679,102876.64298594308,102518.29584056763,102175.77696210524,101716.54434703806,99798.10534529445,99080.6122815106,98299.90059931418,97470.15870845622,96607.69114781795,94839.11476242414
2025-02-01,102568.25102968553,103270.14663153738,103335.94934421098,103138.54120619016,102568.25102968553,101252.19677621331,99321.98387112073,99284.38232102152,99815.5042161728,99731.42297220096,99216.69953084296,97983.99538009064,102606.02838696091,102793.21250738809,102613.14043959367,102367.85687453183,102101.17766445377,101713.33649457963,99920.21993768646,99225.62723961395,98465.31430312202,97653.66839623994,96807.03194707618,95063.76285569424
2025-02-02,102129.56627852812,102217.3032287596,102842.4289991589,103006.93578084293,102677.92221747489,101690.88152737072,99497.45777158368,99246.78077092231,99782.602859836,99789.9142723553,99321.98387112071,98225.2719932272,101490.4278304297,101987.0840962249,102115.73751388365,102005.48785623487,101835.58529667606,101546.02284199449,99949.54944324853,99289.4716859631,98558.46127730636,97771.97965179328,96946.94548934499,95237.89611726884
2025-02-02,100374.82727389848,101427.67067667627,102513.41543579086,102612.11950480126,102568.25102968553,101866.35542783368,99541.3262466994,99209.1792208231,99683.89879082558,99789.9142723553,99427.26821139849,98422.68013124804,100274.60042542798,101010.98040429204,101436.41207089313,101469.72152245148,101408.38340802224,101235.11661429846,99892.07999661483,99276.65509343328,98582.86672819029,97827.92718956128,97029.76225529278,95363.17077119615
2025-02-02,99058.77302042628,100638.03812459295,101690.88152737072,101954.09237806515,102239.23746631747,101866.35542783368,99497.45777158368,99171.5776707239,99519.39200914156,99731.42297220098,99532.55255167627,98576.21979415313,99008.65959619102,99921.55985851272,100615.59133668445,100792.08465781558,100844.43500170406,100798.56688338041,99753.4115301851,99191.43640862888,98541.88390081286,97824.2224755348,97057.72133418893,95441.18873909226
2025-02-03,99058.77302042628,99848.4055725096,101032.8544006346,101822.48695271794,102019.89509073878,101954.09237806516,99629.06319693089,99246.78077092231,99387.78658379432,99789.9142723553,99637.83689195405,98751.6936946161,99691.74343504476,100072.64899697465,100562.08821162091,100716.21967892157,100772.18765896476,100745.59943219517,99793.5028684892,99257.1803455883,98631.29577267078,97935.11833633567,97187.80392009327,95602.94738122629
2025-02-05,98620.08826926886,99058.77302042628,100374.8272738985,101164.45982598183,101471.539151792,101778.6184776022,99716.80014716239,99284.38232102152,99256.18115844711,99731.42297220098,99664.1579770235,98861.36488240544,98717.2311009994,99296.00558696779,99935.56166836162,100175.58314947294,100306.11552173235,100370.23934904003,99661.19421677725,99173.04359121973,98587.95055287969,97926.75313766675,97209.5652866422,95673.10382079417
2025-02-11,98181.40351811146,98269.14046834296,99716.80014716239,100243.22184855127,101032.8544006346,101427.67067667627,99804.53709739386,99321.98387112073,99124.57573309989,99614.44037189233,99637.83689195405,98927.16759507907,97571.94780724062,98339.55856247246,99155.80674505502,99493.96157929274,99709.27690507844,99877.29249459524,99452.51488108077,99020.46697578984,98482.52196559189,97861.53189313565,97178.8632955306,95697.8107289867
2025-02-24,96426.66451348184,97479.50791625961,98565.25267537418,99453.58929646795,100265.15608610916,100901.2489752874,99760.66862227813,99246.78077092231,98992.97030775266,99438.96647142938,99558.87363674572,98949.10183263692,96341.27903362512,97263.24246165152,98256.87419282271,98696.98861215035,99001.78972891401,99281.45721527204,99172.39200230197,98803.25271380204,98318.03846775845,97741.92660473657,97097.75533333485,95678.55825441648
2025-02-24,95110.6102600096,96689.87536417627,97578.21198527003,98663.95674438462,99278.11539600499,100199.35337343553,99629.0631969309,99096.37457052548,98861.36488240545,99205.00127081206,99427.26821139849,98927.16759507907,95067.91752008126,96107.01364328014,97265.24792920376,97805.63722931164,98200.67684854838,98595.59456418021,98825.43484128492,98524.99178562066,98097.3807867231,97570.30179611602,96968.21810480463,95616.78768836129
2025-02-24,93794.5560065374,95110.61026000962,96591.17129516587,97479.50791625961,98400.74589369017,99585.19472181516,99409.72082135221,98983.56992022786,98729.75945705823,98912.54477004049,99321.98387112071,98861.36488240544,93773.20963657321,94897.50967987515,96201.52655672852,96837.06714272137,97320.34221847405,97830.95796279082,98415.95528720623,98189.07567270091,97823.28912654445,97348.91918554468,96792.15079685628,95513.89306664425
2025-02-25,92478.5017530652,93794.5560065374,95604.1306050617,96426.66451348184,97523.37639137536,98707.82521950036,99102.641495542,98870.76526993024,98598.154031711,98649.33391934603,99137.7362756346,98751.6936946161,92467.82856808309,93652.48895311441,95081.73121069842,95805.318116698,96372.97380018464,96997.3941548911,97947.98704284409,97798.70744086159,97498.37002279048,97079.94215571614,96571.37811848763,95371.2227189931
2025-02-25,91162.44749959296,92478.50175306518,94617.08991495754,95373.82111070407,96316.99332569249,97654.98181672257,98707.82521950034,98757.96061963263,98466.54860636378,98386.12306865158,98900.8465100096,98663.95674438462,91157.11090710192,92383.79038411652,93918.32277412561,94721.8772311385,95368.8844841748,96103.5190412948,97425.30357208774,97356.91220782042,97125.10286295266,96765.44002920692,96307.6532214809,95190.08076760097
2025-02-26,89846.39324612073,91162.44749959296,93136.52887980129,94320.97770792629,95220.28144779896,96689.87536417627,98356.87741857443,98532.35131903739,98236.23911200614,98122.91221795716,98611.31457424571,98576.21979415313,89843.72494987522,91099.30658696052,92720.9930449085,93596.1430059585,94316.80056240153,95156.87153521401,96851.43488954328,96866.54702919976,96705.8460887912,96407.39215804666,96002.66050656786,94971.72857655385
2025-02-26,88530.33899264853,89846.39324612074,91820.47462632907,93268.13430514852,94123.56956990545,95724.76891162999,98005.92961764851,98231.53891824374,97940.1269049749,97859.70136726269,98269.14046834294,98488.48284392165,88529.00484452577,89804.29930436578,91497.28008807912,92435.80513927081,93224.10582036688,94164.0481857093,96229.68326693896,96330.31023530956,96242.84309612674,96007.69183548115,95658.01831954959,94717.38615373596
2025-02-26,87214.2847391763,88530.33899264853,90504.42037285685,91820.47462632907,93026.85769201194,94496.45160838925,97654.98181672257,97855.52341725168,97676.91605428045,97596.49051656827,97874.32419230128,98334.94318101656,87213.61766511493,88502.27636481189,90253.04684310689,91247.15520225868,92097.04807657261,93130.82097320865,95563.13792621411,95750.75024922036,95738.22784683752,95568.15003765855,95275.28154168588,94428.23350677096
2025-02-26,85898.23048570409,87214.2847391763,89188.36611938462,90504.42037285687,91930.14581411843,93355.87125538,97304.03401579666,97404.30481606121,97413.705203586,97333.27966587382,97505.82900132905,98137.53504299573,85897.8969486734,87195.57632061855,88992.85337402357,90035.340844072,90940.91394667403,92062.24038058656,94854.68878466687,95130.2739149432,95194.03020710032,95090.49900263354,94855.9440785007,94105.41195450601
2025-03-02,85898.23048570409,86687.86303778742,88365.83221096451,89583.1823954263,90833.4339362249,92478.50175306518,97084.69164021796,96990.68776496993,97249.19842190198,97157.80576541084,97216.29706556516,97962.06114253277,86556.09084392485,87201.81246013781,88597.61589961308,89522.42155227279,90367.58637628976,91456.24592541027,94361.75949140942,94690.4967385117,94804.774330616,94748.05490421793,94556.27116318548,93879.4733557386
2025-03-02,86775.5999880189,86687.86303778742,87872.31186591242,88925.15526869019,90065.73562169944,91776.60615121333,96821.48078952351,96689.87536417629,97051.79028388116,96953.08621487074,96979.40729994018,97786.5872420698,87543.21491828669,87644.65463764139,88582.66547584318,89342.04290506837,90084.93293265263,91090.50755881505,93985.53881407001,94348.26575263041,94498.70431412962,94477.71942979851,94319.96009763815,93704.09190005226
2025-03-02,88530.33899264853,87214.2847391763,87707.8050842284,88530.33899264853,89517.3796827527,91250.18444982445,96558.26993882906,96464.26606358105,96854.38214586032,96748.3666643306,96795.15970445405,97611.11334160685,88694.80408220371,88378.56750713452,88863.49386923821,89433.74296707791,90048.23451934004,90934.99326972826,93718.4971645249,94098.16172449099,94271.76231081199,94276.35742181014,94144.52610343527,93577.60997616421
2025-03-02,89846.39324612073,88267.12814195408,87872.31186591242,88398.7335673013,89188.36611938463,90636.02579820408,96295.05908813461,96313.85986318422,96656.97400783948,96631.38406402196,96663.55427910684,97501.44215381748,89928.62579089834,89306.52750462067,89374.3724537615,89748.05288208065,90219.6519009174,90963.42504846134,93553.5907345293,93935.06648977443,94120.08841758172,94140.97003388611,94027.58184444459,93498.42432070519
2025-03-02,91162.44749959296,89846.39324612074,88365.8322109645,88530.33899264853,89078.69493159528,90285.07799727816,96031.84823744018,96238.6567629858,96459.56586981865,96572.89276386764,96584.59102389851,97369.83672847027,91203.56377198176,90363.85225410217,90064.1789647179,90244.49813135057,90567.16726278629,91152.80963653683,93484.23015508,93854.14622662393,94040.01101931259,94068.68880428441,93966.83360555874,93464.98423632035
2025-03-02,92478.5017530652,91162.44749959296,89188.36611938463,88925.15526869019,89188.36611938463,90109.6040968152,95768.63738674574,96238.6567629858,96262.15773179781,96572.89276386764,96558.26993882906,97238.23130312304,92499.05988925957,91507.42017158058,90893.1516406778,90889.96319956635,91063.68860797877,91483.0279327869,93504.25117775468,93850.83565884133,94028.03760405525,94056.76998699094,93960.07762128251,93475.78986819323
2025-03-03,92478.5017530652,91688.86920098185,89846.39324612074,89188.36611938463,89188.36611938463,89846.39324612074,95373.82111070406,96088.25056258898,96064.74959377697,96455.910163559,96426.66451348185,97040.82316510219,91830.75369442627,91392.42928091805,90952.99516488117,90939.50579957118,91078.88228361173,91442.95537863766,93353.16706948618,93701.48076110531,93888.25272091069,93930.92987884197,93850.3666361045,93399.94257699524
2025-03-03,91601.13225075036,91688.86920098185,90504.42037285687,89451.57697007908,89188.36611938463,89583.18239542631,94891.26788443093,95862.64126199373,95867.34145575613,96280.43626309602,96242.41691799574,96799.54655196563,90838.5734702735,90877.08393598562,90707.08362737886,90740.7580625802,90889.2685855362,91243.38511207305,93126.92359701099,93487.30923249506,93691.08884409159,93753.34132959154,93693.34807177256,93283.43276223794
2025-03-03,89846.39324612073,91162.44749959296,90668.92715454087,89714.78782077352,89188.36611938463,89319.97154473186,94452.58313327351,95561.82886120009,95669.93331773531,96046.47106247875,96084.49040757905,96514.40146371331,89684.45623146102,90094.83562153993,90223.36259743878,90338.86368622899,90526.35634047656,90904.25434714499,92830.36975156826,93211.92199694802,93439.34494889915,93526.25427146153,93490.87712746984,93127.59362143603
2025-03-03,88530.33899264853,90109.6040968152,90504.42037285685,89977.99867146797,89188.36611938463,89056.76069403741,93882.29295676887,95185.81336020803,95472.52517971447,95754.01456170715,95926.5638971624,96251.19061301887,88449.37048531866,89134.65199408539,89554.67862893603,89770.7584231285,90016.80686335344,90443.0081461489,92468.04168625265,92878.71992707181,93135.68347525402,93251.8208135337,93244.73624947025,92933.71464070864
2025-03-05,88530.33899264853,89319.97154473184,90504.42037285687,90241.20952216242,89517.3796827527,89056.76069403741,93355.87125538,94847.39940931517,95373.82111070407,95490.8037110127,95847.60064195408,96053.78247499805,89147.88186571971,89371.89907809718,89619.50409942152,89784.5102091271,89990.58938377918,90368.43128364539,92298.90307721187,92710.25733368564,92975.23029334503,93103.75874538408,93111.46789638355,92832.49098793161
2025-03-07,88091.65424149111,88530.33899264853,90010.90002780478,90109.6040968152,89736.7220583314,88969.02374380594,92829.4495539911,94396.1808081247,95143.51161634643,95227.59286031827,95663.35304646794,95834.44009941934,88181.08330244801,88652.69429845689,89085.01090825594,89317.19648731787,89563.46559230181,89974.16296558676,91970.86318443538,92404.92552287957,92694.20855899523,92847.69465815564,92880.20581176352,92648.28750349379
2025-03-09,87652.96949033371,87740.7064405652,89188.36611938463,89714.78782077352,89627.05087054205,88881.28679357444,92303.02785260223,93869.75910673582,94847.39940931517,94964.38200962382,95426.46328084296,95615.09772384065,87039.65689407605,87734.53969420596,88376.8374810222,88695.56630520627,88999.58326820987,89464.67140560142,91579.0804296785,92043.4424652587,92362.69743346873,92545.5440419598,92606.4028577735,92426.97415763483
2025-03-09,85898.23048570409,86951.07388848186,88036.81864759645,89056.76069403741,89298.03730717399,88793.54984334297,91645.0007258661,93380.93895544614,94485.48448961032,94701.17115892937,95136.93134507908,95395.75534826194,85810.91656315397,86683.75187354792,87533.57942573546,87947.67720102912,88319.98218575172,88854.35950893023,91127.66725564969,91628.92767453499,91983.15981389608,92199.31065892563,92291.72730380096,92169.7676671382
2025-03-09,84582.17623223187,86161.44133639852,87049.77795749228,88135.52271660687,88749.68136822723,88705.81289311149,91030.84207424574,92779.31415385884,94057.76685723185,94437.96030823493,94794.7572391763,95176.41297268323,84538.51927095681,85544.5419086185,86585.25554862972,87096.48534243467,87542.46523082987,88155.8298176589,90620.47078617293,91164.32735810302,91557.93845608442,91810.91115108965,91937.78199690448,91877.84485643267
2025-03-09,83266.12197875965,84582.17623223187,86062.7372673881,86951.07388848186,87981.98305370177,88354.86509218557,90416.68342262537,92102.48625207313,93564.24651217976,94174.74945754049,94399.94096313462,94957.07059710452,83244.29349812212,84346.38384750814,85555.21381010923,86160.7730484079,86682.09638382333,87380.10955611247,90061.08994353516,90652.42404516882,91089.26183506982,91382.17882822583,91546.10692739516,91552.34396553828
2025-03-09,81950.06772528743,83266.12197875965,85075.69657728396,85898.23048570409,86994.94236359761,87828.44339079667,89802.524771005,91463.25990038662,93004.92345445408,93823.80165661455,94031.44577216242,94671.92550885222,81939.15348496867,83108.9270556105,84461.61373493279,85155.90767084558,85751.62208966824,86536.8475455753,89452.89146148872,90095.8456799825,90579.24971978899,90914.86729098762,91118.18169380717,91194.3659151292
2025-03-10,80634.01347181521,81950.06772528743,84088.65588717978,84845.38708292632,85788.55929791473,87126.54778894482,89188.36611938463,90824.0335487001,92379.79768405476,93414.36255553432,93662.95058119018,94342.91194548416,80628.55635165583,81845.27110985467,83318.57939791284,84094.46249766329,84761.82780177206,85634.48650467128,88799.02486515672,89497.07420989142,90029.91847581588,90410.65389652175,90655.4278712027,90804.97553011873
2025-03-11,80634.01347181521,81423.64602389855,83101.61519707562,84187.3599561902,85020.86098338927,86512.38913732446,88574.20746776428,90184.80719701361,91886.27733900267,93034.16910453123,93373.4186454263,94101.63533234758,81289.31203847163,81880.20331499893,83014.46569288497,83704.57253904949,84329.24932846673,85173.9341572483,88357.15666258453,89077.79607185787,89635.77941481442,90042.80232385725,90314.04119878747,90514.65068297027
2025-03-12,81511.38297413003,81423.64602389855,82608.09485202354,83792.54368014853,84472.50504444253,85898.23048570407,88091.65424149112,89658.38549562471,91359.85563761379,92653.97565352815,93136.52887980128,93904.22719432674,82277.71700861564,82342.17620291917,83070.38931196823,83624.85425536042,84165.69127466566,84935.45763493722,88028.70281201517,88754.92528890795,89325.06441793362,89748.1640479818,90037.65220974623,90276.99400328196
2025-03-19,83266.12197875965,81950.06772528743,82443.58807033952,83266.12197875965,84143.49148107447,85284.07183408372,87696.83796544946,89207.16689443424,90833.4339362249,92273.78220252506,92952.28128431519,93750.68753142166,83429.94662042375,83088.84287935674,83406.34196091571,83798.91279660977,84229.765883522,84891.29745959907,87806.34625848074,88523.10589687039,89093.70401863105,89523.55588207844,89823.71197531864,90090.27866587139
2025-03-19,84582.17623223187,83002.9111280652,82608.09485202354,83134.51655341242,84033.82029328511,84933.12403315779,87389.75863963926,88831.15139344218,90405.71630384644,91893.58875152198,92741.71260375963,93575.21363095871,84664.08855306392,84025.30541480586,83960.09496642425,84180.60692189966,84486.45274539618,85017.1640878622,87683.2420150758,88377.27948513892,88937.82726092725,89365.93303875701,89669.77152473497,89952.83446277674
2025-03-24,85898.23048570409,84582.17623223187,83101.61519707562,83266.12197875965,83814.4779177064,84757.65013269482,87170.41626406058,88530.33899264853,90043.80138414158,91513.39530051888,92531.14392320406,93399.73973049573,85939.18664612011,85088.29852292934,84683.24824925805,84732.18470685904,84906.11920597772,85291.80416927647,87652.98670695323,88312.66866591877,88853.75201596378,89272.38311268782,89573.47792529495,89863.04594695425
2025-03-28,85898.23048570409,85108.59793362075,83430.62876044368,83266.12197875965,83595.1355421277,84494.43928200037,86907.20541336613,88079.12039145804,89550.28103908949,91133.2018495158,92241.61198744018,93158.46311735916,85260.681439176,84919.59109269685,84660.78780103002,84704.91043874502,84856.28182540144,85203.1006771459,87454.8699021325,88105.4190862695,88645.3824655378,89068.46107440618,89377.74060398596,89689.90267706965
2025-03-29,85020.86098338927,85108.59793362075,83759.64232381173,83266.12197875965,83375.793166549,84231.22843130594,86643.99456267168,87665.50334036678,89089.66205037422,90665.27144828123,91899.4378815374,92873.31802910684,84263.40170896782,84368.43472138444,84350.86206274772,84443.3125369295,84611.64184899502,84960.97833984763,87184.62810062458,87836.56924696338,88382.97951496321,88816.18546155085,89138.06928533508,89479.28691582289
2025-04-06,83266.12197875965,84582.17623223187,84088.65588717979,83266.12197875965,83156.4507909703,83704.80672991705,86380.78371197724,87251.8862892755,88629.04306165894,90138.84974689236,91504.62160549573,92544.3044657388,83106.73471712763,83562.31238935211,83817.35220997877,83989.99529844912,84202.16890688616,84584.61451302761,86846.91452802219,87509.54138464805,88069.17893985703,88517.65860345117,88856.18687119908,89232.42726949872
2025-04-06,81950.06772528743,83529.3328294541,83924.14910549576,83266.12197875965,82937.10841539159,83266.12197875963,86117.5728612828,86838.26923818425,88168.42407294366,89641.67369558063,91057.16315931518,92237.2251399286,81870.37409447142,82586.21275017314,83109.94360149799,83379.81678451569,83653.22191687525,84090.78938287606,86446.08220181528,87127.56761171289,87706.48794141591,88174.89142381343,88533.74869865611,88950.51206220781
2025-04-06,80634.01347181521,81950.06772528743,83430.62876044368,83266.12197875965,82717.7660398129,82827.43722760225,85854.36201058835,86424.65218709297,87707.80508422838,89144.4976442689,90557.06254299576,91930.14581411843,80594.16665640721,81496.79490622976,82267.28040524133,82641.29722702975,82986.25842479337,83494.18561230943,85986.20329965578,86693.7004787479,87297.29141833913,87789.80741487844,88172.34518960472,88634.69065661382
2025-04-08,79317.95921834299,80634.01347181521,82608.09485202355,82871.30570271799,82498.42366423419,82388.75247644485,85591.15115989391,86011.03513600172,87148.4820265027,88559.58464272569,90083.28301174575,91623.06648830824,79298.03581063899,80331.83159244343,81319.4191962701,81797.77136118266,82219.43481557451,82807.65053137961,85471.08727805676,86210.82295019916,86843.85793280402,87364.24643878956,87773.50439645723,88286.07473135795
2025-04-08,78001.90496487077,79317.95921834299,81456.54738023535,82213.27857598188,82279.08128865548,81950.06772528743,85327.94030919946,85597.41808491043,86622.0603251138,88003.91729125963,89530.54022528739,91315.98716249804,77991.94326101878,79116.50463209514,80289.73731074309,80868.3312430401,81368.11418416283,82042.42555388199,84904.29782214333,85681.65782582134,86348.34538541832,86899.96836368395,87338.69444800192,87905.73951660066
2025-04-09,78001.90496487077,78791.5375169541,80469.50669013118,81686.85687459298,82059.73891307677,81774.59382482446,85064.72945850501,85296.60568411679,86194.34269273534,87535.98689002507,89004.11852389853,91074.7105493615,78654.95123968089,79183.65616084442,80073.78662354308,80586.4454203679,81052.70572788286,81701.86726193961,84543.88887996267,85328.11901429477,86005.39971873169,86570.31579214626,87024.15581152965,87624.17294873712
2025-04-09,78879.27446718559,78791.5375169541,79975.9863450791,81160.4351732041,81840.39653749809,81774.59382482448,84801.51860781058,85070.99638352156,85832.42777303049,87126.54778894482,88556.66007771797,90811.49969866704,79644.48235574804,79667.10859783468,80198.28147871468,80595.09415699469,80988.29153464168,81568.38553817404,84291.63885363057,85067.3353730459,85743.38087741866,86312.21569126146,86773.56199427442,87394.9873915597
2025-04-09,80634.01347181521,79317.95921834299,79811.47956339507,80634.01347181521,81621.05416191938,81950.06772528744,84538.30775711613,84920.59018312473,85536.31556599922,86775.59998801889,88161.84380167631,90548.28884797261,80797.27504051774,80428.09497365226,80587.56731128642,80841.45298759338,81136.25710243334,81616.09581156321,84140.56974857619,84894.15383705933,85558.34121146103,86122.5570840446,86584.40535626658,87216.4654348688
2025-04-11,81950.06772528743,80370.80262112078,79975.9863450791,80502.40804646799,81401.71178634067,82037.80467551891,84275.09690642169,84845.38708292632,85306.0060716416,86395.40653701582,87740.70644056519,90285.07799727815,82031.69850963869,81374.10397535472,81182.80168183603,81282.30189507816,81463.92862186817,81822.34908246275,84084.15376342674,84803.70762270935,85446.52563913411,85998.36425337967,86454.27659635883,87086.94597699695
2025-04-12,83266.12197875965,81950.06772528743,80469.50669013118,80634.01347181521,81182.36941076197,82125.54162575041,84011.88605572724,84845.38708292632,85141.49928995756,86102.9500362442,87398.53233466242,90021.86714658371,83306.93737093528,82443.46139431377,81938.21824859068,81882.27904728793,81943.65902346258,82167.3274761839,84116.28424528513,84791.40032323837,85404.36225343155,85936.79086115566,86380.86089580184,87004.82237862733
2025-04-21,84582.17623223187,83266.12197875965,81292.0405985513,81028.82974785689,81292.04059855132,82213.27857598188,83748.67520503279,84807.7855328271,85042.79522094714,85868.98483562694,87109.00039889854,89758.65629588926,84602.58392831968,83595.05109144388,82818.22096794922,82612.45203609086,82552.05463303819,82633.69035237392,84231.24851886054,84852.89088781978,85428.45338671314,85935.11432309254,86361.93421305218,86968.54067714284
2025-04-21,85898.23048570409,84582.17623223187,82443.58807033951,81686.85687459298,81621.05416191938,82301.01552621336,83617.06977968557,84770.18398272789,85009.89386461035,85693.51093516397,86872.11063327354,89495.44544519481,85908.434333748,84801.46230735468,83795.12402822192,83449.14889119731,83269.32080321328,83206.26465072422,84423.70246855832,84984.07943511737,85515.56711122354,85990.7304281398,86395.35972388183,86976.59785952118
2025-04-22,87214.2847391763,85898.23048570409,83924.14910549576,82608.09485202354,82169.41010086612,82388.75247644485,83573.20130456983,84732.58243262868,85042.79522094716,85576.52833485532,86687.86303778742,89232.23459450038,87219.38666319827,86044.42120245264,84847.39402031673,84373.00163691571,84078.70821697255,83871.77394346477,84688.6467604351,85181.09385498021,85662.62915421989,86101.14819181437,86479.08440109142,87027.54019185623
2025-04-22,88530.33899264853,87214.2847391763,85240.20335896799,83792.54368014853,82937.10841539159,82739.70027737078,83617.06977968557,84694.98088252949,85141.49928995756,85518.037034701,86477.29435723186,89034.82645647954,88532.8899546595,87311.74521700868,85958.28273716208,85368.16374768026,84966.04437530304,84618.60135629677,85021.40459822127,85440.27715448801,85866.71520748337,86263.98493330635,86611.13572835205,87119.96160364934
2025-04-22,89846.39324612073,88530.33899264853,86556.2576124402,85240.20335896798,83924.14910549576,83266.12197875963,83748.6752050328,84657.37933243027,85306.00607164159,85518.037034701,86345.68893188464,88815.48408090083,89847.66872712623,88595.31264453677,87114.76379548006,86421.66988439167,85919.33716365533,85436.58212420881,85417.6009144388,85758.17550699385,86125.04361197655,86476.96156662365,86789.61854291646,87252.50212507453
2025-04-22,91162.44749959296,89846.39324612074,87872.31186591242,86556.25761244018,85130.53217117862,83968.01758061149,83836.41215526428,84619.77778233108,85437.61149698881,85576.52833485532,86266.72567667632,88596.14170532214,91163.08524009571,89889.70901404624,88306.70556383232,87522.9120423323,86928.43940817993,86316.82207781586,85873.14290402761,86131.52696510893,86434.96839934676,86737.89809646951,87012.71200214514,87423.8463754811
2025-04-24,92478.5017530652,91162.44749959296,89188.36611938463,87872.31186591242,86556.2576124402,84845.38708292632,84055.75453084298,84694.98088252947,85569.21692233603,85693.51093516397,86240.40459160686,88442.60204241704,92478.82062331655,91191.32467820996,89526.22788443347,88663.21094491504,87984.76503869645,87251.53881890606,86384.20181386695,86557.25080074386,86793.97267286829,87044.70930995136,87278.66666899224,87632.72210145324
2025-05-01,93794.5560065374,92478.50175306518,90504.42037285685,89188.36611938463,87872.31186591242,85898.23048570409,84362.83385665316,84845.38708292632,85700.82234768325,85868.98483562692,86266.7256766763,88332.93085462769,93794.71544166308,92497.75320547652,90767.20174567263,89835.46536584133,89081.0489188985,88233.92274904401,86947.19590716648,87032.43743736974,87199.66231126545,87395.40065560676,87585.80171178633,87877.89876280249
2025-05-01,95110.6102600096,93794.5560065374,91820.47462632906,90504.42037285687,89188.36611938463,87126.54778894482,84757.65013269483,85070.99638352155,85832.42777303047,86102.9500362442,86345.68893188464,88201.32542928046,95110.68997757246,93807.39030814497,92024.86013851913,91033.86521086688,90211.14362575748,89258.01546959874,87558.77452692874,87554.33894159818,87649.75997966628,87788.06430160208,87932.50221382346,88158.18616492074
2025-05-08,96426.66451348184,95110.61026000962,93136.52887980129,91820.47462632907,90504.42037285685,88530.33899264853,85240.20335896798,85371.8087843152,85964.0331983777,86395.40653701582,86477.29435723188,88135.52271660687,96426.70437226325,95119.16646108132,93295.49538928246,92253.6567665191,91369.84749363388,90318.60338176816,88215.80318757554,88120.36004300685,88142.09943270475,88220.87536531383,88317.21658846656,88472.43313597438
2025-05-08,97742.71876695407,96426.66451348184,94452.58313327351,93136.52887980129,91820.47462632907,89846.39324612074,85810.4935354726,85635.01963500965,86095.63862372492,86658.61738771027,86661.54195271798,88113.588479049,97742.73869634476,96432.36864752963,94576.22375175887,93490.95063086586,92552.7591131404,91411.12458660043,88915.34962840463,88728.04965286348,88674.62009552047,88692.08830684128,88738.4540956133,88819.52624746901
2025-05-08,99058.77302042628,97742.71876695406,95768.63738674574,94452.58313327351,93136.52887980129,91162.44749959296,86468.52066220873,86011.03513600171,86325.94811808257,86921.82823840469,86898.43171834298,88135.52271660687,99058.78298512162,97746.52152298593,95864.80231223434,94742.5645659627,93756.1542147955,92531.58742251269,89654.67076682359,89375.0928540321,89245.36190909991,89200.03347932288,89194.78245555755,89198.38857676287
2025-05-08,100374.82727389848,99058.77302042628,97084.69164021795,95768.63738674573,94452.58313327351,92478.50175306518,87214.28473917629,86462.25373719218,86622.06032511381,87185.03908909914,87187.96365410688,88201.32542928048,100374.83225624617,99061.30819111418,97159.48658226465,96005.89492258235,94976.88149365323,93676.49918561995,90431.2004933105,90059.30333588425,89852.46042706438,89743.11382923888,89684.82555642484,89607.97851015367
2025-05-08,101690.88152737072,100374.8272738985,98400.74589369017,97084.69164021793,95768.63738674573,93794.55600653742,87916.18034102816,86988.67543858106,86983.97524481866,87448.24993979359,87530.13776000963,88245.1939043962,101690.88401854454,100376.51738769043,98458.91973750429,97278.81144226609,96212.27446091319,94842.80376002283,91242.53825379646,90778.61624949306,90494.14215163898,90319.80174017907,90207.26125151222,90047.28858520831
2025-05-10,103006.93578084295,101690.88152737072,99716.80014716239,98400.74589369017,97084.69164021795,95110.61026000962,88618.07594288001,87590.30024016836,87411.69287719714,87711.46079048802,87924.95403605129,88354.86509218556,103006.93702642985,101692.00826989867,99762.04647012893,98559.571186275,97460.0768568212,96027.82704430936,92086.43836866863,91531.08145976097,91168.7200971354,90928.63601383806,90760.81924300706,90515.34437104923
2025-05-18,104322.99003431515,103006.93578084293,101032.8544006346,99716.80014716239,98400.74589369017,96426.66451348184,89319.97154473186,88267.12814195408,87806.5091532388,87974.67164118247,88293.44922702354,88508.40475509065,104322.9906571086,103007.68694252823,101068.04598516416,99846.7481138227,98718.37953850829,97229.22919974412,92960.80004086984,92314.8571724291,91874.58956985016,91568.21898227153,91344.27904869727,91011.20338535246
2025-05-21,105639.04428778736,104322.99003431515,102348.90865410681,101032.85440063462,99716.80014716239,97742.71876695406,90021.86714658371,89019.1591439382,88300.02949829088,88325.6194421084,88661.94441799575,88705.81289311149,105639.0445991841,104323.49080877203,102376.2798865187,101139.17546426578,99985.5670773931,98444.96286743357,93863.65800863692,93128.2039151419,92610.22415382139,92237.21374570669,91956.46804841823,91533.95404685417
2025-05-21,106955.09854125959,105639.04428778737,103664.96290757904,102348.90865410682,101032.8544006346,99058.77302042628,90723.76274843555,89846.39324612074,88859.35255601657,88735.05854318864,89030.43960896798,88947.08950624806,106955.09869695795,105639.37813742529,103686.2516438994,102435.89861525959,101260.27257236828,99673.23660834585,94793.1738012882,93969.4788528969,93374.1718924024,92934.3415304478,92596.25960710988,92082.71466220096
2025-05-21,108271.15279473182,106955.09854125958,104981.01716105126,103664.96290757904,102348.90865410682,100374.8272738985,91557.26377563462,90636.02579820406,89484.47832641588,89202.98894442322,89398.9347999402,89232.23459450038,108271.15287258099,106955.32110768487,104997.57506707821,103736.13651215858,102541.33941480455,100912.48291332812,95747.62755915374,94837.13041930285,94165.05165610008,93658.37916165548,93262.57127147922,92656.63244601853
2025-05-22,109587.20704820403,108271.15279473181,106297.0714145235,104981.01716105125,103664.96290757904,101690.88152737072,92478.5017530652,91425.6583502874,90175.40680948879,89729.41064581211,89767.42999091241,89561.24815786842,109587.20708712863,108271.30117234867,106309.94978587779,105039.2501102527,103827.78893586174,102161.33021187164,96725.41038125198,95729.69324610138,94981.54968759164,94408.15664600508,93954.36303738198,93254.88257310897
2025-05-23,109587.20704820403,108797.57449612071,107119.60532294362,105902.2551384818,104652.0035976832,102743.7249301485,93355.87125538,92102.48625207313,90833.4339362249,90138.84974689236,90056.96192667632,89868.32748367861,108929.17994093022,108271.25171314304,106745.77267673424,105626.868780158,104511.3833756879,102925.05803472915,97470.29698857326,96426.44099880307,95629.82300989119,95010.89560899387,94515.8057729742,93747.21930222442
2025-05-29,108709.83754588921,108797.57449612071,107613.1256679957,106560.28226521793,105419.70191220865,103621.0944324633,94233.2407576948,92704.11105366042,91491.46106296101,90577.53449804975,90372.81494750961,90175.40680948879,107942.1392410949,107832.5339891819,106792.28953551766,105868.3651003583,104887.33955500662,103428.81309804546,98082.21966939174,97011.36641782844,96182.275474836,95530.2087799625,95003.6211756603,94180.26452363378
2025-05-30,106955.09854125959,108271.15279473181,107777.63244967973,106955.0985412596,105968.05785115542,104322.99003431514,95110.61026000962,93230.53275504931,92149.48818969712,91016.21924920715,90688.66796834295,90482.486135299,106790.59176444114,107101.37075538373,106536.01281379983,105826.6704071636,105002.98643697289,103705.09199676319,98569.75674154628,97490.68185504839,96643.58127058974,95969.72336725969,95420.69659182892,94555.96222120295
2025-05-30,105639.04428778736,107218.30939195403,107613.1256679957,107086.70396660683,106297.07141452347,104849.41173570404,95987.97976232442,93794.5560065374,92708.81124742281,91454.90400036456,91004.5209891763,90789.56546110916,105556.79089937815,106175.24384836089,106044.22997391435,105553.27397573662,104898.37160579477,103782.32925145718,98940.93308301525,97870.25453167432,97018.18657613732,96332.90887452333,95769.80613859855,94876.19264162141
2025-06-05,104322.99003431515,105639.04428778737,107119.60532294361,106955.0985412596,106406.74260231284,105200.35953662997,96865.34926463924,94358.5792580255,93202.3315924749,91893.58875152198,91320.37401000962,91096.64478691934,104281.86334011055,105119.14115918824,105369.27570878736,105090.30339484685,104607.3814788791,103685.40506763039,99203.25583771382,98155.6257121837,97310.32068368395,96623.08395740706,96053.61514418102,95142.77438414573
2025-06-05,103006.93578084295,104322.99003431515,106297.07141452348,106560.28226521793,106297.07141452348,105375.83343709292,97611.11334160685,94922.60250951358,93630.04922485337,92332.27350267938,91557.26377563462,91337.92140005593,102986.37243374063,103976.3879485824,104551.85477958368,104472.22669166939,104158.68917864705,103436.08962509791,99363.74781769169,98352.02881302743,97524.00657849795,96843.42298218829,96274.68441411322,95357.46642182696
2025-06-06,103006.93578084295,103796.56833292627,105639.04428778737,106297.07141452348,106297.07141452347,105639.04428778737,98400.74589369017,95599.4304112993,94090.66821356866,92858.69520406827,91899.43788153742,91601.13225075038,103654.6812340279,104091.92197715999,104500.9959473018,104445.09275396861,104183.96623336522,103546.95217625007,99683.69892844158,98683.74888087675,97855.66430805002,97168.62154967235,96590.30424236081,95651.41801594185
2025-06-08,103884.30528315774,103796.56833292627,104981.01716105125,106033.86056382903,106297.07141452348,105902.2551384818,99190.37844577352,96351.46141328342,94551.28720228393,93443.60820561148,92294.25415757905,91864.34310144481,104646.86276090764,104607.62941403578,104753.89557852082,104662.17485102656,104407.82439558402,103808.46369019223,100067.91475807679,99070.15418126067,98235.34138023233,97536.9007991559,96945.15679316656,95978.88117267897
2025-06-09,105639.04428778736,104322.99003431515,104816.51037936723,105770.6497131346,106297.07141452348,106165.46598917624,99980.01099785682,97178.69551546597,95110.61026000962,93999.2755570775,92741.71260375962,92127.55395213926,105800.9806510836,105390.11912311039,105243.0517924628,105079.07006743256,104799.71272568796,104201.79304657567,100512.24919570149,99508.20664570507,98660.69538808733,97946.38765750857,97337.70352839092,96338.7571522777
2025-06-09,106955.09854125959,105375.83343709292,104981.01716105126,105507.43886244015,106297.07141452348,106428.6768398707,100769.64354994016,98081.13271784692,95735.73603040892,94554.94290854357,93241.81322007906,92390.7648028337,107036.06672290771,106350.46368031752,105915.96312630035,105659.44874512333,105333.78042861779,104710.46301509517,101012.82362144538,99995.03698731765,99129.49818841147,98395.29048956209,97766.46624472327,96729.98323923202
2025-06-09,108271.15279473182,106955.09854125958,105474.53750610334,105639.04428778737,106297.07141452348,106691.88769056516,101559.27610202349,98945.96837012866,96426.66451348184,95110.61026000962,93794.55600653742,92653.97565352815,108311.63688555587,107429.37813627969,106731.79510894563,106373.58661841073,105988.15375470796,105320.05601923377,101566.0096489782,100527.93532403356,99639.63032791356,98881.89555732948,98230.02470761036,97151.53156116749
2025-06-12,108271.15279473182,107481.52024264848,105803.5510694714,105639.04428778737,105968.05785115542,106691.88769056514,102217.3032287596,99697.99937211278,97084.69164021795,95578.5406612442,94320.97770792627,92917.1865042226,107633.36771340773,107271.28493793965,106781.4180939043,106479.3160589287,106136.91449110053,105524.436334487,101913.69280331893,100884.99994721278,99996.48243588167,99232.904382718,98572.18446579656,97472.95998698754
2025-06-14,107393.78329241699,107481.52024264848,106132.56463283947,105639.04428778737,105748.71547557674,106516.41379010217,102787.59340526424,100374.8272738985,97742.71876695406,95987.97976232442,94847.39940931517,93180.39735491705,106636.20600059755,106727.20472122222,106527.55724810055,106326.53937326664,106060.3190752062,105538.76232864955,102154.03806038141,101149.11352168914,100271.72935548682,99511.43220467771,98849.3162235247,97740.7004560622
2025-06-20,105639.04428778736,106955.0985412596,106461.5781962075,105639.04428778737,105529.373099998,106165.46598917626,103270.14663153738,100976.4520754858,98400.74589369017,96426.66451348184,95294.85785549572,93443.60820561148,105479.59801745636,105925.79982558654,106037.65342281491,105962.25767527547,105793.03768429988,105386.79079185775,102293.97044579648,101325.4399946128,100469.35182762479,99720.63037118381,99063.9700984599,97956.51322927246
2025-06-21,104322.99003431515,105902.2551384818,106297.07141452348,105639.04428778737,105310.03072441932,105639.04428778736,103664.96290757904,101502.87377687468,99058.77302042628,96865.34926463924,95689.6741315374,93706.8190563059,104243.26689914965,104952.84514400533,105364.16061348782,105424.92642174228,105364.40662222958,105089.3089154809,102339.96820934786,101418.85642718113,100593.13641070861,99863.51321508212,99218.59620365295,98122.10085402749
2025-06-22,103006.93578084295,104322.99003431515,105803.55106947139,105639.04428778737,105090.68834884062,105200.35953662996,103972.04223338925,101954.09237806516,99618.09607815197,97304.03401579667,96031.84823744016,93904.22719432674,102967.07421326017,103865.52393846046,104547.87637212848,104746.00916822016,104799.24891532822,104664.50549196712,102298.09164922031,101433.96893274722,100646.68495298481,99942.96401126863,99315.54856928988,98239.11005650969
2025-06-23,103006.93578084295,103796.56833292627,105474.53750610334,105639.04428778737,105200.35953662997,105024.885636167,104322.99003431514,102442.91252935484,100210.32049221447,97830.45571718553,96400.3434284124,94189.37228257908,103645.03212378766,104018.01263707869,104497.9016303922,104669.09659841926,104725.9783182493,104621.81605976062,102428.73025471029,101594.47010505653,100826.01690817166,100133.39992531424,99511.91882282212,98438.58153131962
2025-06-24,103884.30528315774,103796.56833292627,105145.5239427353,105639.04428778737,105529.373099998,105024.885636167,104673.93783524107,102931.73268064452,100802.54490627696,98415.36871872876,96768.83861938462,94518.38584594712,104642.03820578751,104558.35652064825,104751.48888759113,104845.45072375893,104866.45000587055,104748.96958826396,102635.84728910234,101819.1686707638,101060.79873156754,100372.77576716102,99752.19825282288,98674.6622775796
2025-06-25,105639.04428778736,104322.99003431515,104816.51037936725,105639.04428778737,105748.71547557674,105200.35953662996,105024.88563616699,103420.55283193421,101394.76932033946,99058.77302042626,97216.29706556517,94891.26788443091,105798.56837352355,105357.2705275187,105241.17992173969,105229.02305421358,105187.78054977657,105024.73570738842,102914.50866020926,102104.49810801356,101348.32555155252,100658.96371386111,100034.66493080322,98946.15199130558
2025-06-29,106955.09854125959,105375.83343709292,104981.01716105126,105639.04428778737,105968.05785115542,105551.30733755587,105375.83343709292,103909.37298322389,101986.99373440197,99760.66862227811,97716.39768188461,95308.01839803046,107034.86058412769,106328.56461658973,105914.50722684906,105782.13755248961,105662.1455105389,105430.53784330633,103260.09860437202,102447.09003505346,101686.02444146371,100989.92845650783,100357.66445488151,99251.88972274268
2025-07-03,108271.15279473182,106955.09854125958,105474.53750610334,105639.04428778737,106187.40022673413,106077.72903894477,105726.78123801886,104398.19313451357,102579.21814846447,100433.31857405283,98269.14046834294,95768.63738674573,108311.03381616586,107414.77876046118,106730.66274270574,106473.96836989223,106266.00113171816,105950.12149391854,103668.29914913538,102843.76320245072,102071.44798325593,101363.72317788607,100719.60730168135,99590.75258606252
2025-07-09,109587.20704820403,108271.15279473181,106297.0714145235,106033.86056382903,106406.74260231284,106516.41379010217,106077.72903894477,104887.01328580324,103171.44256252697,101105.96852582751,98874.52542494018,96273.12485057674,109607.14755892105,108577.60627419954,107657.90686692142,107279.29435748933,106979.42577325019,106569.26396988826,104135.07090091221,103291.51309685214,102502.26814513009,101778.48570500758,101118.96628207635,99961.65451136573
2025-07-10,110903.26130167623,109587.20704820403,107448.61888631167,106691.88769056516,106626.08497789153,106955.09854125959,106428.6768398707,105375.83343709294,103763.66697658946,101778.6184776022,99532.55255167627,96821.4807895235,110913.23155703476,109791.50936784917,108671.553242083,108177.48002979098,107785.56266277298,107275.52041804577,104656.63507215325,103787.50212231305,102976.27045781391,102232.43482892694,101554.27409670979,100363.54503760216
2025-07-10,112219.31555514847,110903.26130167625,108929.17992146792,107613.1256679957,107174.4409168383,107393.783292417,106779.62464079662,105864.6535883826,104355.89139065196,102451.26842937688,100243.22184855126,97347.9024909124,112224.30068282771,111039.46284810634,109752.40136798027,109151.64180776001,108670.14837751877,108058.00159186762,105229.45666805438,104329.05032710792,103491.34847492643,102723.86678456601,102024.12098737626,100795.40814506773
2025-07-10,113535.3698086207,112219.31555514845,110245.23417494014,108797.57449612071,107942.13923136373,107832.4680435744,107130.57244172254,106353.47373967229,104948.11580471446,103123.91838115158,101006.53331556518,97874.32419230128,113537.86237246031,112310.11658610187,110885.51752222754,110187.96585400237,109621.11386745326,108907.17940064578,105850.22875799236,104913.6266457182,104045.4985035687,103251.15188358912,102527.15248050579,101256.26112617992
2025-07-11,114851.4240620929,113535.36980862069,111561.28842841236,110245.23417494015,108929.17992146792,108271.15279473181,107481.52024264848,106842.29389096197,105540.34021877695,103796.56833292627,101743.5236975096,98400.74589369018,114852.67034401272,113595.90382925629,112059.28658741368,111275.14993792286,110628.24685947047,109814.7167650107,106515.85776170672,105538.84062737637,104636.81459195878,103812.73129367526,103062.06721913903,101745.15349327702
