date,sma_3,sma_5,sma_8,sma_10,sma_12,sma_15,sma_30,sma_35,sma_40,sma_45,sma_50,sma_60,ema_3,ema_5,ema_8,ema_10,ema_12,ema_15,ema_30,ema_35,ema_40,ema_45,ema_50,ema_60
2017-11-23,,,,,,,,,,,,,381.41068861219617,381.41068861219617,381.41068861219617,381.41068861219617,381.41068861219617,381.41068861219617,381.41068861219617,381.41068861219617,381.41068861219617,381.41068861219617,381.41068861219617,381.41068861219617
2017-11-24,,,,,,,,,,,,,410.59713971173323,407.6784946017795,406.0367567274306,405.48951076931417,405.12468013056997,404.7598494918258,404.0301882143374,403.9259508889819,403.84777289496526,403.78696778850787,403.73832370334196,403.6653575755932
2017-11-24,425.1903652615017,,,,,,,,,,,,443.95308382548984,436.7113328007926,432.4491717525783,431.0082624906452,430.04353957828386,429.0761353783039,427.13540828183375,426.85770876827615,426.64938385427183,426.4873273742198,426.35766766516275,426.16315689152054
2017-12-11,468.9700419108073,,,,,,,,,,,,480.64462235062206,468.2965084238948,460.5929691673344,457.93843031947233,456.15064808734684,454.3509876432515,450.72527063385195,450.20528281190195,449.8150661163786,449.51144744790105,449.2684872238713,448.90395152506994
2017-12-12,512.7497185601128,468.97004191080725,,,,,,,,,,,519.8109567293556,502.1679009813707,490.39453591427406,486.24121491102346,483.42319492911474,480.5725750996151,474.79827059915175,473.9677240215855,473.3441832951521,472.85888075090594,472.4704561691235,471.88755257733015
2017-12-12,556.5293952094183,512.7497185601128,,,,,,,,,,,560.6988882236379,538.0300130463283,521.7646128272343,515.8685774715565,511.83261236614453,507.72594044653,499.35248176242413,498.14381604200815,497.23591912439326,496.52905331663925,495.9631557259741,495.1137174350678
2017-12-12,600.3090718587238,556.5293952094183,,,,,,,,,,,602.7221249023864,575.580677520141,554.6017265858131,546.7644879632031,541.3451064172948,535.793182399495,524.3855620162896,522.7320779760839,521.4892789069129,520.5212652766334,519.7460750316801,518.5821499627754
2017-12-13,644.0887485080294,600.3090718587239,534.6395568847656,,,,,,,,,,645.4622285597724,614.529655170029,588.795807148184,578.8663136932074,571.9222646588773,564.753669222784,549.8947608818239,547.7307677997267,546.1030912753183,544.8346918412221,543.8186117162882,542.2925007367885
2017-12-18,687.868425157335,644.0887485080295,578.419233534071,,,,,,,,,,688.6394957832523,654.6117650434217,624.2317602240662,612.1062842999919,603.521720364289,594.5842787765324,575.8769280529888,573.1378863607282,571.0760102584194,569.468384452124,568.1800725857148,566.244367321111
2017-12-18,731.6481018066406,687.868425157335,622.1989101833766,578.419233534071,,,,,,,,,732.0760556350796,695.5944723592116,660.7927988377635,646.4129710229569,636.0978515623311,625.2596597637042,602.3285231132942,598.9511819438454,596.4065176461371,594.4212721037868,592.8296744058059,590.4372945845198
2017-12-19,775.4277784559462,731.6481018066404,665.9785868326823,622.1989101833767,,,,,,,,,775.6630380764357,737.2807356626623,698.363385870402,681.7127238543941,669.6024939262996,656.7525086194404,629.2456263664709,625.1681553817964,622.0929256448088,619.6921628299001,617.7665447856416,614.8707750584637
2017-12-22,775.4277784559459,749.1599724663627,693.3408847384982,652.8446838378906,611.2539910210503,,,,,,,,753.6501957124453,735.3886077583632,706.1411621332411,691.6897209773691,680.6339993204065,668.4757132688353,641.2401079722838,637.085932956766,633.9357449051573,631.4666842676515,629.4803036571302,626.4834813144914
2017-12-22,746.241327356409,749.1599724663627,709.7582634819878,674.7345221625434,636.7921357331452,,,,,,,,720.7552949440737,719.4667366382141,701.9196410157276,690.9397181088341,681.8901704777948,671.4184262326165,646.4287219340689,642.4664696151992,639.4393541073167,637.0538271447086,635.1266994256385,632.2063302524647
2018-01-02,731.6481018066406,757.9159077962238,731.6481018066405,701.0023281521266,665.9785868326821,,,,,,,,748.0932052736384,738.1845348257996,718.7538630277072,707.2859065333835,697.8166386282624,686.7900552985175,660.1419934507903,655.8781556493417,652.6146294836043,650.0393619722947,647.9568581688663,644.7976590976534
2018-01-02,760.8345529061776,766.6718431260849,753.5379401312932,727.27013414171,695.1650379322192,641.1701033980758,,,,,,,783.6514153398987,765.2539923091399,741.6037703912194,728.6902723686027,718.151678526414,705.9240536430552,676.3731935156908,671.638860020288,668.014226307896,665.1535038872657,662.8399018181384,659.3297846270192
2018-01-02,819.2074551052516,775.427778455946,775.427778455946,753.5379401312933,724.3514890317562,673.2751996075665,,,,,,,823.3198788399449,797.8813786578487,769.0704509878757,754.1339535033815,742.0868791354466,728.1852534180213,694.7267528101162,689.3770776794781,685.2833020175375,682.0536029541136,679.4424785196483,675.482587307888
2018-01-03,862.9871317545571,810.4515197753906,797.3176167805989,779.8057461208766,753.5379401312933,705.3802958170571,,,,,,,865.0436619491065,834.2133974241987,800.1025086393345,782.8322805254169,768.994473652348,753.0797677304711,714.8984851660647,708.8076102933002,704.149747740841,700.477091564394,697.5092733560101,693.0110359532202
2018-01-03,906.7668084038627,862.9871317545573,819.2074551052516,806.07355211046,782.7243912308303,737.485392026548,,,,,,,907.7952365854522,873.0173495867135,833.9011936406819,814.1718091415212,798.3783216505939,780.2160991549116,736.650142014486,729.7075445207109,724.4011706751138,720.2192119757268,716.8413103689585,711.7243168206646
2018-01-05,950.5464850531683,906.7668084038627,841.0972934299043,832.3413581000434,811.9108423303674,769.5904882360387,,,,,,,951.0607816664412,913.4718690420962,869.8545720195459,847.6669705159951,829.8403497186744,809.2785745120611,759.7920081047662,751.8998190619224,745.8691467999894,741.117778190485,737.2811071400903,731.4715537577881
2018-01-06,994.3261617024738,950.5464850531682,879.4045104980466,858.6091640896266,841.0972934299044,801.6955844455293,,,,,,,994.5833515154674,955.0290229058447,907.4907532408903,882.929468801875,863.0570192679592,840.0087820098105,784.1707241145004,775.2417244794527,768.418199360834,763.0425101906357,758.70228355807,752.13181253843
2018-01-07,1038.1058383517793,994.3261617024739,928.6566467285154,884.87697007921,870.2837445294414,833.8006806550202,,,,,,,1038.234454072744,997.3229996115471,946.4439874489078,919.646183232952,897.7624634787577,872.1923343822746,809.6605938805893,799.6166915883538,791.9379279092464,785.8874164408811,781.0021400646733,773.6069613366383
2018-01-07,1081.885515001085,1038.1058383517793,972.436323377821,924.278679063585,899.4701956289783,865.9057768645109,,,,,,,1081.9498332841258,1040.1094490074217,986.4296762927677,957.5628825652577,933.7361603681019,905.649255397297,836.1572675042631,824.9283220916276,816.3372854866453,809.5652547832696,804.0962605643294,795.816478576419
2018-01-09,1125.6651916503906,1081.885515001085,1016.2160000271266,972.436323377821,928.6566467285156,898.0108730740016,,,,,,,1125.697356007022,1083.2250972488803,1027.22569704741,996.4720011046307,970.79375436075,940.2268799505291,863.5730772055646,851.0959790634416,841.5403501971641,834.0034391922508,827.914523811889,818.6936154861694
2018-01-09,1169.4448682996963,1125.6651916503906,1059.9956766764321,1016.2160000271266,968.7880169903791,930.1159692834923,,,,,,,1169.4609530865257,1126.5608207625612,1068.658286210538,1036.2033120298495,1008.7801042634819,975.7945285900988,891.8335438184131,878.0514823370639,867.4831553286886,859.140970700234,852.3981124870995,842.1825182432996
2018-01-09,1213.224544949002,1169.4448682996963,1103.7753533257378,1059.9956766764324,1016.2160000271266,962.2210654929833,,,,,,,1213.232588646913,1170.0436763880928,1110.5912713900598,1076.6167075186133,1047.5639330742115,1012.2394545741837,920.8747260687493,905.7365994254675,894.111281644993,884.9261057419913,877.497240616259,866.2360410307801
2018-01-11,1213.224544949002,1186.9567389594185,1131.137651231554,1090.641450330946,1049.050757514106,985.5702263726128,,,,,,,1191.3387281470607,1169.8440684220272,1123.688878347898,1093.5865518538158,1066.5616685399468,1032.5200583408334,940.3505735351669,924.6709347722953,912.5719423539387,902.9803816328825,895.2037466726496,883.3855296232815
2018-01-12,1227.8177704987704,1213.224544949002,1163.9724087185332,1125.6651916503909,1085.5338213885273,1020.5939676920573,,,,,,,1224.1714751173072,1198.8979641901653,1153.3480266304034,1123.431232338463,1096.186197116619,1061.364513229807,964.822291212595,948.1511375351557,935.2512535239326,925.0051423103313,916.6863437117848,904.026694932468
2018-01-13,1242.4109960485391,1239.4923509385853,1196.8071662055124,1160.6889329698352,1122.0168852629486,1061.4549992314091,,,,,,,1262.477686825162,1232.8603407226135,1186.1403758736565,1155.794620524066,1127.9583141461576,1092.0209697809037,990.4588912396011,972.6950110596882,958.9160881508936,947.9534121458686,939.0421519875297,925.4646930135705
2018-01-13,1300.7838982476133,1265.7601569281687,1229.6419236924914,1195.7126742892797,1158.4999491373699,1099.3973856608072,,,,,,,1303.520630937489,1270.095043387819,1221.3696143816726,1190.218461142623,1161.546574059935,1124.2596222412367,1017.1650366732006,998.2192119652352,983.4909517499864,971.7551463552979,962.2050908793512,947.6387661178172
2018-01-13,1344.563574896919,1292.0279629177521,1262.4766811794707,1230.7364156087242,1194.9830130117914,1137.3397720902058,889.2549377441406,,,,,,1345.9319412813554,1309.5113183335745,1258.494606409394,1226.328876080636,1196.6723111057645,1157.8822475518496,1044.8569318674754,1024.6506469325036,1008.9097785132005,996.3491615651861,986.1175257114976,970.4960336287236
2018-01-15,1344.563574896919,1318.2957689073355,1278.8940599229604,1252.626253933377,1220.5211577238863,1166.5262231897427,919.9007113986546,,,,,,1323.3579197539725,1306.602168190591,1267.8961147527796,1239.8931140839682,1212.780254015195,1176.0341360227753,1063.7597473844826,1043.133635805979,1026.982119238713,1014.0466577904186,1003.4813771151335,987.3058069677367
2018-01-16,1315.3771237973817,1318.2957689073355,1284.3665195041237,1265.7601569281687,1238.7626896610968,1189.875384069372,947.6278399432147,,,,,,1290.1810706684153,1290.0694810067034,1265.4749152847714,1243.0092923084271,1219.6165399296854,1186.298480002087,1077.900687963086,1057.288001659351,1041.0400006234122,1027.9663634630297,1017.251366656739,1000.7877978385877
2018-01-16,1257.0042215983076,1300.7838982476133,1278.8940599229604,1270.1381245930993,1249.7076088234232,1207.3872547290946,972.4363233778212,,,,,,1251.7028078042292,1264.4544627401349,1253.860816395898,1237.5866684093846,1218.6291722004075,1189.7057984007627,1087.7181821517745,1067.4996684995892,1051.4348997306283,1038.4356848844332,1027.7372443661206,1011.2277369380686
2018-01-16,1213.224544949002,1265.7601569281687,1278.8940599229604,1265.7601569281687,1253.3559152108655,1219.0618351689093,994.3261617024741,,,,,,1210.5738380495688,1232.7845653021566,1235.0980660484056,1225.1837475891425,1211.036433783026,1187.145860722678,1093.6000579665174,1074.1100120960618,1058.477616040844,1045.7440282084224,1035.2127193328688,1018.8779864924062
2018-01-16,1169.4448682996963,1213.224544949002,1262.4766811794707,1252.626253933377,1249.7076088234232,1224.8991253888166,1013.2973549171732,935.536310201978,,,,,1168.119514848744,1197.0780828963975,1210.7759686954068,1207.0733332846803,1197.8643441956121,1179.388332623035,1095.8907136492435,1077.4222007218107,1062.4440745456714,1050.1482266990902,1039.9206098836873,1023.9623100193229
2018-01-16,1125.6651916503906,1169.4448682996963,1235.1143832736548,1243.870318603516,1238.7626896610968,1224.8991253888169,1029.3499030219184,955.5498766702319,,,,,1125.002514924287,1158.6805426846588,1182.130273878193,1184.2953117179545,1179.9777249711622,1167.1000696250796,1094.8970933915525,1077.7064782507794,1063.5801608642093,1051.8770628541126,1042.0771349802442,1026.679846925747
2018-01-17,1081.885515001085,1125.6651916503906,1196.8071662055124,1221.980480278863,1220.5211577238863,1219.0618351689093,1042.48380601671,973.0617473299542,,,,,1081.554176637717,1118.4889623061301,1150.1219134208948,1157.6995491945552,1158.1060424474883,1150.8596740478915,1090.8936943294527,1075.204589807363,1062.1057715555996,1051.135056652398,1041.8755093157913,1027.208442377732
2018-01-20,1081.885515001085,1108.1533209906684,1163.9724087185332,1204.4686096191408,1216.872851336444,1216.1431900589555,1057.0770315664786,991.8244658939421,,,,,1103.609684144134,1120.8810392409684,1144.6866993466579,1151.8722776698394,1153.1063921995483,1147.6905372047017,1093.330285767858,1078.3684722558983,1065.7512669122682,1055.1094642608005,1046.0809789815191,1031.7027386420832
2018-01-22,1067.2922894513165,1081.885515001085,1131.137651231554,1173.8228359646268,1198.6313193992335,1204.4686096191408,1067.2922894513165,1006.8346407451328,,,,,1070.857761247897,1093.2893018682378,1121.00075180376,1131.1792107500555,1135.3877598831425,1133.9170521808903,1089.4818569120264,1075.8619110673405,1064.1791253195975,1054.2115682063938,1045.6850458421404,1031.9913123911363
2018-01-23,1052.699063901548,1055.6177090115016,1098.3028937445747,1134.4211269802518,1173.0931746871386,1186.9567389594185,1074.5889022262008,1019.3431197877914,950.5464850531683,,,,1032.5919614751506,1060.3015854963157,1092.849630294149,1106.28870939263,1113.6587477009102,1116.3842111523195,1082.884849780535,1070.8196625179264,1060.2385928434708,1051.0784754755146,1043.1616071765181,1030.3144199444646
2018-01-27,1038.1058383517795,1055.6177090115016,1081.885515001085,1112.531288655599,1151.2033363624855,1181.1194487395112,1083.344837556062,1033.102446734716,968.0583557128906,,,,1057.238738238129,1067.4962290983503,1090.4130785985374,1101.8505790720653,1108.7653696791153,1112.0537245411012,1082.8158991613018,1071.4997110195184,1061.450486657815,1052.6761193328246,1045.0455613937504,1032.583790586999
2018-01-28,1067.2922894513165,1073.1295796712238,1076.4130554199219,1099.3973856608072,1129.3134980378327,1172.36351340965,1096.4787405508537,1046.8617736816407,985.5702263726129,,,,1091.4519649442675,1086.8858840617222,1098.2470856333703,1106.181455453907,1111.3676769872736,1113.761420444538,1085.7591641353408,1074.8089122686608,1065.019806153241,1056.4298491352215,1048.9311203611621,1036.634371184608
2018-01-28,1125.6651916503909,1081.8855150010852,1081.885515001085,1095.0194179958767,1118.3685788755063,1163.6075780797887,1112.531288655599,1060.6211006285653,1003.082097032335,,,,1130.4484166219863,1114.4055462118072,1114.069135779046,1117.6859519858294,1120.3094175209874,1120.744258143375,1091.4835460259292,1080.558781267721,1070.7849598535497,1062.1962146626247,1054.687726559599,1042.3524713699264
2018-01-28,1169.4448682996965,1116.9092563205297,1098.3028937445747,1099.3973856608072,1114.7202724880642,1154.8516427499278,1127.1245142053676,1074.3804275754899,1020.5939676920574,,,,1171.8364807854966,1147.3452130459812,1136.1040184895785,1135.059147816387,1134.6132405477217,1132.3368427660514,1099.7787918886343,1088.577541058618,1078.5986128556765,1069.8444296316118,1062.196378509225,1049.634526824334
2018-01-30,1169.4448682996965,1143.177062310113,1109.2478129069011,1099.3973856608072,1107.42365971318,1137.3397720902055,1137.3397720902058,1084.387210809617,1034.8223626030817,971.9498825261624,,,1148.750836217943,1140.118539161385,1133.7842507510784,1133.3509512454114,1133.2358690037897,1131.5008325016552,1101.5362854125513,1090.8083383331368,1081.164901560475,1072.6511413395356,1065.1781102028551,1052.8431843214128
2018-01-30,1140.2584172001593,1143.177062310113,1103.7753533257378,1099.3973856608072,1100.1270469382955,1122.746546540437,1144.6363848650897,1091.8922982352121,1046.8617736816407,987.5159897792486,,,1115.3181756095137,1120.7075309538347,1122.2510883849518,1123.9926823739015,1125.332179585677,1125.2855570646707,1100.2066340801389,1090.2740907145997,1081.2039683496916,1073.1123157421835,1065.9569684614355,1054.057400937228
2018-02-01,1081.8855150010852,1125.6651916503906,1103.7753533257378,1099.3973856608072,1092.8304341634114,1108.1533209906681,1149.0143525300202,1100.6482335650733,1056.7122009277343,1001.1363336256993,,,1076.7120069806463,1093.1736332740766,1103.5520052478935,1108.375640735665,1111.907518246452,1114.36755595269,1096.0178269373755,1087.1639858735134,1078.880104073858,1071.3752812824603,1064.6681566521238,1053.3964526778077
2018-02-02,1038.1058383517795,1090.6414503309463,1103.7753533257378,1086.2634826660155,1085.5338213885273,1093.5600954408997,1150.4736750849972,1109.4041688949344,1064.373644341363,1012.8109140655141,,,1035.5190843415598,1060.2244759672733,1079.2794555541018,1087.6380117837225,1093.8121202895102,1099.337644903444,1089.1786237789522,1081.6516777480256,1074.344243279184,1067.5754144498917,1061.4358965343529,1050.9698772921838
2018-02-02,994.326161702474,1038.1058383517793,1087.357974582248,1077.5075473361544,1078.237208613643,1078.9668698911312,1149.0143525300202,1114.4075605119979,1069.846103922526,1022.5397310986931,,,993.032784697364,1023.6651455765661,1050.6720004248307,1062.7109420929116,1071.7651105211812,1080.711926905376,1079.8804744769056,1073.896843294943,1067.7353108952564,1061.8373506608991,1056.374544431404,1046.878467330399
2018-02-04,950.5464850531683,994.3261617024739,1059.9956766764321,1068.7516120062933,1059.9956766764324,1064.3736443413627,1144.63638486509,1116.9092563205297,1073.129579671224,1030.3227847252363,974.1875104437935,,949.8997965506132,984.6990331245532,1018.6929572703202,1034.3562183914746,1046.3747703706617,1058.9413541430513,1068.2992110309578,1064.0465532718017,1059.1814074102642,1054.2760497037234,1049.589573291914,1041.2151439085128
2018-02-04,906.7668084038629,950.5464850531682,1021.6884596082899,1046.8617736816404,1045.4024511266637,1049.7804187915942,1137.3397720902055,1116.9092563205295,1074.2240715874566,1036.1600749451438,983.8190393066407,,906.4434641525852,944.1283992921358,984.0915687982896,1003.1970833910393,1018.1556581427661,1034.4200395965358,1054.5965434936986,1052.236482611004,1048.8008547338852,1044.9977357293642,1041.1784390596106,1034.0657275572992
2018-02-05,862.9871317545573,906.7668084038627,972.4363233778209,1016.2160000271266,1030.8092255768952,1035.1871932418258,1127.1245142053674,1114.4075605119979,1076.4130554199219,1040.0516017584152,991.6993811035156,,862.8254596289185,902.4880845341497,947.4505772952627,969.7434405198992,987.5430749716842,1007.4924879421957,1038.9213861196872,1038.5919820094623,1036.7031215308689,1034.1007286954145,1031.2313469359833,1025.5096200119356
2018-02-05,819.2074551052518,862.9871317545573,928.6566467285155,976.8142910427517,1005.2710808648003,1011.8380323621961,1113.9906112105757,1109.4041688949342,1078.6020392523872,1041.997365165051,997.8285358344183,,819.1266190424323,860.1346491550675,909.2232258993331,934.4124705803492,954.9052908275614,978.4598909842078,1021.411036100436,1023.2290290884213,1022.989643971468,1021.676181617239,1019.831930768142,1015.6204087084147
2018-02-05,775.4277784559463,819.2074551052516,884.87697007921,928.6566467285156,972.4363233778212,991.4075165925201,1097.9380631058305,1101.899081469339,1077.5075473361544,1041.997365165051,1002.2065034993489,,775.3873604245364,817.305800025657,869.76203681923,897.5454963951527,920.5538794445677,947.5856122526139,1002.1922239257525,1006.255074754312,1007.7545554807767,1007.8087358538658,1007.0578568337287,1004.4664040094241
2018-02-09,775.4277784559463,801.6955844455294,857.514672173394,898.0108730740016,943.249872278284,979.7329361527053,1083.344837556062,1095.6448419480098,1077.5075473361546,1042.970246868369,1007.4600646972656,,797.2974077648939,817.9396850523195,858.5276741688169,883.3019868852857,904.960527250103,931.5279643420075,990.0775047073715,995.3952381418868,997.9293942911015,998.82985756283,998.7735121411631,997.2366441770174
2018-02-09,804.6142295554832,801.6955844455294,841.0972934299043,876.1210347493488,914.0634211787469,965.1397106029368,1073.129579671224,1089.3906024266803,1077.5075473361544,1043.9431285716869,1012.7136258951823,,830.1422697597255,832.9555006217994,859.5186655089865,879.608328215541,898.5025229833698,922.9555123420263,981.6775351317804,987.7269271662435,990.9209069760816,992.3892902585178,992.8143411042839,992.0300160535934
2018-02-14,862.9871317545573,819.2074551052516,835.6248338487412,862.987131754557,895.8218892415363,950.5464850531682,1061.4549992314091,1083.136362905351,1077.5075473361544,1047.8346553849585,1017.9671870930989,,868.4545390817941,857.5592698847456,870.0182591276279,884.5462869136135,899.7740446066072,920.9309225150499,976.7341533907343,983.0492188883661,986.563953641782,988.3456685132574,989.05558339308,988.742944846451
2018-02-17,906.7668084038629,854.2311964246961,841.0972934299044,858.6091640896266,884.87697007921,935.9532595033997,1049.7804187915945,1076.8821233840217,1077.5075473361544,1053.6719456048659,1023.2207482910156,,909.5005120674812,888.5550082761165,887.9134288073087,896.5464287366775,907.5856732433679,924.6344713920982,975.0085649789474,981.1754423642019,984.7047673477502,986.567223358464,987.3808960583812,987.2788339613926
2018-02-21,906.7668084038629,880.4990024142793,841.0972934299043,849.8532287597654,870.2837445294414,912.6040986237701,1033.7278706868487,1066.8753401498946,1074.2240715874566,1055.6177090115018,1025.847528889974,,886.2438219110192,880.0323827685822,882.3742496711137,890.4446943620801,900.723999467945,916.925633391429,967.6372684923646,974.3761478436702,978.4396065826603,980.7734937664374,981.994262096983,982.540869080994
2018-02-22,877.5803573043258,880.4990024142793,841.0972934299044,841.0972934299043,855.6905189796729,892.1735828540942,1014.7566774721498,1054.3668611072358,1068.7516120062933,1055.6177090115018,1026.72312242296,952.0058076081452,852.7256385081354,859.7574068802539,868.3371802436986,877.4923925998877,888.182436339611,904.7068105691687,957.882756033964,965.4669813543961,970.2654727701464,973.2245897470228,974.9737863746437,976.3476723758706
2018-03-07,819.2074551052518,862.9871317545573,841.0972934299044,832.3413581000432,841.0972934299043,871.7430670844183,997.2448068124276,1043.1092299688428,1061.090168592665,1053.6719456048659,1025.847528889974,958.572759105541,814.0767084820407,831.6475307383083,847.690641973309,858.9351004187965,870.8349147974034,888.5422428238782,945.906571369462,954.575951681619,960.2890212190857,964.0127563047794,966.4015307260006,968.7681774222153
2018-03-08,775.4277784559463,827.9633904351127,841.0972934299043,823.5854227701823,826.5040678801357,851.3125513147423,979.7329361527053,1028.0990551176524,1051.239741346571,1049.7804187915942,1025.847528889974,963.68038804796,772.8624051443405,798.3143877606828,821.9034064150682,835.7919183271023,849.4208788771172,868.9254963785506,931.8586091644894,941.8224613421532,948.6100155581312,953.2244007757856,956.3544141959203,959.8670138483008
2018-03-10,731.6481018066406,775.427778455946,824.6799146864148,814.8294874403211,811.9108423303674,830.8820355450664,962.2210654929833,1010.5871844579301,1039.200330268012,1043.9431285716869,1025.847528889974,967.3286944354021,730.3654151508377,761.4990668926037,792.1178510625551,808.8966508117493,824.5659873150031,846.2883352395587,915.8780418745393,927.3179754582377,935.3218616326177,940.9405468272994,944.904615109917,949.704846619592
2018-03-14,687.8684251573351,731.6481018066404,797.3176167805989,806.07355211046,797.3176167805988,810.4515197753905,944.7091948332608,990.5736179896763,1024.9719353569878,1036.1600749451438,1023.2207482910156,969.5176782678675,687.2270818294336,722.3622940975353,759.2224915361185,778.9314984145282,796.799626908946,821.0084745394345,898.0941623821933,911.1666292913911,920.5120919251117,927.2372460946997,932.1199354877199,938.3386834689419
2018-03-17,644.0887485080297,687.868425157335,759.0103997124564,784.1837137858072,782.7243912308303,790.0210040057146,927.1973241735385,968.0583557128906,1008.5545566134982,1026.4312579119648,1018.8427806260852,970.2473395453559,643.7680768440787,681.6778866844525,723.9083954329103,746.4546233092649,766.5697291220405,793.4163577395019,878.627151258327,893.4657809992822,904.2628058274785,912.1859520257357,918.0641318626639,925.8221539058449
2018-03-17,600.309071858724,644.0887485080295,709.7582634819877,753.5379401312932,768.1311656810618,769.5904882360387,909.6854535138166,946.7939413403708,993.2316697862412,1014.7566774721498,1012.7136258951822,969.5176782678675,600.1487360267486,639.9617228593415,686.71305972207,711.9227025170414,734.2553055163064,763.8010813948741,857.5887764528107,874.3065153812963,886.6510704449892,895.8538599473644,902.7972160767932,912.2057628224587
2018-03-26,556.5293952094185,600.3090718587239,665.9785868326823,714.1362311469184,742.5930209689668,749.1599724663628,892.1735828540942,925.5295269678508,974.6253072102866,1001.1363336256993,1004.8332840983073,967.3286944354022,556.4492272934307,597.5577214261978,648.0545375820905,675.7093802493107,700.1770534649377,732.415575319703,835.0830322935382,853.7741036885848,867.7492860526816,878.3042168902607,886.3757291949715,897.5371213537444
2018-03-27,512.7497185601129,556.5293952094183,622.1989101833766,665.9785868326821,709.7582634819878,728.7294566966867,870.2837445294414,904.2651125953311,953.8299608018663,985.5702263726129,995.20175523546,963.68038804796,512.709634602119,554.6951615876889,608.2579814817901,638.1203650921777,664.6063293778471,699.4811322042377,811.2067238690908,831.9484239760703,847.6255198381378,859.5966042894474,868.8529913111553,881.8611573364058
2018-03-29,468.9700419108074,512.7497185601128,578.419233534071,622.1989101833767,669.6268932201243,708.2989409270108,849.8532287597657,883.0006982228111,930.8456305609809,968.0583557128906,983.8190393066407,958.572759105541,468.94999993181034,511.52689614559597,567.576287790465,599.4057821268459,627.7727408437329,665.19136874492,786.0500021720536,808.9043459539038,826.343811142273,839.7871963172305,850.279329698131,865.2203074394229
2018-04-01,425.1903652615019,468.97004191080725,534.6395568847656,578.419233534071,622.1989101833766,679.112489827474,829.4227129900896,861.7362838502913,905.67231648763,948.6007216465325,970.685136311849,952.0058076081452,425.18034427200325,468.15482696777553,526.2061536922498,559.7702791322453,589.8705703410185,629.7156899127219,759.6968547718124,784.7120838429751,803.9644510415869,818.928996288951,830.7022874715396,847.6546928020348
2018-04-12,425.1903652615019,451.45817125108505,507.2772589789496,547.7734598795572,589.3641526963976,652.8446838378906,808.9921972204137,844.2244131905691,884.87697007921,933.0346143934462,958.4268268500434,946.1685173882379,447.07519309140525,468.42656528211955,513.4870175142493,543.2611343752585,571.2703576969468,609.6209505171294,740.7741127421746,766.8624301893338,787.140351575076,803.0364865316661,815.6368333467242,833.9540631347918
2018-04-15,454.3768163610389,451.45817125108505,490.85988023546,525.8836215549044,563.8260079843026,626.5768778483073,788.5616814507378,829.2142383393785,866.2706075032551,916.4956254370419,946.1685173882378,942.5202110007957,479.912455825759,483.20094970812045,513.323173299949,537.7136012806805,562.2671286490915,597.5112379598967,725.9410057560875,752.5108493271717,773.3797333272909,789.8792888442982,803.0527754425316,822.3723360691031
2018-04-19,512.7497185601129,468.97004191080725,485.3874206542968,512.7497185601127,545.5844760470919,600.309071858724,768.1311656810617,812.9532155839222,849.8532287597657,899.9566364806375,933.9102079264323,940.3312271683304,518.2209255175887,507.6437648752231,522.9245560499613,541.1346562088797,561.3843959645662,592.3882083105575,714.9265773151707,741.4525526887733,762.5196159840137,779.3222394605566,792.8342856502792,812.8180313429758
2018-04-20,556.5293952094186,503.99378323025167,490.85988023545997,508.37175089518223,534.6395568847655,582.7972011990017,747.700649911386,800.4447365412636,835.6248338487412,883.4176475242332,921.6518984646267,937.4125820583766,559.2649986881563,538.5322005363929,540.121115262704,551.8936446977256,567.3728332597063,593.3783668715757,707.4783520307874,733.4954207838174,754.4064756920498,771.237706702819,784.8718345192699,805.2045353701487
2018-04-24,600.309071858724,556.5293952094183,507.27725897894965,512.7497185601128,530.9912504973234,571.1226207591868,731.6481018066405,790.4379533071365,823.5854227701823,866.8786585678288,909.393589002821,934.4939369484231,601.6768735980929,573.7177165269406,563.2250339122742,568.6563957212603,579.1753244836199,599.7174481265527,703.3610091138173,728.4591460538682,748.8956215294993,765.5050983091635,779.0617792788975,799.4497808943318
2018-04-24,644.0887485080297,600.3090718587239,534.6395568847655,525.8836215549045,534.6395568847655,565.2853305392795,718.5141988118488,779.1803221687437,813.7349955240885,853.2583147213782,899.7620601399739,931.5752918384693,644.772649377714,611.7679527370736,590.9235654405011,590.331315322929,595.8973911918453,610.7367515422053,702.3551591919374,726.1744414590214,745.8506200133249,762.0104070378354,775.305984089618,795.4759518864022
2018-05-03,687.8684251573351,644.0887485080294,572.946773952908,547.7734598795572,545.5844760470919,565.2853305392795,708.2989409270109,767.9226910303508,806.07355211046,841.5837342815634,889.2549377441406,928.6566467285156,688.2103755921772,651.7280024269304,622.1956847562964,616.0252815052132,616.7821700306275,625.8511879464419,704.2562154343364,726.4823089696541,745.1427633248477,760.6457910808357,773.5114695930131,793.2092113869928
2018-05-03,731.6481018066406,687.868425157335,622.1989101833767,578.419233534071,563.8260079843026,571.1226207591868,701.0023281521266,756.665059891958,797.3176167805989,831.8549172483844,878.7478153483072,925.7380016185618,731.8190770240617,692.9612611032697,656.2472612384367,645.0075582957002,641.1892402373007,644.5488220526087,708.8733508625065,729.2333627294647,746.6505773770745,761.3091861747944,773.5900891321804,792.579450232702
2018-05-11,731.6481018066406,705.3802958170572,649.5612080891926,604.6870395236544,578.4192335340712,574.0412658691405,692.2463928222655,741.6548850407676,788.5616814507378,821.1532185118875,865.6139123535156,920.630372676143,709.8437510906983,691.2636491212915,663.2741865705106,652.8004441954952,648.3706666281729,649.9639144255663,707.5111781941092,726.9098966304002,743.7269072449991,758.0178756612636,770.0795821437443,788.8806500306627
2018-05-23,702.4616507071037,705.3802958170572,665.9785868326823,630.9548455132378,593.0124590838396,576.9599109790943,683.4904574924043,727.8955580938429,779.8057461208766,810.4515197753906,850.7288222927517,914.0634211787471,676.9662497993638,675.5386822502039,659.0107558820487,651.2164993561094,647.7119089599432,649.2295018364774,703.3995972279295,722.2606940364557,738.7759040350714,752.9188648007639,764.9289016311125,783.7789804946484
2018-05-23,644.0887485080297,687.868425157335,671.4510464138453,644.0887485080294,607.6056846336081,579.878556089048,674.7345221625434,714.1362311469184,767.7663350423177,799.7498210388936,836.7193257649737,906.0371471263744,638.6376608290439,650.4621454530438,645.9659371913738,641.9606026397861,640.4191551013339,643.1143253280111,696.7184801164725,715.4188521507383,731.9017615775308,746.0973784650479,758.210205392529,777.3302947751737
2018-05-28,600.309071858724,652.8446838378906,665.9785868326821,648.46671617296,622.1989101833766,582.7972011990017,665.9785868326821,700.3769041999938,753.5379401312933,789.0481223023967,822.7098292371961,896.5515505190249,597.5835280192312,619.1512287051686,626.0911500619649,626.4276547252445,627.5130236857552,632.2910189464725,687.6357233924383,706.5095665523855,723.2029729300849,737.6342327837223,749.9920545644835,769.5877666161026
2018-06-12,556.5293952094185,600.3090718587239,649.5612080891926,644.0887485080295,625.8472165708188,585.7158463089553,657.2226515028211,686.617577253069,737.1205613878037,775.427778455946,808.7003327094183,885.6066313566985,555.166623289672,583.6840586568165,600.9041652617875,605.7589378514631,609.8571137943198,617.348126728815,676.3080712256558,695.6506309883542,712.7726751161716,727.6060963950887,740.3396253731472,760.6020486243448
2018-06-22,512.7497185601129,556.5293952094182,622.1989101833766,630.9548455132377,622.1989101833766,588.6344914189091,648.4667161729599,672.8582503061444,718.5141988118488,762.7803163128134,794.6908361816406,873.2023896393953,512.0683326002396,545.4460530748133,571.5854711638847,580.8882283099134,588.1821622121446,598.8006166888782,662.8818788795105,682.9529022996057,700.6989699781398,716.085733487616,729.3149060043432,750.4214192880812
2018-06-28,468.9700419108074,512.7497185601128,583.8916931152343,609.065007188585,611.2539910210503,591.5531365288629,635.3328131781684,659.0989233592198,701.0023281521267,750.1328541696807,780.6813396538628,859.3388253671151,468.62934893087066,505.3608238037095,539.0532253906191,552.579524830456,563.1064840644622,577.0990798874454,647.4938210997358,668.5207332477978,687.0652230703741,703.1422301178142,716.9768798145299,739.0919196715756
2018-08-07,425.1903652615019,468.97004191080725,534.6395568847656,578.419233534071,593.0124590838396,585.7158463089553,619.2802650734229,645.3395964122954,683.4904574924044,734.5667469165943,766.671843126085,846.2049223723235,425.0200187715334,464.0441120732051,504.02155053658043,521.4579172495756,535.1532686548978,552.6377791105531,630.2715497482361,652.4523757564348,671.9503423390695,688.8412051518526,703.3816959912715,726.6574806281809
2018-08-10,381.4106886121963,425.19036526150177,490.85988023546,539.0175245496961,567.4743143717448,574.0412658691405,600.3090718587239,631.5802694653706,665.9785868326823,717.054876256872,752.6623465983072,830.8820355450665,381.325515367212,421.90641203643355,467.04587528617,488.03484268614176,504.7652143456403,525.7616910770229,611.3343046168037,634.8403568543297,655.429038175564,673.2450070542197,688.5828286694782,713.1600412956439
2018-08-13,337.6310119628908,381.41068861219617,447.0802035861545,490.8598802354601,534.6395568847655,556.5293952094183,578.419233534071,617.8209425184461,648.46671617296,697.597242190514,736.0260694715711,814.0998261628326,337.58842534039854,379.2213864621507,428.55819972714335,452.7287496803903,472.316911875244,496.7726680771061,590.7934810153471,615.7718294062031,637.5720662867539,656.412897635389,672.6312254179757,698.6396595682404
2018-09-05,293.85133531358525,337.6310119628906,403.30052693684894,447.0802035861545,494.5081866229021,533.1802343297887,557.9887177643952,604.0616155715214,630.9548455132377,676.1938447175202,720.2653858778211,795.8582942256221,293.83004200233904,336.1714771961936,388.89452392773046,415.88200521357527,438.125322520768,465.9348291842596,568.7531574223894,595.3288995326855,618.4464546972893,638.4012237704414,655.5754459285397,683.1346151777383
2018-09-08,250.07165866427968,293.8513353135851,359.52085028754334,403.30052693684894,447.0802035861545,503.9937832302517,537.5582019947193,586.5497449117993,613.4429748535156,655.7633289478442,704.5047022840711,776.1574397334346,250.06101200865652,292.8783121357871,348.3161812743517,377.7747277219984,402.45864421399426,433.4792773974211,545.3105862083996,573.5889324576008,598.1157160823553,619.2635780106098,637.4617916653667,666.6815059588979
2018-11-19,206.29198201497414,250.07165866427954,315.7411736382379,359.52085028754334,403.30052693684894,468.97004191080725,517.1276862250434,566.5361784435453,595.9311041937933,635.3328131781683,686.1172380913628,757.1862465187354,206.2866586871625,249.42297654574756,307.0264310675949,338.63610501625885,365.54381362508343,399.60822701357404,520.5566501917664,550.6248383721845,576.6400465254558,599.050948928661,618.3344271661384,649.3153378245166
2018-11-24,162.5123053656686,206.29198201497397,271.9614969889323,315.7411736382379,359.5208502875434,428.1090103714554,496.69717045536737,544.0209161667595,578.419233534071,614.9022974084925,665.9785868326821,738.2150533040364,162.50964370176268,205.859527269286,265.1833638746274,298.6536543961598,327.5728540692845,364.4986149830713,494.5762875600642,526.5053397720632,554.0765117014773,577.8118619659577,598.2354936255823,631.0696089292678
2019-05-14,162.5123053656686,188.7801113552518,244.59919908311636,285.09539998372395,326.6860928005642,390.16662394205724,480.64462235062206,522.7565017942397,564.1908386230468,597.3904267487701,646.7155291069878,721.4328439218026,184.40081285836834,206.003678851182,252.09639012711222,281.8606229222509,308.91425502923255,344.72270589973886,475.9395649783182,508.62786462510616,536.9477933484725,561.3958648313771,582.4836187443258,616.4856672672189
2019-05-16,191.69875646520563,188.7801113552518,228.18182033962677,263.2055616590712,301.1479480884694,360.9801728425202,467.5107193558304,505.24463113451765,552.1514275444878,581.8243194956838,627.4524713812933,706.1099570945457,217.23623576132394,220.69300545554788,251.64644980201354,276.0808112018472,299.8615465252311,332.89128313581404,461.33978793637266,494.1966601260791,522.8255152823381,547.6494065696359,569.1372581993234,603.9249526006172
2019-06-21,250.07165866427968,206.29198201497402,222.70936075846356,250.07165866427954,282.9064161512587,337.6310119628906,457.29546147099245,490.234456283327,539.0175245496961,568.203975649233,610.8161942545572,692.2463928222656,255.5437855374545,245.07911540822693,261.02531324943067,279.31181560278475,298.9368985280314,328.0112745507782,450.5149002696572,483.01736680589545,511.5586621600586,536.4505797790765,558.0948293133101,593.3114414954388
2019-07-16,250.07165866427968,215.0479173448351,211.7644415961372,232.55978800455733,261.0165778266059,311.3632059733073,445.6208810311776,473.9734335278708,522.6001458062066,553.6107500994647,593.304323594835,677.6531672724971,230.91788377621424,232.15007094380928,248.86235075248004,266.0354821660795,284.6838329036877,312.79632176990395,434.7324215978286,467.5798323984262,496.5441626087131,521.8917637032255,543.9957544833919,580.0832275016653
2019-10-23,220.88520756474267,223.8038526746962,200.8195224338108,215.0479173448351,239.12673950195315,285.09539998372395,433.94630059136284,457.7124107724144,503.99378323025167,539.0175245496961,575.7924529351128,663.0599417227285,196.71509457094135,208.93748241776234,229.67345177713636,247.21308631794847,265.8882115580382,294.0107751942668,417.1425572463839,450.56511878306907,480.12149269471206,506.0542022626041,528.7203323414321,565.8306247057251
2020-02-12,206.29198201497414,232.55978800455733,206.291982014974,210.6699496799046,228.1818203396268,267.58352932400174,426.6496878164786,445.2039317297557,486.4819125705294,527.3429441098813,560.9073628743488,648.46671617296,223.39337661761044,222.64887449993475,234.20638664103714,247.7328267460506,263.4548955393287,288.5183742372917,406.34813083590785,439.3853148086994,468.8154440748006,494.7799213431302,517.5718509077119,555.0675645790143
2020-03-12,191.69875646520563,215.0479173448351,206.291982014974,201.91401435004343,213.58859478985823,247.15301355432584,417.8937524866175,431.4446047828311,468.9700419108073,514.6954819667486,545.146679280599,633.8734906231914,192.95284099163945,202.60335145517934,218.27436857959466,232.23818645857025,247.92526526173705,272.7675870458848,390.5954101135171,423.94965516168855,453.7673456248455,480.1540667164215,503.37750152366175,541.7041664997781
2020-03-12,177.10553091543713,180.02417602539066,206.291982014974,193.15807902018233,198.99536924008976,226.72249778464993,409.1378171567564,417.68527783590645,451.458171251085,499.1293747136622,529.3859956868488,619.280265073423,155.84273485400118,174.64644387557385,196.15398194305155,211.60081228384598,228.04947391925316,253.51318668188856,373.0335812060386,406.9371249938043,437.3134386172403,464.2534973742537,488.012112029549,527.3233856907027
2020-04-29,162.5123053656686,180.02417602539066,206.291982014974,197.5360466851129,195.3470628526476,215.0479173448351,400.38188182689527,407.6784946017795,437.22977634006077,484.53614916389364,516.2520926920573,604.6870395236544,181.06735843448757,185.19495658870724,198.40687084794456,210.63557041525618,224.70216731501435,247.61052789763332,362.2632679560121,395.75539280209034,425.97148135375033,452.9104557321081,476.7664756132427,516.4217273143995
2020-07-22,191.69875646520563,197.5360466851129,206.291982014974,210.6699496799046,198.99536924008976,209.2106271249277,391.62594649703414,400.17340717618424,425.19036526150165,469.9429236141251,504.86937676323777,590.093813973886,215.56950854938356,206.82052394723132,209.88793480721466,217.8057682879665,228.60516613945313,247.91816961745982,355.0170492703774,387.63800628315744,417.3384245531841,443.99566138760235,467.7236751229749,507.3875324727468
2020-07-25,250.07165866427968,206.29198201497402,206.291982014974,219.42588500976566,209.9402884024161,209.2106271249277,382.870011167173,395.17001555912077,415.339938015408,455.34969806435663,495.23784790039053,575.5005884241175,254.71042193148432,235.83079440268259,228.54646825318164,231.63223503449348,238.64303865809367,253.6598214370154,351.0667686649644,382.4131397439122,411.27956401183513,437.3999090568769,460.79262225291706,500.15289176602397
2020-07-31,293.85133531358525,241.31572333441846,222.70936075846356,228.18182033962677,228.18182033962674,215.0479173448351,374.11407583731193,392.66831975058903,407.6784946017795,443.6751176245418,487.35750610351556,560.9073628743488,296.1707169471875,269.7642002560853,252.78747796655836,250.90473994721208,253.8719580619725,264.1562300223826,350.19910206760215,379.9187076517165,407.6670446065658,433.0190962445022,455.88622070954636,494.6526376305525
2020-08-01,337.6310119628908,293.8513353135851,250.07165866427954,236.9377556694879,242.77504588939527,226.72249778464993,365.35814050745086,392.66831975058903,402.2060350206163,433.9463005913628,478.60157077365443,548.5031211570457,338.79070277969186,306.97969637478894,281.37041366568803,274.63309426670514,273.49330169659714,278.81304928283737,352.21458593392185,380.0018011147921,406.379497715753,430.7539685251161,452.9211739188151,490.8242159927991
2020-08-13,381.4106886121963,337.6310119628906,271.9614969889323,258.8275939941406,257.36827143916383,244.23436844437214,356.6022051775897,391.41747184632317,398.92255927191843,426.1632469648196,469.84563544379336,537.5582019947193,381.9905340205968,346.3832526703598,313.33040290928835,302.0071435543141,296.83131195190765,297.11022681897333,356.9267099959509,382.51815818799207,407.301699184037,430.5098789015721,451.81780329950834,488.60756504101414
2020-09-01,425.1903652615019,381.41068861219617,310.26871405707465,289.4733676486545,271.9614969889323,267.58352932400174,347.8462698477286,390.16662394205724,397.82806735568573,420.32595674491216,461.08970011393217,528.0726053873698,425.480287965702,387.24551575050896,347.91698935414286,332.36403417894667,323.3141939411804,318.59271710056294,364.16107022739817,387.33166584382,410.32424654258983,432.1965603513905,452.4998764278042,487.9450006516803
2020-09-05,425.1903652615019,398.92255927191843,343.10347154405383,302.6072706434462,286.55472253870084,279.2581097638166,334.7123668529369,385.16323232499377,395.63908352322045,413.5157848216869,449.7069841851128,517.8573475025318,403.4454882889491,385.3005733710714,355.3600336337223,341.28160771571646,332.25211632880604,326.4449678236594,365.27477809556046,387.002035468983,408.9074371459263,429.9701708244902,449.6745097362963,484.35398518480633
2020-09-05,396.0039141619648,398.9225592719184,359.5208502875434,320.1191413031685,301.1479480884693,285.09539998372395,323.0377864131221,377.65814489939856,393.45009969075517,406.70561289846165,439.1998617892795,507.64208961769384,370.53825012591983,369.4107195683444,351.42025104019916,340.61786303317433,333.079638744277,327.84322400858366,363.4900661578345,384.2537897375295,405.4155531895503,425.9235955884953,445.223807338341,479.41285594146933
2020-11-06,381.4106886121963,407.6784946017795,381.41068861219617,350.76491495768227,315.74117363823785,293.8513353135851,315.74117363823785,371.40390537806917,394.54459160698786,402.81408608519,431.3195199924045,499.6158155653211,397.86430769371077,388.00393479939686,367.8136097560603,355.9946816241272,347.2505198951186,340.01162174818813,367.4733261823048,386.5322808813172,406.38413199414117,425.8914743375939,444.4284226796651,477.5884505966802
2020-11-13,410.5971397117334,416.43442993164064,403.30052693684894,377.0327209472656,341.27931835033274,311.36320597330734,311.36320597330734,365.14966585673983,394.54459160698786,400.8683226785542,425.1903652615017,493.0488640679253,433.417174802259,414.992637169867,390.29281690157694,376.53565622606004,365.97660037092464,356.13143016039373,374.0254954531252,391.1202139749244,409.44900399503877,427.77803235262076,445.4023203566877,477.298719089551
2020-11-21,468.9700419108074,425.19036526150177,425.1903652615017,403.30052693684894,374.11407583731193,334.7123668529369,309.9038834183304,358.89542633541043,394.5445916069878,400.86832267855425,420.81239759657115,487.9412351255063,473.08344668118593,447.5783309666156,417.50546171460115,401.30184938200176,388.5570802614051,375.70872247151516,382.9805519609206,397.8886352160258,414.50674426090563,431.49806109420524,448.0736520180412,478.4895125328562
2020-11-22,512.7497185601129,460.2141065809461,447.0802035861544,429.5683329264322,403.30052693684894,355.1428826226129,311.3632059733073,352.64118681408115,394.5445916069878,402.81408608519,418.18561699761284,484.2929287380642,514.8064209453021,483.8953523808832,448.39966915790825,429.52503953644646,414.3989750325107,398.3113128888649,394.1832277116079,406.7158387332565,421.459104718574,436.9702371560576,452.3736125734124,481.10875666306464
2020-11-23,556.5293952094186,512.7497185601128,468.97004191080725,455.8361389160156,432.486978036386,384.3293337221499,315.74117363823785,350.13949100554936,394.54459160698786,406.70561289846154,417.31002346462674,482.1039449055989,557.557746402013,522.6999255401635,482.15731420254616,460.576681780466,443.00052854371484,423.561038942748,407.4883090878401,417.48695408755805,430.2127479739782,444.11693653435213,458.2363016424497,485.10636176471223
2020-12-18,600.309071858724,556.5293952094183,490.85988023546,482.10394490559895,461.67342913592296,419.3530750415943,323.0377864131221,350.13949100554936,394.54459160698786,412.542903118369,418.1856169976129,479.1852997956452,600.8232474550211,563.1628665294521,518.1420773815526,493.9425120977382,473.9371779093227,451.1270085444888,422.7599831082495,430.09355780134337,440.6789954855894,452.86405849689214,465.5985920394343,490.434137170035
2020-12-28,644.0887485080297,600.3090718587239,529.1670973036024,508.37175089518223,490.85988023545997,451.45817125108505,333.2530442979601,352.64118681408115,394.54459160698786,417.4073116349585,420.8123975965711,476.2666546856915,644.3458363061781,604.7313860720798,555.8590435539569,529.2017690204055,506.8496776122633,480.7196911688651,439.8712265261833,444.43330745697455,452.773589254491,463.1408584968578,474.4000048833392,497.04571006127287
2020-12-30,687.8684251573351,644.0887485080294,578.419233534071,534.6395568847656,520.046331334997,483.5632674605758,346.38694729275176,357.64457843114457,394.54459160698786,422.271720151548,425.1903652615017,473.34800957573776,687.9969690564093,647.0369579836,594.9232787212267,566.0101931656983,541.434050677563,512.0857476437853,458.7032349192574,460.40959700077707,466.41646624950783,474.879789612677,484.58259095052864,504.8964483216988
2021-01-03,731.6481018066406,687.868425157335,622.1989101833766,574.0412658691406,549.2327824345341,515.6683636700666,362.43949539749707,365.14966585673983,394.54459160698786,427.13612866813753,431.31951999240454,470.4293644657841,731.7123737561776,689.8338981410487,635.0353897733917,604.0861177659064,577.4330858193175,545.0035062200736,479.1448891156032,477.93123197674913,481.5315448360681,488.0163520295273,496.09081791288236,513.9433871986438
2021-01-03,775.4277784559463,731.6481018066405,665.9785868326823,622.1989101833767,578.4192335340712,547.7734598795573,381.41068861219617,375.1564490908668,397.82806735568573,432.000537184727,439.19986178927945,469.6997031882957,775.4599144307147,732.9584171291164,675.962515402698,643.199088192907,614.6291427190284,579.2790041354128,501.09225648331807,496.9121234958309,498.04652252407385,502.48895010940004,508.8714631277174,524.145159557699
2021-01-03,819.2074551052518,775.427778455946,709.7582634819877,665.9785868326823,618.5506037959345,579.878556089048,403.30052693684894,387.6649281335255,403.30052693684894,436.86494570131657,448.83139065212674,470.4293644657841,819.2235230926359,776.3013220042634,717.52354125867,683.1605506600536,652.8380641842866,614.7425239849655,524.4481247774237,517.2709998225619,515.892684393285,518.2387566257514,522.8735116677059,535.4619295219865
2021-01-03,862.9871317545573,819.2074551052516,753.5379401312933,709.7582634819877,665.9785868326821,611.9836522985387,428.1090103714554,402.67510298471603,410.96197035047743,441.729354217906,457.5873259819878,472.6183482982494,862.9951657482493,819.7898174707965,759.577600624271,723.8162338873594,691.9040248984902,651.2455630472979,549.1215663945636,538.9311345316329,535.0047215948625,535.2095837657286,538.0480592991862,547.8553293040048
2021-01-03,906.7668084038629,862.987131754557,797.3176167805989,753.5379401312932,709.7582634819877,644.0887485080294,455.8361389160156,420.18697364443824,420.8123975965711,446.5937627344955,466.3432613118489,476.2666546856915,906.7708254007088,863.3753733315871,802.0151304973614,765.0399159184677,731.6951726706483,688.6581814457841,575.0275310306347,561.8200902526426,555.320559365012,553.3477605279527,554.3482201359765,561.2883990501585
2021-01-04,950.5464850531685,906.7668084038627,841.0972934299043,797.3176167805988,753.5379401312933,684.9497800473813,482.1039449055989,440.2005401126921,432.8518086751302,451.45817125108505,475.0991966417101,481.3742836281105,950.5484935515913,907.0256361218826,844.7509152096101,806.7283242436279,772.0999402621677,726.8666817907457,602.0864648713617,585.8694770826768,576.7811940213556,572.6020161670492,571.7290387131429,575.7255295297587
2021-01-04,994.326161702474,950.5464850531682,884.8769700792099,841.0972934299043,797.3176167805988,731.6481018066405,508.3717508951823,462.7158023894779,447.0802035861545,459.2412248776282,483.8551319715711,487.9412351255063,994.3271659516853,950.7190368651815,887.7186759078713,848.7969631730392,813.0239246249222,765.7715788670006,630.2239545712519,611.01472480348,599.3305384449417,592.9233693576547,590.1474062412642,591.1324075111116
2021-01-05,1038.1058383517795,994.3261617024739,928.6566467285155,884.87697007921,841.0972934299043,775.4277784559459,534.6395568847655,487.7327604747953,463.49758232964416,468.9700419108073,492.6110673014323,495.96750917787904,1038.1063404763852,994.4411962438159,930.8668623730309,891.1766998695888,854.3872462565556,805.2858231109667,659.370394393093,637.1948680933008,622.9152755808626,614.2650227706615,609.5619808166671,607.4759636773535
2021-01-06,1081.8855150010852,1038.1058383517793,972.436323377821,928.6566467285154,884.87697007921,819.2074551052516,565.2853305392795,515.2514143686446,482.103944905599,480.64462235062206,501.36700263129336,505.4531057852285,1081.885766063388,1038.1825280460073,974.1553799902229,933.8109711029073,896.1223148088222,845.3332461534955,689.460674988831,664.3523439732525,647.4847195184783,636.5822627730823,629.9331113769767,624.7243229440134
2021-01-06,1125.6651916503909,1081.8855150010852,1016.2160000271266,972.436323377821,928.6566467285155,862.9871317545571,598.849749303747,545.2717640710256,502.89929131401914,494.2649661970727,510.12293796115443,516.398024947555,1125.6653171815422,1081.9366414639037,1017.5530440589952,976.6534978663261,938.1719384484967,885.8472006701164,720.4338924038573,692.4328007744986,672.9906837383722,659.8323639802562,651.2227652042218,642.8467570489469
2021-01-07,1169.4448682996965,1125.6651916503906,1059.9956766764321,1016.2160000271267,972.4363233778212,906.7668084038628,630.9548455132378,574.0412658691405,525.8836215549045,509.8310734501591,518.8788732910157,528.8022666648582,1169.4449310652722,1125.6992759589364,1061.0355998123305,1019.6664155180226,980.4877240858375,926.769370250194,752.2330759810011,721.3849179559925,699.3873561375666,683.974498405261,673.3944587897223,661.813639293333
2021-01-09,1213.2245449490022,1169.444868299696,1103.7753533257378,1059.9956766764321,1016.2160000271266,950.5464850531683,667.4379093876591,602.8107676672557,551.0569356282551,527.3429441098814,530.2615892198351,542.6658309371383,1213.2245763317899,1169.46759117206,1104.584182431437,1062.8187438965033,1023.0287237217517,968.0487280325744,784.8049339283531,751.1602361430902,726.6311804673021,708.969648965451,696.4131918861502,681.5964013199048
2021-01-11,1213.2245449490022,1186.9567389594188,1131.1376512315537,1090.6414503309463,1049.050757514106,985.5702263726129,702.4616507071037,627.8277257525731,575.1357577853732,543.8819330662857,540.7687116156684,555.79973393193,1191.334722315743,1169.4600168812722,1118.997668179939,1082.205311969902,1045.5542844343893,993.2232462937579,809.6246746165664,774.4120557642735,748.2643282589247,729.05241952036,715.066283349927,697.8040525000844
2021-01-11,1184.0380938494652,1186.9567389594188,1147.5550299750435,1112.531288655599,1074.5889022262008,1014.7566774721498,733.1074243616174,654.0955317421565,599.2145799424914,560.42092202269,551.2758340115017,566.7446530942564,1158.4999569830668,1154.8617418043116,1120.4793400622616,1090.1071082754756,1057.8790393945576,1009.7784898821214,830.0176605841002,793.9370509154672,766.7004563001603,746.3476154023721,731.2539401227978,712.0125691988064
2021-01-12,1125.6651916503909,1169.444868299696,1153.0274895562065,1125.6651916503906,1092.8304341634114,1038.1058383517795,760.8345529061776,680.3633377317399,623.2934020996094,576.9599109790943,561.782956407335,576.2302497016059,1120.192735992076,1130.5363328699027,1111.9029344931114,1088.6122731346727,1061.5723433350022,1018.7918682214954,846.2696413132202,809.9426514830303,782.0962523723605,760.9776162558006,745.0745288103222,724.2902265923387
2021-01-14,1125.6651916503909,1160.6889329698352,1163.9724087185332,1143.177062310113,1114.7202724880642,1064.373644341363,790.0210040057148,706.6311437213232,647.3722242567273,596.4175450454524,574.9168594021268,586.4455075864439,1144.8188021458861,1143.505844679834,1124.6900308945749,1103.3091086192603,1078.1681164102154,1037.6234935959899,867.1225868227407,829.924976375474,801.0157551553191,778.7852590843722,761.7982700204024,739.0607868010184
2021-01-14,1154.851642749928,1151.9329976399742,1174.9173278808594,1160.6889329698352,1136.610110812717,1090.6414503309463,819.2074551052517,736.6514934237041,671.4510464138455,617.8209425184461,589.8019494628907,596.6607654712818,1179.0216735474442,1166.7454114362233,1144.364367351114,1123.293733406528,1098.9460284970485,1059.5736253870934,889.4546816695,851.2294455660843,821.1482477442433,797.7229507918114,779.5848143204837,754.7876968351671
2021-01-18,1213.2245449490022,1169.444868299696,1185.862247043186,1178.2008036295574,1158.4999491373699,1116.9092563205297,848.3939062047888,769.1735389346168,695.5298685709635,641.1701033980758,606.4382265896268,606.8760233561198,1218.0129475728759,1196.8316814902514,1169.3954460727127,1147.6047312596206,1123.2626735934543,1084.2524502794367,913.1704722282446,873.7825353514988,842.434403249995,817.7412731584011,798.3920271642119,771.4387113941177
2021-01-19,1257.0042215983078,1204.4686096191406,1196.8071662055122,1195.7126742892797,1180.3897874620227,1143.1770623101131,877.5803573043257,800.4447365412636,722.8921664767795,666.4650276843412,624.8256907823351,617.0912812409578,1259.3984229102446,1231.482420409372,1198.5928798893574,1175.4554888938403,1150.5736312362662,1111.3188816266359,938.1806677950763,897.5148179235794,864.8178099773926,838.7929903435233,818.1794741880426,788.9827190267218
2021-01-19,1300.7838982476135,1257.0042215983078,1207.7520853678388,1213.224544949002,1202.2796257866755,1169.4448682996963,906.7668084038629,831.7159341479105,752.4434482150608,693.7057153772424,644.9643420410156,627.3065391257958,1301.9809989035816,1269.1761385718876,1231.0308121132598,1206.202413621708,1180.4182379567208,1140.474468616419,964.4017423024134,922.3607324065783,888.2448268908742,860.8329507005985,838.9083503198624,807.3896992587056
2021-01-21,1300.7838982476135,1274.5160922580296,1218.6970045301653,1217.6025126139325,1213.224544949002,1186.9567389594188,935.9532595033999,859.2345880417596,777.6167622884116,717.0548762568721,664.22739976671,635.3328131781684,1279.4926102509446,1265.1188329140275,1236.8026808877148,1215.4391059810985,1192.2006969796496,1155.0406878838517,983.2812226900977,940.959016765538,906.2512105416793,878.0951984123228,855.3701618261183,822.2807779336655
2021-01-21,1271.5974471480765,1274.5160922580296,1229.6419236924914,1213.224544949002,1216.872851336444,1198.6313193992332,965.1397106029369,884.2515461270772,803.8845682779948,738.4582737298659,683.4904574924045,644.0887485080295,1246.3585775999732,1247.8207369256857,1231.5630951235564,1215.036458520717,1195.435135129047,1162.3136700802122,998.1176733177837,956.0902422963098,921.2398673931707,892.6963065569415,869.4578472075159,835.2243940603926
2021-01-21,1213.2245449490022,1257.0042215983078,1240.5868428548179,1213.224544949002,1213.224544949002,1204.4686096191406,989.9481940375434,906.7668084038628,830.1523742675781,757.9159077962239,702.7535152180991,652.8446838378907,1207.9017229498347,1221.6954473836893,1217.759044718254,1206.7470784805262,1191.4366325396377,1163.205069864427,1009.1720148626731,967.9472460024003,933.3584630318738,904.7527582169257,881.2656752540846,846.286419902305
2021-01-21,1169.4448682996965,1221.9804802788633,1235.1143832736548,1213.224544949002,1202.2796257866755,1204.4686096191406,1011.8380323621963,926.7803748721168,853.1367045084635,778.3464235659,722.0165729437934,661.6006191677517,1166.7834573001128,1189.6853621392563,1197.2937440365067,1192.0049172386757,1181.317949325311,1158.512585056445,1016.6883233048899,976.7121249924662,942.7474111624678,914.3758977630656,890.8841173792224,855.5304197851245
2021-01-22,1169.4448682996965,1195.7126742892797,1235.1143832736548,1226.3584479437936,1205.9279321741176,1207.3872547290946,1035.1871932418258,948.0447892446366,877.2155266655816,801.6955844455296,743.9064112684463,672.5455383300782,1190.0040011245574,1197.5317564091715,1200.8339220170615,1195.8630313678275,1186.2266563445853,1165.3515800828377,1029.3690574515422,989.8556281793511,955.952296994691,927.3929317737544,903.5681834749877,867.3621351700895
2021-01-24,1198.6313193992337,1195.7126742892797,1235.1143832736548,1235.1143832736548,1216.872851336444,1210.3058998390484,1058.5363541214554,973.0617473299542,901.2943488226998,824.0718636218413,764.9206560601128,684.9497800473814,1223.5041113614325,1217.3559114722168,1213.316210812894,1206.9796114097367,1197.1155125379253,1176.8081603306437,1044.056256645897,1004.7014030030956,970.649274685163,941.7487684271013,917.4739925196195,880.2468694376955
2021-01-24,1257.0042215983078,1213.224544949002,1235.1143832736548,1243.870318603516,1235.1143832736545,1213.2245449490022,1081.8855150010852,1000.5804012238034,925.3731709798178,849.3667879081067,785.9349008517795,698.8133443196615,1262.1440048045229,1245.165240397349,1232.7534746872761,1224.0349362893553,1213.0644949553698,1192.3051276393535,1060.6204481849381,1021.1548123902969,986.7654167053812,957.3849445008638,932.5532334121152,894.1493316425141
2021-01-24,1300.7838982476135,1248.2482862684465,1235.1143832736548,1252.626253933377,1249.7076088234232,1224.8991253888169,1105.2346758807148,1026.8482072133868,949.4519931369359,876.607475601008,806.9491456434463,714.1362311469185,1303.353789850721,1278.2980185638723,1257.6001636227525,1245.9492342180083,1233.2951226392963,1211.3374336207926,1078.940516206972,1039.126486179833,1004.2313705428503,974.2455666230752,948.7595292150194,909.0354514005127
2021-01-24,1344.5635748969191,1300.7838982476133,1251.5317620171445,1261.3821892632382,1264.300834373192,1242.4109960485391,1128.5838367603444,1053.1160132029702,973.5308152940539,902.8752815905913,830.5901710340712,730.9184405291522,1345.8485206984728,1314.9797628913232,1286.654183161302,1271.839055550416,1257.1486809332796,1233.4631609369935,1098.9031620157841,1058.5320273938764,1022.9811824390154,992.2771968761466,966.0483578894664,924.8723342386115
2021-01-27,1344.5635748969191,1318.2957689073355,1262.4766811794707,1257.0042215983076,1267.949140760634,1257.0042215983076,1147.5550299750435,1075.6312754797557,994.326161702474,926.224442470221,853.3556028917102,746.9709886338976,1323.316209473043,1310.2478080100866,1289.794119847149,1277.1017542226346,1263.861791289476,1241.878253125954,1111.9284452978616,1071.9934847909983,1036.5412346781873,1005.7100440991238,979.2120025467033,937.2897287600429
2021-01-27,1315.3771237973822,1318.2957689073355,1273.4216003417973,1257.0042215983076,1264.300834373192,1262.8415118182152,1163.607578079789,1095.6448419480098,1016.2160000271269,947.6278399432148,873.4942541503906,763.0235367386431,1290.1602155356754,1292.4999458728269,1282.507475791851,1273.4476573818474,1262.8067805677385,1243.7689991899392,1121.2886565930844,1082.2740374000887,1047.3020941917007,1016.6510797191357,990.1351226744623,947.8481832063421
2021-01-29,1300.7838982476135,1327.0517042371969,1300.7838982476133,1270.1381245930993,1264.300834373192,1271.597447148076,1181.1194487395112,1116.9092563205297,1041.3893141004776,970.0041191195265,897.1352795410157,781.2650686758536,1317.3618952162972,1309.8544888808576,1296.2977200374219,1286.3778242027709,1275.384748926269,1256.3683211821221,1135.6941865599874,1096.8485950025874,1061.8110772642904,1030.9271178828042,1004.0702003725793,960.9464501253908
2021-02-02,1329.9703493471507,1335.8076395670578,1322.673736572266,1292.0279629177521,1275.2457535355184,1280.3533824779372,1198.6313193992332,1138.1736706930496,1065.4681362575957,992.3803982958384,922.527491997613,800.9659231680412,1352.8525733812608,1336.0174097693132,1316.7522825949336,1304.916992810673,1292.7629800987977,1272.8651875106423,1151.9948635484325,1113.0458038653107,1077.748276858508,1046.4867297444423,1019.1771482186997,975.0544751267608
2021-02-02,1388.3432515462248,1344.5635748969187,1344.563574896919,1322.673736572266,1293.4872854727291,1289.1093178077983,1216.1431900589557,1159.4380850655693,1089.5469584147136,1014.75667747215,947.044110921224,822.1261002152056,1392.4877507883955,1368.0525825780521,1342.3902038395108,1328.0453446988306,1314.2029721139174,1292.772405131105,1170.0684066728477,1130.7754755235787,1095.0439303281194,1063.273933656929,1035.4097280917497,990.1385841406585
2021-02-02,1432.1229281955304,1379.5873162163632,1366.4534132215717,1348.9415425618495,1319.0254301848238,1297.8652531376597,1233.6550607186778,1180.7024994380893,1113.625780571832,1037.1329566484617,971.5607298448354,844.7455998173467,1434.1951778166158,1404.0025900003136,1372.0596262851388,1354.9284829071967,1339.0798386881384,1315.663680130388,1189.800426334229,1149.95243785129,1113.6316898041798,1081.2352013845461,1052.7235435099417,1006.1662547133928
2021-02-03,1475.902604844836,1432.1229281955304,1388.3432515462246,1375.2093485514329,1351.8601876718033,1315.3771237973817,1251.1669313784002,1201.9669138106092,1137.7046027289498,1062.4278809347272,996.0773487684464,866.6354381419994,1476.9387296553787,1442.5624871649227,1404.8646607760284,1384.8837190139154,1366.8648298892824,1341.1660053350404,1211.083914796174,1170.49625566235,1133.4484543661576,1100.3193495751807,1071.0759649546198,1023.1060747785068
2021-02-03,1519.6822814941418,1475.9026048448359,1410.2330898708774,1401.4771545410163,1381.0466387713404,1338.7262846770113,1268.6788020381223,1223.231328183129,1161.783424886068,1089.6685686276285,1020.5939676920575,888.5252764666524,1520.200343899413,1482.8623108244308,1440.108504635455,1417.3524897647405,1397.1105419285877,1368.952999468681,1233.8187696677444,1192.3309669157122,1154.434210526183,1120.4774361186735,1090.4260583234516,1040.9277030213996
2021-02-03,1563.4619581434474,1519.6822814941413,1448.5403069390197,1427.7449605305997,1410.2330898708772,1367.9127357765487,1286.1906726978448,1244.4957425556486,1185.862247043186,1115.9363746172119,1045.1105866156686,910.4151147913052,1563.720989346083,1524.322085480538,1477.2492002259658,1451.877788860744,1429.4384023694122,1398.7390789147576,1257.911348164904,1215.3848336481146,1176.531880608512,1141.6626611641252,1110.73451637416,1059.6018307685542
2021-02-03,1607.241634792753,1563.4619581434472,1497.7924431694887,1454.012766520183,1439.4195409704143,1402.9364770959933,1303.7025433575668,1265.7601569281687,1209.9410692003041,1142.2041806067953,1069.6272055392799,934.4939369484232,1607.3711503940708,1566.5551608010446,1515.8652249406532,1488.0857020573476,1463.528080688445,1430.2743580089875,1283.2740501602473,1239.5901068082403,1199.6871786278784,1163.8302725801425,1131.9635930267186,1079.1001453358972
2021-02-05,1651.0213114420587,1607.241634792753,1541.5721198187944,1493.4144755045581,1468.6059920699518,1435.0415733054838,1321.2144140172893,1287.0245713006889,1234.0198913574222,1168.4719865963784,1094.1438244628907,960.0320816605182,1651.0860692427175,1609.3037698978178,1555.6287278630336,1525.6702995180785,1499.1085279813467,1463.3401867952648,1309.8249281597118,1264.882804212829,1223.848473290832,1186.9374756525658,1154.077040398283,1099.395294774035
2021-02-08,1694.8009880913644,1651.0213114420585,1585.3517964681,1541.5721198187944,1497.792443169489,1467.1466695149747,1338.7262846770116,1308.2889856732083,1258.0987135145401,1194.739792585962,1121.2872239854603,984.8405650951247,1694.8333669916938,1652.3960681787685,1596.284713835842,1564.3812750130958,1535.9503951752156,1497.7452465620938,1337.4873224655696,1291.2025008893515,1248.9666577634696,1210.9433468242285,1177.0400484511551,1120.4608539511507
2021-02-11,1738.58066474067,1694.800988091364,1629.1314731174057,1585.3517964681,1537.923813431352,1499.2517657244655,1356.2381553367338,1329.5534000457283,1282.1775356716585,1221.0075985755452,1150.181810574002,1011.8380323621964,1738.5968541908346,1695.717492582504,1637.6348532923162,1604.0138325361652,1573.8596176699048,1533.3221334369805,1366.1895198977322,1318.492131111421,1274.9950258672532,1235.8087512907696,1200.8191871397626,1142.2712919172127
2021-02-12,1782.3603413899757,1738.5806647406698,1672.9111497667113,1629.1314731174057,1585.3517964680998,1531.3568619339565,1378.1279936613864,1350.8178144182482,1306.2563578287763,1247.2754045651286,1178.2008036295576,1040.294822184245,1782.3684361150579,1739.1916677347629,1679.524889902753,1644.4004117185505,1612.6719869575968,1569.9243690315343,1395.8644345508208,1346.6978014722831,1301.8891543819136,1261.496264275508,1225.3823509480317,1164.8019404958548
2021-02-18,1826.1400180392814,1782.3603413899757,1716.690826416017,1672.9111497667113,1629.1314731174054,1563.4619581434474,1402.9364770959933,1372.082228790768,1330.3351799858945,1273.543210554712,1206.2197966851134,1068.0219507288052,1826.1440654018224,1782.767676719371,1721.8348465218276,1685.4039177131028,1652.248557377832,1607.4237847559368,1426.4493091630266,1375.7686143786584,1329.6067911508121,1287.9700958148871,1250.6987057136314,1188.0289640528497
2021-02-18,1869.919694688587,1826.1400180392811,1760.4705030653226,1716.690826416017,1672.911149766711,1604.322989682799,1430.6636056405534,1393.346643163288,1354.4140021430128,1299.8110165442954,1234.2387897406688,1095.7490792733654,1869.9217183698574,1826.4115749255445,1764.4714075920645,1726.9121820085193,1692.4717595256047,1645.70823309411,1457.8854357649411,1405.656501382022,1358.107748699654,1315.1960188940775,1276.7386376404065,1211.929330392511
2021-02-19,1913.6993713378927,1869.9196946885866,1804.2501797146283,1760.4705030653226,1716.6908264160172,1651.0213114420585,1456.9314116301366,1414.611057535808,1378.492824300131,1326.0788225338788,1262.2577827962245,1123.4762078179258,1913.7003831785278,1870.1007326127626,1807.3619943465387,1768.8334303682796,1733.24211159668,1684.6795849694884,1490.1178943627303,1436.316065797231,1387.3538030941359,1343.1413007799738,1303.4737044049027,1236.4807827356565
2021-02-22,1913.6993713378927,1887.4315653483093,1831.6124776204442,1791.1162767198366,1749.5255839029962,1686.045052761503,1478.8212499547894,1432.12292819553,1399.288170708551,1349.4279834135084,1287.6499952528218,1149.0143525300205,1891.8100389335573,1870.0403866380373,1821.2637055336606,1787.21275115379,1754.2694320723845,1707.83459869152,1514.6216720185846,1460.407201744396,1410.900058704666,1366.0603461256537,1325.7187415380838,1257.3373521667045
2021-02-22,1884.5129202383557,1887.4315653483093,1848.029856363934,1813.0061150444894,1775.0637286150911,1715.23150386104,1497.7924431694885,1450.8856467595183,1417.8945332845058,1370.8313808865023,1311.2910206434465,1173.0931746871388,1858.9750284864192,1855.406930438452,1822.3473305349098,1794.2904360420612,1765.3264452980727,1722.6227761139826,1534.7199641363386,1480.727320965664,1431.1609507149958,1386.0768729772028,1345.369814493934,1276.0631088185733
2021-02-22,1826.1400180392814,1869.9196946885866,1853.502315945097,1826.1400180392811,1793.305260552302,1738.5806647406696,1513.844991274234,1469.6483653235064,1434.3119120279955,1390.2890149528603,1333.1808589680993,1195.7126742892801,1820.6676849381975,1831.058067422293,1813.4613329471467,1792.1213279235,1767.9470446968292,1730.0899717752459,1550.6970112813488,1497.4859801726016,1448.2968795153859,1403.317351008861,1362.5291057107956,1292.7288605705974
2021-02-23,1782.3603413899757,1834.895953369142,1848.029856363934,1830.517985704212,1804.250179714628,1756.092535400392,1526.9788942690257,1488.4110838874947,1448.54030693902,1407.8008856125825,1353.31951022678,1216.8728513364442,1779.6241748394336,1800.2322665284184,1796.8211844568186,1782.3866618902584,1763.4291400881857,1731.1513083961431,1562.8187137629068,1510.8810874083724,1462.460406547395,1417.9027255902513,1377.2947515338446,1307.403025912586
2021-02-23,1738.58066474067,1782.3603413899757,1831.6124776204442,1826.1400180392811,1807.8984861020701,1767.767115840207,1541.5721198187944,1503.421258738685,1460.579718017579,1423.366992865669,1371.7069744194887,1238.762689661097,1737.212581465399,1765.0885070494005,1774.15002970894,1766.4619939268227,1752.8709628578988,1726.6075183572239,1571.333815158299,1521.099549945679,1473.7966381412648,1429.9486602597024,1389.761004032968,1320.1517169227425
2021-02-23,1694.8009880913644,1738.5806647406698,1804.2501797146283,1813.0061150444894,1804.250179714628,1773.6044060601146,1556.1653453685628,1515.9297377813439,1470.4301452636726,1436.9873367121197,1388.3432515462246,1260.6525279857499,1694.1169464537288,1727.0661085136198,1746.7880923163,1745.472778929593,1737.2017857169917,1717.159242491333,1576.475009444481,1528.3178861075032,1482.443590488238,1439.5657684557639,1400.0183862258032,1331.0388192135072
2021-02-23,1651.0213114420587,1694.800988091364,1765.9429626464857,1791.1162767198366,1793.3052605523017,1773.6044060601146,1570.7585709183318,1525.9365210154708,1481.375064425999,1448.6619171519346,1403.2283416069886,1280.3533824779374,1650.6792906232408,1687.1246172733308,1715.7777684221785,1720.3398436319858,1717.2079163440226,1703.419541527108,1578.4599766704505,1532.7028030239944,1488.5325366816783,1446.8598349911917,1408.1538409841005,1340.1260689656042
2021-02-25,1607.241634792753,1651.0213114420585,1716.690826416017,1760.4705030653226,1775.0637286150913,1767.767115840207,1585.3517964681002,1533.441608441066,1492.3199835883254,1458.3907341851138,1416.3622446017803,1298.5949144151482,1607.070624383344,1645.9037308967029,1681.9298105824605,1691.8165917249787,1693.5546920054633,1685.9248436020307,1577.4923517845777,1534.4117422260122,1492.1883367140067,1451.9320277311294,1414.2508738891274,1347.4731271652183
2021-02-25,1563.4619581434474,1607.241634792753,1672.9111497667113,1721.0687940809476,1749.5255839029962,1756.092535400392,1595.567054352938,1538.4450000581298,1503.264902750652,1466.173787811657,1427.7449605305997,1315.3771237973817,1563.3764529387427,1603.8299144291825,1645.8748041183896,1660.5194444102813,1666.8050903883282,1665.1445233363413,1573.7626309329512,1533.5933948693803,1493.5297512720103,1454.8790999157882,1418.3896902900078,1353.1376511541507
2021-02-25,1519.6822814941418,1563.4619581434472,1629.1314731174057,1672.9111497667113,1716.6908264160168,1738.5806647406696,1602.8636671278223,1544.6992395794591,1510.9263461642804,1472.0110780315642,1437.3764893934472,1330.700010624639,1519.6395288917893,1561.1874779010668,1608.1032042798224,1626.9527463074728,1637.4354772277827,1641.4892835227085,1567.449019265905,1530.38818828344,1492.6697401309152,1455.793583547543,1420.64732680763,1357.1753635979799
2021-02-28,1475.902604844836,1519.6822814941413,1585.3517964681,1629.1314731174057,1676.5594561541536,1715.23150386104,1607.241634792753,1550.9534791007884,1516.3988057454437,1475.902604844836,1445.2568311903221,1344.563574896919,1475.8812285436597,1518.1659613325546,1568.996476261091,1591.5291430143925,1605.8489312228135,1615.3184891046872,1558.718224029054,1524.9287454427183,1489.7157459075993,1454.7639742429712,1421.0977775160427,1359.6401189726707
2021-03-01,1475.902604844836,1502.1704108344195,1557.989498562284,1598.4856994628917,1640.076392279732,1694.800988091364,1613.0789250126604,1560.9602623349156,1522.9657572428396,1483.6856584713792,1454.012766520183,1359.1568004466874,1497.7817550189006,1518.6714013864168,1558.0377663128802,1578.466077283438,1592.592523572246,1603.36396315252,1556.1997546210293,1524.637262026004,1491.1777593818322,1457.587690800627,1424.9673618070879,1364.9028053899656
2021-03-01,1505.0890559443733,1502.1704108344195,1541.5721198187944,1576.595861138239,1614.5382475676372,1674.370472321688,1618.9162152325675,1573.4687413775744,1529.5327087402352,1493.4144755045584,1462.768701850044,1373.750025996456,1530.621856581174,1533.6015869720934,1559.2431422752286,1575.7380556216215,1588.1108981216605,1598.376212526076,1556.6682876227635,1526.7942818247075,1494.7043484576006,1462.192762831565,1430.4032805310894,1371.431422495547
2021-03-06,1563.4619581434474,1519.6822814941413,1536.0996602376313,1563.4619581434472,1596.2967156304264,1653.9399565520123,1629.1314731174057,1584.7263725159671,1536.0996602376313,1505.0890559443728,1471.5246371799055,1388.3432515462248,1568.9317456869635,1558.14826957898,1569.9094739457898,1581.4659791072816,1591.0540883787519,1599.4843903094707,1559.9311085935542,1531.2637597140106,1500.194757955062,1468.5016506545464,1437.343954912426,1379.1841313830707
2021-03-06,1607.241634792753,1554.7060228135858,1541.5721198187944,1559.0839904785166,1585.3517964680998,1633.5094407823365,1642.2653761121974,1595.9840036543599,1545.950087483725,1515.7907546808701,1480.2805725097664,1402.9364770959933,1609.976528564511,1589.1059502000062,1587.9343267227387,1594.1124031681502,1600.279815003877,1605.9265054513507,1565.8079369517093,1537.9172108073694,1507.553152551805,1476.440194934274,1445.730235197334,1388.1204908964517
2021-03-07,1651.0213114420587,1607.241634792753,1557.989498562284,1563.4619581434472,1581.7034900806582,1621.8348603425216,1653.9399565520123,1607.2416347927528,1557.9894985622839,1526.492453417367,1489.0365078396278,1417.5297026457617,1652.3887583279375,1624.3376294971256,1611.6824736935444,1612.4194186087345,1614.8215339404148,1617.035815781815,1574.1301237004614,1546.6332901903768,1516.6883762791833,1485.9374688759644,1455.505304215171,1398.2014099682012
2021-03-08,1694.8009880913644,1651.0213114420585,1585.3517964681,1576.595861138239,1585.3517964680998,1615.997570122614,1665.614536991827,1618.4992659311456,1572.2178934733083,1537.1941521538638,1500.4192237684467,1432.1229281955304,1695.4847115343036,1662.4186412449737,1639.8820717040169,1635.3578269963589,1633.8614002173788,1632.2289219022252,1584.7399009250832,1557.297396031055,1527.5137238009872,1496.9256369200273,1466.614584816462,1409.389101644922
2021-03-08,1738.58066474067,1694.800988091364,1623.6590135362426,1598.4856994628917,1596.2967156304264,1615.997570122614,1677.289117431642,1629.7568970695386,1588.635272216798,1547.8958508903606,1513.5531267632387,1446.7161537452987,1738.9225264621396,1702.3992079599745,1671.543909412008,1662.0855568861073,1656.7073911670107,1650.9953493387923,1597.4896797196566,1569.8012947647812,1539.9467228948108,1509.3398196478192,1479.0056510282216,1421.647038736309
2021-03-08,1782.3603413899757,1738.5806647406698,1672.9111497667113,1629.1314731174057,1614.5382475676372,1621.8348603425213,1688.9636978714566,1644.7670719207292,1603.958159044055,1558.5975496268575,1528.4382168240027,1461.3093792950674,1782.5312722507103,1743.6461446530768,1705.8986002180689,1691.913640732139,1682.7739491473617,1672.888432926964,1612.2413934177143,1584.042767124696,1553.9089275852164,1523.117964622577,1492.6281427738854,1434.9399110266506
2021-03-13,1826.1400180392814,1782.3603413899757,1716.690826416017,1668.5331821017808,1640.076392279732,1633.509440782336,1700.6382783112715,1662.2789425804515,1619.2810458713118,1572.2178934733083,1542.4477133517803,1475.9026048448359,1826.2254834696487,1785.7373279982469,1742.3477323226286,1724.2783778151297,1711.5656023075517,1697.517340647768,1628.8658832028002,1599.925273857043,1569.3257214051,1538.200722902119,1507.4336840117105,1449.2335839903456
2021-03-13,1869.919694688587,1826.1400180392811,1760.4705030653226,1716.690826416017,1672.9111497667116,1651.0213114420585,1712.3128587510867,1678.5399653359077,1634.6039326985688,1587.7840007263947,1556.4572098795584,1490.4958303946044,1869.9624274037706,1828.3913424447953,1780.425874326021,1758.718558455632,1742.6631052352977,1724.5400944846106,1647.2423233637774,1617.357640025632,1586.1261302875816,1554.5313309718263,1523.3758041517335,1464.4950589553496
2021-03-15,1869.919694688587,1843.6518886990034,1787.8328009711386,1747.3366000705307,1702.0976008662485,1665.614536991827,1719.6094715259708,1691.0484443785665,1646.643343777128,1602.3772262761634,1567.8399258083778,1502.9000721119078,1848.0512227215258,1827.6409009762908,1790.5845729289679,1770.977005652659,1755.5057072051418,1737.2400849291816,1658.784160698477,1628.956957556944,1597.8352480272752,1566.34357300436,1535.2561653189998,1476.3771877964
2021-03-22,1840.73324358905,1843.6518886990034,1804.2501797146283,1769.2264383951838,1731.2840519657855,1680.2077625415957,1723.9874391909013,1701.0552276126934,1656.4937710232218,1616.9704518259323,1577.4714546712248,1513.844991274234,1815.2057820557507,1812.5473811141856,1788.7569659203032,1773.0467030594436,1759.6371893874239,1742.8801169868732,1666.7568502029546,1637.4795735419227,1606.837293505212,1575.7380169406088,1544.9522138633604,1486.4298117331095
2021-03-22,1782.3603413899757,1826.1400180392811,1809.7226392957916,1782.3603413899757,1749.5255839029962,1694.8009880913642,1725.4467617458781,1708.5603150382888,1667.4386901855482,1628.6450322657465,1585.3517964681,1523.3305878815836,1776.8932233982102,1787.8918089896804,1777.6066767692737,1766.7801506378487,1756.397724057154,1742.34268545609,1671.39066246089,1643.0964289112626,1613.2643572633285,1582.8198701949373,1552.5497691492558,1494.713303080527
2021-03-22,1738.58066474067,1791.1162767198366,1804.2501797146283,1786.738309054906,1760.4705030653224,1709.3942136411326,1723.9874391909011,1713.5637066553525,1678.3836093478744,1638.373849298926,1594.1077317979612,1531.3568619339562,1735.8471057447873,1756.8615353569082,1759.2054126186272,1753.6930301748516,1746.92130313934,1736.399973285425,1672.9010114687449,1645.9689662844064,1617.2420822986655,1587.6897577237967,1558.1312712042964,1501.2860264294538
2021-03-24,1694.8009880913644,1738.5806647406698,1787.8328009711386,1782.3603413899752,1764.118809452765,1723.9874391909011,1719.6094715259705,1716.065402463884,1686.045052761503,1646.156902925469,1602.8636671278225,1537.9238134313523,1693.434208593423,1721.581460718625,1735.1645012460565,1735.0254449507074,1732.1674582628348,1725.7276405548873,1671.4894131808812,1646.2496578356556,1618.8899789910904,1590.4439220031784,1561.7759143715996,1506.2044064132833
2021-03-24,1651.0213114420587,1694.800988091364,1760.4705030653226,1769.2264383951838,1760.4705030653229,1729.8247294108087,1712.3128587510867,1716.0654024638839,1691.5175123426664,1651.9941931453766,1611.6196024576834,1545.2204262062364,1650.337921693088,1683.468185410001,1706.737197589767,1711.7920249219885,1712.948100805899,1710.9168898344785,1667.344382205915,1644.0825038141475,1618.3217246282293,1591.1744142466164,1563.5597756314066,1509.5229931233368
2021-03-26,1651.0213114420587,1677.2891174316421,1738.5806647406698,1760.4705030653226,1760.4705030653224,1738.5806647406696,1706.4755685311789,1717.31625036815,1698.084463840062,1658.8043650686016,1623.0023183865028,1554.706022813586,1672.569454892226,1687.245786303789,1704.084706590122,1708.7027454982385,1710.156237311355,1708.9024021165721,1669.1157813369687,1646.9002485058459,1622.052685527844,1595.6808433227502,1568.7089631999977,1515.6081288295813
2021-03-29,1680.207762541596,1677.2891174316421,1716.690826416017,1751.7145677354615,1760.4705030653229,1747.336600070531,1700.6382783112715,1718.5670982724157,1704.651415337458,1668.5331821017808,1633.5094407823362,1565.6509419759127,1705.575059816448,1704.357412449416,1711.7504750680216,1714.135094451408,1714.5292261466343,1712.6121849446115,1673.597399032024,1651.9936922370462,1627.737361443129,1601.8951002720414,1575.3736743318186,1522.9308637116644
2021-03-29,1738.58066474067,1694.800988091364,1711.2183668348537,1742.9586324056004,1760.4705030653224,1756.092535400392,1694.8009880913642,1719.8179461766817,1711.218366834854,1680.2077625415955,1644.0165631781697,1575.8661998607504,1743.9677006032116,1730.3583887629356,1727.4415564729004,1726.5396848038747,1724.9647823379178,1721.3307045003378,1680.6143810918163,1659.2364010625245,1635.2804308209224,1609.7428903084149,1583.4943992908804,1531.4504317404667
2021-03-30,1782.3603413899757,1729.8247294108085,1716.690826416017,1734.2026970757393,1760.4705030653224,1764.8484707302532,1693.3416655363874,1721.0687940809476,1717.7853183322495,1690.9094612780925,1654.5236855740031,1586.0814577455885,1785.0538593212464,1762.2855985217175,1749.3745479320964,1744.6488363012215,1740.5302032150507,1734.4318686927793,1690.0031544388723,1668.508965945777,1644.5912240332705,1619.153153084326,1593.0139692355963,1541.1274182769669
2021-03-31,1826.1400180392814,1782.3603413899757,1733.1082051595067,1738.5806647406698,1760.4705030653229,1773.6044060601146,1694.8009880913642,1722.3196419852136,1724.3522698296456,1701.6111600145896,1665.0308079698361,1596.2967156304264,1827.4867770049166,1798.1636305773407,1776.162358322428,1767.4253560080151,1760.4362788263638,1751.3678469423385,1701.6106992754294,1679.6986123926722,1655.5834962382032,1630.0579216721715,1603.877463818397,1551.9237147209344
2021-03-31,1869.919694688587,1826.1400180392811,1760.4705030653226,1751.7145677354615,1760.4705030653229,1782.3603413899755,1699.1789557562947,1723.5704898894794,1730.9192213270412,1712.3128587510864,1675.5379303656696,1606.5119735152646,1870.5930741714046,1836.6755441641915,1806.7261389925316,1794.0206315225385,1784.0152161358299,1771.6592874918701,1715.2938682025103,1692.6988317826365,1668.1752113418574,1642.392187711554,1616.0321224570425,1563.8024747171087
2021-04-01,1913.6993713378927,1869.9196946885866,1798.7777201334652,1773.6044060601143,1771.4154222276493,1791.1162767198366,1706.475568531179,1724.821337793745,1737.4861728244373,1723.0145574875835,1688.6718333604615,1616.7272314001023,1914.0360610793014,1876.9433787718601,1840.2267854357908,1823.7403436070222,1810.701959497579,1794.8867575538736,1730.9187492699455,1707.4090331907958,1682.2883365183445,1656.0937724513153,1629.4272591298522,1576.7280718631064
2021-04-02,1957.4790479871983,1913.6993713378924,1848.029856363934,1804.2501797146283,1789.6569541648598,1799.8722120496977,1716.6908264160168,1726.072185698011,1744.0531243218331,1733.7162562240806,1703.5569234212253,1629.1314731174057,1957.6473928579026,1918.3818273934078,1876.0116608137273,1856.0164128851097,1840.0183849035677,1820.6832534392875,1748.360070122683,1723.734214561655,1697.8486467704727,1671.1032034272962,1644.0141805531732,1590.66605886544
2021-04-02,2001.258724636504,1957.4790479871983,1891.8095330132396,1843.6518886990034,1815.1950988769547,1808.6281473795586,1729.8247294108087,1731.0755773150747,1750.6200758192288,1744.4179549605774,1717.566419949003,1642.9950373896856,2001.342897071856,1960.6006853575418,1913.5731586964125,1890.3840471397825,1871.5599258854509,1848.7276469201834,1767.5006405916668,1741.5846521583123,1714.7855390398308,1687.3635965282776,1659.7461076052264,1605.5831280920768
2021-04-02,2045.0384012858096,2001.2587246365038,1935.5892096625453,1891.8095330132394,1848.0298563639342,1826.1400180392811,1745.8772775155544,1738.5806647406698,1757.1870273166246,1755.1196536970742,1731.5759164767812,1658.3179242169429,2045.0804875034855,2003.339816216733,1952.516474082791,1926.4629618298432,1904.9842569700145,1878.7389507971254,1788.23083124868,1760.8756072710792,1733.0318553988766,1704.8205432135462,1676.5780998660546,1621.4470734719307
2021-04-02,2088.8180779351155,2045.0384012858092,1979.368886311851,1935.5892096625453,1888.1612266257973,1849.4891789189107,1764.848470730253,1748.5874479747968,1763.7539788140207,1765.821352433571,1745.5854130045586,1675.1001335991766,2088.839121043953,2046.4257956726287,1992.5345364164866,1963.942015057948,1940.0017181414617,1910.4713012706075,1810.4480856046305,1781.5270492259256,1752.5237148806214,1723.4220026559963,1694.4669831486385,1638.2267536935565
2021-04-03,2088.8180779351155,2062.5502719455317,2006.7311842176669,1966.2349833170592,1924.6442905002186,1869.9196946885868,1782.3603413899755,1757.343383304658,1767.0374545627187,1773.6044060601146,1756.968128933378,1688.9636978714568,2066.9387611648813,2045.9633308770224,2004.2020619430032,1978.6868125539231,1956.161207855977,1927.29218877254,1825.5829660266345,1796.1667104186752,1766.793308929531,1737.4070864078453,1708.2191359559067,1651.5807292690813
2021-04-07,2059.631626835578,2062.5502719455317,2023.1485629611566,1988.124821641712,1950.1824352123137,1890.3502104582628,1799.8722120496977,1766.099318634519,1768.131946478951,1779.4416962800217,1766.5996577962255,1701.36793958876,2034.0987429006925,2031.0617954635163,2003.5479869860035,1982.7907965689376,1963.0992873606733,1936.538005755551,1836.9169008907097,1807.5608153186195,1778.2310922803917,1748.8802794969265,1719.714300970908,1663.0587905900977
2021-04-10,2045.0384012858096,2071.306207275393,2045.0384012858094,2014.3926276312955,1979.3688863118507,1919.5366615577998,1821.7620503743503,1778.6077976771778,1773.6044060601143,1786.2518682032469,1777.106780192059,1714.5018425835517,2061.458410417904,2050.313889620716,2022.4968960858064,2002.0684840900608,1982.4406397567413,1955.5730147780246,1853.1686097910895,1823.186353638917,1793.3822389235054,1763.6618877785695,1734.193093331531,1677.0336665575514
2021-04-10,2074.224852385347,2080.062142605254,2066.9282396104622,2040.660433620879,2008.555337411388,1954.5604028772443,1842.1925661440264,1793.6179725283685,1781.265849473743,1793.0620401264725,1787.613902587892,1727.6357455783434,2097.0280825011623,2077.7418446086176,2046.9637535299432,2025.801078725399,2005.541734345615,1977.7011072538528,1871.1963173672575,1840.3760160119082,1809.92992108458,1779.7043465838287,1749.8210931320034,1691.986291727412
2021-04-13,2132.597754584421,2088.818077935115,2088.818077935115,2066.9282396104622,2037.7417885109253,1986.6654990867353,1862.6230819137024,1811.1298431880907,1791.1162767198366,1799.8722120496977,1798.1210249837254,1740.7696485731353,2136.7027568674444,2110.620373483654,2075.722348575229,2053.178597363277,2031.8241492514783,2002.535647751365,1890.8854427546175,1859.0429049877584,1827.8060093234803,1796.9528216728907,1766.5532031562134,1707.8845229755202
2021-04-13,2176.377431233727,2123.8418192545596,2110.707916259768,2093.1960456000456,2066.9282396104622,2018.7705952962258,1883.0535976833785,1831.1434096563446,1803.1556877983955,1806.6823839729232,1808.6281473795586,1756.092535400392,2178.4299323752384,2147.132618283447,2107.818961754741,2083.538326548687,2060.7984505794093,2029.7383302678502,1912.1287974540621,1879.1049509942272,1846.9456983146285,1815.3548645467781,1784.3460977587833,1724.6972782578441
2021-04-13,2220.1571078830325,2176.3774312337264,2132.5977545844207,2119.4638515896286,2096.114690709999,2050.875691505717,1903.4841134530545,1853.6586719331303,1817.3840827094202,1813.4925558961486,1819.135269775392,1772.8747447826258,2221.183358453788,2186.0673403664105,2142.511811260874,2116.338046182078,2092.050501956783,2059.013137050936,1934.8261083978414,1900.4846440917586,1867.2873446171016,1834.860308562388,1803.1581531283937,1742.3945013001166
2021-04-14,2263.936784532338,2220.157107883032,2154.4875929090736,2145.7316575792124,2125.301141809536,2082.9807877152075,1923.9146292227304,1878.6756300184477,1833.8014614529097,1823.2213729293276,1829.6423921712255,1788.9272928873713,2264.4499098177157,2226.6170473048214,2179.223955687712,2151.1341216365445,2125.2298802990695,2090.101052567298,1958.8835717863487,1923.108780634443,1888.7723123662324,1855.421169578388,1822.949380307262,1760.9471274807286
2021-04-14,2307.716461181644,2263.9367845323377,2192.794809977216,2171.999463568796,2154.4875929090736,2115.0858839246985,1944.3451449924066,1902.4417401994995,1852.4078240288648,1834.8959533691425,1840.149514567059,1804.9798409921166,2307.9730238243324,2268.2434108135308,2217.506662830654,2187.5635791264363,2160.0400737655123,2122.775438225276,1984.2134357104746,1946.908224008369,1911.3448264995325,1876.991550933742,1843.6813608570035,1780.327050865388
2021-04-14,2351.4961378309495,2307.7164611816434,2242.046946207685,2198.267269558379,2183.6740440086105,2147.1909801341894,1964.7756607620825,1926.2078503805512,1873.2031704372846,1848.5162972155929,1850.656636962892,1821.0323890968623,2351.6244191522937,2310.5875453691056,2257.010918752788,2225.329440099858,2196.230187721627,2156.837985257168,2010.7336097022885,1971.8176786649499,1934.9518331487086,1899.527552569362,1865.3171850655376,1800.5070923535743
2021-04-15,2395.275814480255,2351.496137830949,2285.8266228569905,2237.6689785427543,2212.8604951081475,2179.29607634368,1985.2061765317585,1949.973960561603,1896.1875006781702,1864.0824044686794,1861.1637593587254,1837.0849372016075,2395.339955140927,2353.4101939559237,2297.4652681698485,2264.1887221052584,2233.587926707463,2192.1151734912346,2038.3672994766418,1997.775476710329,1959.5428668475904,1922.9871841117176,1887.8213925939463,1821.4609688982675
2021-04-15,2439.055491129561,2395.2758144802547,2329.606299506296,2285.826622856991,2242.046946207685,2211.4011725531714,2005.6366923014346,1973.7400707426543,1921.360814751521,1881.5942751284017,1871.6708817545593,1853.137485306353,2439.0875614598963,2396.5518518969043,2338.6585791940747,2303.9426213186416,2271.933656103063,2228.4551727772046,2067.042665238386,2024.7233763530278,1985.0699242229118,1947.3302817452072,1911.1599154662842,1843.1632637618338
2021-04-17,2439.055491129561,2412.787685139977,2356.968597412112,2316.4723965115045,2271.2333973072223,2234.7503334328007,2021.6892404061796,1993.7536372109087,1945.4396369086394,1898.133264084806,1882.1780041503923,1867.001049578633,2417.1816879700755,2396.1265060913543,2351.2401870354483,2320.5486564389353,2290.9093727764775,2249.307752990094,2088.219010863447,2045.309723222912,2005.0804177805219,1966.8076140211858,1930.148487107748,1861.2797630158102
2021-04-17,2409.8690400300234,2412.787685139977,2373.385976155602,2338.3622348361573,2300.4198484067592,2252.2622040925226,2039.2011110659018,2011.2655078706307,1966.2349833170592,1914.6722530412103,1892.6851265462258,1879.4052912959364,2384.3389129005122,2381.249716671219,2351.2970649900044,2326.175471237483,2300.2304135540885,2262.081301095205,2105.204642024823,2062.320157868961,2021.979107176135,1983.5343845199445,1946.6749635233598,1877.364838736854
2021-04-18,2351.4961378309495,2395.2758144802547,2378.858435736765,2351.496137830949,2318.66138034397,2263.9367845323377,2056.712981725624,2026.2756827218209,1984.841345893014,1931.2112419976145,1903.1922489420592,1890.3502104582626,2346.027687041078,2356.738631508027,2341.6124863659247,2322.819287590967,2301.3821131890973,2267.7856961060115,2118.2699279238036,2075.953345082817,2035.9177983916868,1997.6302106028645,1960.8359556369653,1891.4852630788598
2021-04-18,2307.716461181644,2360.25207316081,2373.3859761556014,2355.8741054958796,2329.606299506296,2278.530010082106,2074.224852385347,2038.7841617644801,2001.2587246365038,1947.750230954019,1913.6993713378924,1899.8358070656125,2304.982235786708,2325.8046825161305,2324.351219291794,2312.1133779439438,2295.6212933957495,2267.3045821593023,2127.667794514727,2086.3969123644797,2047.040891116136,2009.2095062638004,1972.7242807484915,1903.7056068934235
2021-04-19,2263.936784532338,2307.7164611816434,2356.9685974121126,2351.496137830949,2333.2546058937382,2293.1232356318746,2091.7367230450686,2048.790944998607,2015.487119547528,1964.2892199104235,1924.206493733726,1907.862081117985,2262.56967183487,2290.5888243050977,2301.1969723120696,2295.394056114687,2284.011418701485,2261.411147874767,2133.6348498852735,2093.828063145846,2055.485740140258,2018.3817085958092,1982.4291117041803,1914.0883127218954
2021-04-19,2220.1571078830325,2263.9367845323377,2329.606299506296,2338.3622348361573,2329.606299506296,2298.960525851782,2109.2485937047913,2056.2960324242026,2027.5265306260874,1980.828208866828,1934.7136161295593,1914.429032615381,2219.473551534298,2252.5183599479737,2273.4592965168827,2273.754669772694,2267.4523437064454,2250.7819332946347,2136.392437030363,2098.414155941784,2061.3829991114876,2025.2514943911629,1990.0361201854294,1922.6937653400146
2021-04-20,2220.1571078830325,2246.4249138726154,2307.7164611816434,2329.606299506296,2329.606299506296,2307.7164611816434,2131.1384320294437,2068.804511466861,2040.6604336208788,1997.3671978232321,1947.8475191243508,1921.7256453902653,2241.705168033318,2256.324501476095,2271.3431827425397,2271.9695997289928,2266.9114884488904,2252.4262896993478,2144.621108105085,2107.6098893280123,2071.263836219931,2035.6297031751205,2000.7789401078014,1933.889371204122
2021-04-20,2249.3435589825694,2246.4249138726154,2285.8266228569905,2320.8503641764355,2329.606299506296,2316.4723965115045,2151.56894779912,2083.8146863180514,2053.79433661567,2013.9061867796363,1962.7326091851148,1929.0222581651494,2274.7108146074806,2273.455154711278,2279.426133506785,2278.4690290840203,2273.189176561622,2259.337561134636,2155.14339312832,2118.726957403647,2082.798293436422,2047.4602027847404,2012.8174470355198,1946.1537425491847
2021-04-21,2307.716461181644,2263.9367845323377,2280.3541632758274,2312.094428846574,2329.606299506296,2325.228331841366,2171.999463568796,2101.3265569777736,2066.9282396104622,2030.4451757360407,1979.3688863118512,1936.3188709400338,2313.103476219215,2299.468815751168,2295.441690023266,2291.7466852198254,2285.2364013722877,2270.857383221677,2167.811316848618,2131.6586184243356,2095.9057029838136,2060.6798411426626,2026.1008104365114,1959.4517800422
2021-04-22,2351.4961378309495,2298.960525851782,2285.8266228569905,2303.338493516713,2329.606299506296,2333.9842671712267,2192.4299793384716,2121.340123446028,2080.062142605254,2046.984164692445,1997.7563505045591,1943.615483714918,2354.1896453497347,2331.404481994197,2317.627051013708,2310.5701632671758,2302.1655418504365,2286.4096871290008,2182.4864508293435,2146.304060867428,2110.5093325009084,2075.228212874365,2040.5801949975855,1973.7495398585745
2021-04-24,2351.4961378309495,2325.2283318413656,2285.8266228569905,2294.5825581868517,2318.66138034397,2333.9842671712267,2208.482527443217,2140.102842010016,2089.912569851348,2060.604508538896,2015.2682211642814,1950.9120964898023,2330.953053265689,2323.508475056679,2315.424697717694,2310.0513083425335,2303.019529439853,2289.073033885581,2190.5658089632393,2155.2714411112165,2120.1293236755023,2085.336876587206,2051.057471164508,1984.7055356338662
2021-04-24,2322.309686731412,2325.2283318413656,2285.8266228569905,2285.8266228569905,2300.419848406759,2328.146976951319,2221.616430438009,2158.8655605740037,2100.8574890136742,2072.2790889787107,2030.1533112250454,1958.2087092646866,2297.4449188990134,2303.6512448818985,2303.9829392320594,2301.6668494679525,2297.006799454082,2285.931002716425,2195.2994217302735,2161.3084203206527,2127.144412799741,2093.102441952213,2059.406708673631,1993.8657213864703
2021-04-24,2263.936784532338,2307.7164611816434,2285.8266228569905,2277.070687527129,2285.8266228569905,2316.4723965115045,2231.831688322847,2173.8757354251943,2111.8024081760004,2082.0079060118896,2043.2872142198373,1965.5053220395707,2258.801013391023,2275.819865882276,2285.3549767100535,2286.8468964525127,2285.183769981613,2277.7092658622505,2196.903143873936,2164.577799874871,2131.6816734450776,2098.626797368326,2065.7113925484473,2001.2890794792384
2021-04-25,2263.936784532338,2298.960525851782,2302.2440016004803,2281.44865519206,2282.1783164695485,2307.7164611816434,2243.506268762662,2190.136758180651,2126.030803087025,2092.709604748387,2057.2967107476147,1974.9909186469201,2283.258737286333,2286.4520643153987,2290.3241954815185,2290.6413627669003,2288.6503378585408,2281.460165277175,2204.0523920551273,2172.5299661555277,2140.2688370892415,2107.718029326418,2075.2028673722807,2011.341076282848
2021-04-26,2293.123235631875,2290.204590521921,2313.1889207628064,2294.5825581868517,2285.8266228569905,2298.960525851782,2255.180849202477,2206.397780936107,2142.4481818305144,2103.4113034848833,2071.306207275393,1985.9358378092468,2317.377437558641,2308.1334221539155,2303.9179604480587,2301.7058673240003,2298.3189224696803,2290.2146618463967,2213.564894151638,2182.4725530117844,2150.5727229403774,2118.3174979668,2086.03908221901,2022.499281462563
2021-04-26,2351.4961378309495,2307.7164611816434,2324.133839925133,2316.4723965115045,2296.7715420193167,2298.960525851782,2266.8554296422913,2222.658803691564,2161.054544406469,2114.1130022213806,2085.3157038031704,1998.34007952655,2356.3266260194478,2337.1808862626954,2324.219705788547,2318.7185849887737,2313.235367394384,2303.34730592563,2225.2881820653893,2194.2949808669696,2162.509585931384,2130.3596208035933,2098.167286775905,2034.7273776352554
2021-04-26,2395.275814480255,2342.740202501088,2335.0787590874593,2333.9842671712267,2315.013073956528,2304.79781607169,2278.5300100821064,2238.91982644702,2181.8498908148895,2127.733346067831,2099.3252003309485,2012.2036437988302,2397.691058574504,2371.139087884984,2349.738769197661,2340.598022468917,2332.592309507488,2320.3108290761224,2239.0796243656487,2207.892813541502,2175.9997664170464,2143.781667499719,2111.5368008438018,2047.9902420393487
2021-04-26,2439.055491129561,2395.2758144802547,2346.023678249786,2351.496137830949,2340.551218668623,2316.4723965115045,2290.204590521921,2255.1808492024766,2201.5507453070772,2143.299453320918,2113.334696858726,2027.5265306260874,2440.263113176685,2408.371114516278,2379.315746660151,2366.4593216161807,2355.7065953953925,2340.6263714139664,2254.8057916631606,2223.167416942712,2190.967490854154,2158.5236357915737,2126.098933031496,2062.2539070904595
2021-04-26,2482.8351677788664,2439.0554911295603,2373.385976155602,2369.0080084906713,2362.4410569932757,2333.9842671712267,2306.2571386266663,2271.441871957933,2221.2515997992646,2160.8113239806403,2127.344193386504,2044.3087400083211,2483.438978802428,2447.785691153576,2412.048879497489,2395.578507581997,2382.0001721696663,2363.8749305407428,2272.341862928166,2240.025636717505,2207.340682207633,2174.528132814417,2141.80690264862,2077.4855222489987
2021-04-27,2526.614844428172,2482.835167778866,2411.693193223744,2386.5198791503935,2384.330895317928,2357.3334280508566,2325.228331841366,2287.7028947133895,2240.9524542914523,2180.268958046998,2141.353689914282,2062.5502719455317,2526.9167499399528,2488.65530112821,2447.2367998485975,2427.3632373084483,2410.9839181554835,2389.6898793578353,2291.57107011073,2258.3794938142532,2225.05077960794,2191.7402615931137,2158.6157646707957,2093.6533171554756
2021-04-27,2570.3945210774777,2526.6148444281716,2460.945329454213,2417.165652804907,2406.2207336425813,2386.5198791503935,2342.740202501088,2303.963917468846,2260.65330878364,2201.6723555199924,2155.3631864420595,2082.251126437719,2570.545473833368,2530.494933327734,2484.3339993770833,2461.3288664754186,2442.2439611664527,2417.750419153954,2312.3841785922355,2278.145896958835,2244.0325668081737,2210.1075124731715,2176.482337655846,2110.726565990787
2021-04-27,2614.1741977267834,2570.3945210774773,2504.7250061035184,2456.5673617892826,2428.1105719672337,2412.787685139977,2360.25207316081,2320.224940224302,2280.354163275827,2225.0215163996213,2171.999463568796,2101.2223196524183,2614.249674104728,2572.981247010519,2522.916193821307,2497.0788679119037,2475.430101660243,2447.775851056722,2334.6790011563166,2299.2463711050527,2264.224009011401,2229.5796592768324,2195.3651344946697,2128.6755530202463
2021-04-28,2657.953874376089,2614.174197726783,2548.504682752825,2504.725006103519,2460.945329454213,2439.0554911295603,2377.7639438205324,2336.485962979759,2300.055017768015,2247.3977955759333,2190.386927761504,2120.193512867117,2657.991612565061,2615.898681682144,2562.653384311104,2534.2888102961747,2510.2460169471897,2479.520563552807,2358.359943316676,2321.6068009718683,2285.5660976596746,2250.1086599783675,2215.2242958849956,2147.4715392815338
2021-04-28,2701.7335510253947,2657.9538743760886,2592.28435940213,2548.5046827528245,2501.0766997160767,2465.3232971191437,2395.275814480255,2356.4995294480123,2319.755872260202,2269.774074752245,2210.525579020185,2139.1647060818163,2701.7524201198803,2659.103530346329,2603.2889050585704,2572.6932498195424,2546.44097244373,2512.7696465680438,2383.337577978731,2345.157188829218,2308.0027027961632,2271.6485617017242,2236.021526420666,2167.086730378115
2021-05-01,2745.5132276747004,2701.7335510253943,2636.064036051436,2592.28435940213,2548.5046827528245,2491.5911031087267,2412.787685139977,2379.014791724798,2339.45672675239,2292.1503539285573,2232.415417344838,2158.1358992965156,2745.522662221943,2702.4999883388878,2644.6231271175566,2612.0750051839905,2583.8028081176185,2547.33505378754,2409.5282475425674,2369.831425740747,2331.4804326307935,2294.155409852252,2257.7200331933514,2187.494245341007
2021-05-01,2789.292904324006,2745.5132276747,2679.8437127007414,2636.0640360514362,2592.28435940213,2526.6148444281716,2430.299555799699,2400.279206097318,2359.1575812445776,2314.526633104869,2256.0564427354625,2177.107092511215,2789.297621597627,2746.0241858836957,2686.500783529947,2652.2563826002306,2622.152003941571,2583.052244685762,2436.8536916767803,2395.5670755157994,2355.948499957859,2317.5871612024575,2280.284466807688,2208.6680865230355
2021-05-01,2833.0725809733117,2789.2929043240056,2723.623389350047,2679.8437127007414,2636.064036051436,2567.4758759675237,2447.811426459421,2421.5436204698376,2378.858435736765,2336.9029122811803,2281.44865519206,2196.0782857259137,2833.074939610122,2789.633543130003,2728.801111106096,2693.0919962406647,2661.336658354039,2619.7772463028696,2465.240699107,2422.3051706645238,2381.358595091189,2341.903600759589,2303.680864714745,2230.583110490963
2021-05-01,2876.852257622617,2833.0725809733112,2767.4030659993527,2723.623389350047,2679.8437127007414,2614.174197726783,2465.3232971191437,2442.8080348423578,2398.5592902289527,2359.2791914574923,2305.9652741156715,2215.049478940613,2876.853436941022,2833.2996735106426,2771.4301829207247,2734.4628940645293,2701.228239264483,2657.3840822990014,2494.6207818697562,2449.990019689216,2407.664764998831,2367.0662622503623,2327.8765967724894,2253.2149998820546
2021-05-03,2920.631934271923,2876.852257622617,2811.1827426486584,2767.4030659993523,2723.623389350047,2657.953874376088,2482.835167778866,2464.072449214878,2421.543620469838,2381.655470633804,2330.481893039282,2234.020672155312,2920.6325239311254,2877.0036526475046,2814.3149446986145,2776.271751674838,2741.717988750136,2695.76252337678,2524.929870582292,2478.5690250820526,2434.8232983346993,2393.0383520653263,2352.8403129455455,2276.5402361927845
2021-05-03,2964.4116109212287,2920.6319342719225,2854.9624192979636,2811.1827426486584,2767.4030659993527,2701.7335510253947,2500.3470384385882,2485.3368635873976,2446.716934543189,2404.031749810116,2354.9985119628936,2252.991865370011,2964.4119057508296,2920.7328642885145,2857.3985764479303,2818.43894001951,2782.713880876351,2734.8161189009998,2556.1080293724526,2507.9925114343864,2462.792616079429,2419.7846765122354,2378.5418930599944,2300.5360734684955
2021-05-03,3008.1912875705343,2964.411610921228,2898.74209594727,2854.962419297964,2811.1827426486584,2745.5132276747,2522.236876763241,2506.6012779599178,2470.795756700307,2426.408028986428,2379.5151308865043,2271.9630585847103,3008.1914349853346,2964.4788975989563,2900.6368848416882,2860.8993080559335,2824.13804754458,2774.460474565855,2588.099189200249,2538.2135630958023,2491.5331675167185,2447.2715722343555,2404.952398532305,2325.180512863887
2021-05-03,3051.9709642198395,3008.191287570534,2942.5217725965754,2898.7420959472697,2854.962419297964,2789.2929043240056,2547.0453601978475,2527.8656923324374,2494.8745788574247,2448.7843081627393,2404.031749810116,2293.1232356318746,3051.97103792724,3008.236145355686,2943.9954972922346,2903.599550385608,2865.9246003637436,2814.621745353766,2620.8508983845277,2569.1878708523686,2521.0073312848,2475.4668396559205,2432.044025994683,2350.4522780452294
2021-05-03,3095.7506408691456,3051.9709642198395,2986.301449245881,2942.5217725965754,2898.7420959472697,2833.0725809733112,2574.7724887424074,2549.130106704957,2518.953401014543,2471.1605873390513,2428.548368733727,2315.742735234016,3095.7506777228455,3052.000869409941,2987.4476795647274,2946.4960535006703,2908.0177876183143,2855.235316874352,2654.3140892247343,2600.8735871229846,2551.179321255393,2504.33967932296,2459.7900627421914,2376.3307914061975
2021-05-03,3139.5303175184513,3095.750640869145,3030.0811258951867,2986.3014492458815,2942.5217725965754,2876.852257622617,2605.4182623969223,2570.394521077477,2543.0322231716614,2496.4555116253164,2453.0649876573384,2339.8215573911343,3139.530335945301,3095.770577662546,3030.9726383654006,2989.5531336219588,2950.370434779767,2896.244651536028,2688.4428596793737,2633.2311892005737,2582.0150970045843,2533.860631013462,2488.164843929947,2402.796151070166
2021-05-03,3183.309994167757,3139.530317518451,3073.8608025444923,3030.0811258951867,2986.301449245881,2920.6319342719225,2638.98268116139,2591.6589354499974,2567.1110453287793,2523.6961993182176,2477.5816065809495,2365.3597021032297,3183.3100033811816,3139.5436087140515,3074.554201132437,3032.7415949301594,2992.942624939351,2937.6002789461572,2723.1942691297622,2666.2233500911607,2613.4822786515656,2564.0015154963244,2517.1437114515365,2429.8291086527424
2021-05-03,3227.089670817062,3183.3099941677565,3117.640479193798,3073.8608025444923,3030.0811258951867,2964.411610921228,2675.465745035811,2616.6758935353146,2591.1898674858976,2549.9640053078015,2502.0982255045606,2392.3571693703007,3227.0896754237747,3183.3188549648235,3118.1797892066443,3076.0375499367433,3035.7005822511996,2979.2589125111836,2758.5281473203363,2699.814816528713,2645.550065852111,2594.735378823809,2546.702974432495,2457.4110477591807
2021-05-03,3270.8693474663683,3227.089670817062,3161.4201558431037,3117.6404791937975,3073.860802544492,3008.191287570534,2710.4894863552554,2644.1945474291642,2615.2686896430155,2576.231811297385,2526.6148444281716,2420.8139591923496,3270.869349769724,3227.0955780151066,3161.839619186429,3119.4214543329126,3078.6157271534266,3021.182676461745,2794.4069156254163,2733.972293767068,2678.1891607440666,2626.0364390472278,2576.8198712753256,2485.523963192206
2021-05-03,3314.649024115674,3270.869347466368,3205.199832492409,3161.4201558431037,3117.6404791937985,3051.970964219839,2745.5132276747,2674.214897131545,2639.347511800134,2602.4996172869683,2551.1314633517827,2448.54108773691,3314.6490252673516,3270.8732855983976,3205.5260817594403,3162.877317320561,3121.663876939819,3063.3384294996495,2830.7954198471684,2768.664336772436,2711.3716946520244,2657.8800352504036,2607.472533195023,2514.150440846586
2021-05-03,3358.4287007649796,3314.649024115674,3248.9795091417154,3205.1998324924093,3161.4201558431037,3095.7506408691456,2780.5369689941444,2706.736942642458,2663.4263339572517,2628.7674232765517,2578.274862874352,2476.26821628147,3358.4287013408184,3314.651649537027,3249.233258571628,3206.3920555194195,3164.8245693205063,3105.697172988979,2867.66077380081,2803.8612474608653,2745.0711583677635,2690.242578800031,2638.6399491864904,2543.2736382675967
2021-05-04,3358.4287007649796,3332.1608947753957,3276.341807047531,3235.8456061469233,3194.254913330083,3130.7743821885897,2811.182742648658,2738.0081402491046,2684.221680365672,2652.116584156181,2604.542668863936,2501.806360993565,3336.538862728246,3314.650774396576,3263.7700953591943,3226.0751407187386,3187.874485442839,3131.8161543798165,2896.4987267896827,2832.2383610438624,2772.8555333872137,2717.3910395566486,2665.1511750521904,2568.570132098084
2021-05-04,3329.242249665442,3332.1608947753957,3292.7591857910206,3257.735444471576,3219.793058042178,3159.9608332881267,2843.2878388581494,2769.2793378557517,2706.111518690325,2673.519981629175,2628.183694254561,2525.885183150683,3303.7041050973066,3300.0569654198393,3265.3477069385663,3234.21954194558,3200.6429257541513,3149.1978035156353,2920.65167112131,2856.6067612464863,2797.1489640979403,2741.4556143304044,2688.9057466274417,2591.601177007993
2021-05-05,3314.649024115674,3340.916830105257,3314.6490241156735,3284.00325046116,3248.979509141715,3192.065929497618,2879.7709027325704,2800.5505354623983,2731.2848327636757,2695.8962608054867,2652.7003131781717,2550.69366658529,3331.066402931143,3319.514210534886,3286.032372233325,3256.8030253672887,3224.917660371202,3175.3516656718034,2948.8953516150864,2884.485770925979,2824.5285427009853,2768.2808515588285,2715.1625233965037,2616.7481756255515
2021-05-05,3343.8354752152104,3349.6727654351184,3336.5388624403263,3310.2710564507424,3278.1659602412515,3224.1710257071086,2919.1726117169455,2831.821733069046,2758.647130669492,2718.2725399817987,2677.2169321017836,2575.502150019896,3366.637390172714,3347.078932828019,3311.8492622735384,3283.240362103106,3252.193155300907,3203.7087546396137,2978.1413544050893,2913.2481506584786,2852.7081244234964,2795.843232818023,2742.106458995385,2642.5060342145543
2021-05-05,3402.2083774142848,3358.428700764979,3358.428700764979,3336.5388624403263,3307.3524113407893,3256.2761219165995,2957.114998146344,2863.0929306756925,2788.198412407773,2740.64881915811,2701.7335510253943,2600.3106334545027,3406.312722118152,3380.0486399065426,3341.6578826713285,3312.830851550467,3282.0077551105505,3233.993667067611,3008.325013534254,2942.8448243063435,2881.648684594536,2824.1107078905916,2769.7106046723507,2668.854718387922
2021-05-05,3445.988054063591,3393.4524420844236,3380.318539089632,3362.8066684299097,3336.5388624403263,3288.3812181260896,2995.057384575742,2894.364128282339,2819.9386779785195,2763.025098334422,2726.2501699490053,2625.1191168891096,3448.040226415524,3416.621670175327,3374.571182236122,3345.001193216363,3313.970828280142,3265.9654250232716,3039.385835043507,2973.229442189887,2911.3131022118755,2853.0526201285347,2797.949068687179,2695.774851326676
2021-05-08,3489.7677307128965,3445.9880540635904,3402.2083774142848,3389.0744744194935,3365.7253135398637,3320.486314335581,3032.9997710051402,2929.3878696017837,2853.8679273817315,2788.3200226206877,2750.7667888726164,2649.927600323716,3490.793816888863,3455.596915904285,3409.8992322641398,3379.2823230610607,3347.751840446613,3299.413172815638,3071.2672278104806,3004.3582296166724,2941.66606707693,2882.6396458545396,2826.796974840836,2723.2476921650177
2021-05-08,3533.547407362202,3489.7677307128965,3424.098215738938,3415.342280409077,3394.9117646394006,3352.5914105450715,3070.9421574345383,2966.91330672976,2886.7026848687105,2815.560710313589,2775.283407796228,2674.736083758323,3534.0604504501853,3496.1736386066927,3447.105421541333,3415.290461415688,3383.071108687366,3334.152411715122,3103.916251753489,3036.189843825949,2972.6739914600307,2912.8437363988182,2856.230422633026,2751.255115087984
2021-05-08,3577.3270840115074,3533.5474073622017,3462.40543280708,3441.61008639866,3424.0982157389376,3384.696506754562,3108.8845438639373,3006.940439666268,2919.53744235569,2844.747161413126,2799.8000267198386,2699.5445671929288,3577.583605555499,3537.818012624733,3485.7723857901065,3452.7116067329835,3419.691978221743,3370.0217053333336,3137.283382280427,3068.685238880703,3004.3049260750086,2943.638062656827,2886.2264489836707,2779.7795891180654
2021-05-08,3621.1067606608135,3577.3270840115074,3511.657569037549,3467.8778923882433,3453.284666838475,3416.8016029640535,3146.826930293335,3045.71672469851,2952.372199842669,2875.879375919299,2824.31664564345,2726.5420344600007,3621.235021432809,3580.174154186528,3525.57550835011,3491.288848656099,3457.414202696878,3406.879796830432,3171.3222899345215,3101.807538065784,3036.5284801528533,2974.9969620582087,2916.7629914568497,2808.8041585679453
2021-05-08,3664.886437310119,3621.106760660813,3555.4372456868546,3507.2796013726183,3482.4711179380115,3448.906699173544,3184.769316722733,3084.4930097307524,2985.206957329648,2908.957353832108,2848.8332645670616,2754.998824282049,3664.9505676961167,3623.00480744416,3566.2623095966246,3530.8119878021585,3496.068342891116,3444.6030864715563,3205.989634256504,3135.521913375094,3069.315745414463,3006.8958878420435,2947.818852928186,2838.312424137294
2021-05-08,3708.666113959425,3664.886437310119,3599.21692233616,3555.437245686854,3511.657569037549,3481.011795383035,3222.7117031521316,3123.2692947629944,3021.3251905653256,2943.981095151552,2875.976664089631,2782.7259528266095,3708.698179152423,3666.15180183235,3607.636416488204,3571.109042857899,3535.5110271553644,3483.083424488703,3241.2448709460027,3169.7954716939935,3102.639223752258,3039.3113605380954,2979.3736676389653,2868.288524632285
2021-05-08,3752.44579060873,3708.6661139594244,3642.996598985466,3599.2169223361598,3551.7889392994125,3513.1168915925255,3260.654089581529,3162.0455797952363,3059.632407633468,2978.031954767679,2904.871250678172,2810.45308137117,3752.4618232052294,3709.5096903075787,3649.5450944370555,3612.039301839742,3575.6209410173137,3522.226179834869,3277.050071464148,3204.597147304958,3136.4727584397197,3072.220921558079,3011.4078685825116,2898.717119287222
2021-05-08,3796.225467258036,3752.44579060873,3686.7762756347715,3642.996598985466,3599.2169223361598,3545.221987802017,3298.5964760109277,3200.8218648274787,3100.1286085340757,3012.0828143838057,2935.5170243326866,2838.18020991573,3796.233483556285,3753.0081748408325,3691.869549874897,3653.4876367611237,3616.295433769625,3561.9485503439278,3313.3697542747195,3239.897600365193,3170.7914686967383,3105.6030888051664,3043.902656170497,2929.583370668344
2021-05-08,3840.005143907342,3796.2254672580357,3730.5559522840776,3686.776275634772,3642.996598985466,3577.3270840115074,3336.5388624403263,3239.598149859721,3139.530317518451,3046.133673999932,2967.913985053173,2865.9073384602907,3840.009152056466,3796.600390079437,3734.517387804175,3695.3598519966736,3657.4476471214753,3602.178084120518,3350.170726972977,3275.6691210244217,3205.5716874470572,3139.4373142139348,3076.8399681289043,2960.8729281405444
2021-05-09,3883.7848205566474,3840.005143907342,3774.3356289333833,3730.5559522840776,3686.7762756347715,3618.1881155508595,3374.481248869725,3278.374434891963,3178.9320265028264,3080.184533616058,3002.062132839631,2893.6344670048506,3883.786824631209,3840.255092454942,3777.4167454490153,3737.5788783983608,3699.0040855960106,3642.8513857561975,3387.4219385997258,3311.8855388695015,3240.7909021120795,3173.703943136799,3110.2024505753543,2992.571911878396
2021-05-11,3927.5644972059526,3883.784820556647,3818.1153055826885,3774.3356289333833,3730.555952284077,3664.8864373101187,3412.4236352991225,3317.150719924205,3218.333735487201,3117.154038342139,3037.9614676920614,2921.3615955494106,3927.5654992432337,3883.951452921714,3820.511729539292,3780.0816593905242,3740.902560712818,3683.91298426858,3425.0943414835174,3348.5221373999234,3276.4276982929105,3208.3841754965947,3143.973430231402,3024.66689740347
2021-05-11,3971.3441738552588,3927.5644972059526,3861.894982231994,3818.1153055826885,3774.3356289333824,3708.666113959424,3450.366021728521,3355.9270049564475,3257.7354444715756,3156.0693064748557,3072.985209011506,2949.088724093971,3971.344674873899,3927.675585449331,3863.758867531575,3822.8166032294407,3783.0904514500094,3725.3143425480785,3463.160761996255,3385.5555732547055,3312.4617061997346,3243.460028628498,3178.1368877252294,3057.1449006305647
2021-05-11,4015.1238505045644,3971.3441738552583,3905.6746588813,3861.894982231994,3818.1153055826885,3752.4457906087305,3488.3084081579195,3394.7032899886894,3297.137153455951,3196.930338014207,3108.008950330951,2976.8158526385314,4015.1241010138842,3971.418232684177,3907.124347447641,3865.741498488428,3825.523232327527,3767.0129906238026,3501.595779647156,3422.9637999267047,3348.873549694495,3278.9143017378105,3212.6774319419237,3089.9933634060153
2021-05-11,4058.90352715387,4015.1238505045635,3949.4543355306055,3905.6746588813003,3861.8949822319937,3796.2254672580357,3526.250794587317,3433.479575020932,3336.5388624403263,3236.818487850241,3143.0326916503955,3004.5429811830913,4058.9036524085295,4015.173223057176,3950.581871082204,3908.821808545655,3868.1632279391647,3808.9717672712245,3540.375613977103,3460.7259957150454,3385.6447978193887,3314.73054190331,3247.580275380196,3123.200139521836
2021-05-11,4102.683203803175,4058.9035271538696,3993.234012179911,3949.454335530605,3905.6746588813,3840.005143907342,3564.1931810167157,3472.255860053174,3375.9405714247014,3276.706637686275,3178.0564329698404,3032.2701097276517,4102.683266430506,4058.936442188944,3994.110984275599,3952.029276165078,3910.978559095059,3851.1581564188814,3579.4780187501374,3498.82249568021,3422.757918689909,3350.893011558968,3282.8312104760407,3156.7534811899714
2021-05-12,4102.683203803175,4076.415397813592,4020.596310085727,3980.10010918512,3938.509416368279,3875.028885226786,3597.757599781183,3507.2796013726183,3412.0588046603784,3313.6761424123556,3213.080174289284,3059.997238272212,4080.7933967921877,4058.9254705105864,4008.5093271374376,3971.4609581630402,3933.7362464887224,3877.126327760755,3610.4086970700428,3529.938113452515,3453.789446517628,3381.6762354705857,3313.26594725693,3186.3353635105796
2021-05-12,4073.4967527036383,4076.415397813592,4037.0136888292163,4001.9899475097723,3964.0475610803746,3904.215336326323,3628.4033734356976,3539.8016468835312,3445.9880540635904,3348.6998837318,3248.103915608729,3087.7243668167725,4047.9586236483756,4044.3249305085787,4009.9792212190214,3979.3996658614988,3946.2574163373138,3894.3760181037314,3636.5193524133438,3556.8928806413696,3481.1716417181906,3409.217571352454,3340.790245628672,3213.5115930593533
2021-05-12,4015.1238505045644,4058.9035271538696,4042.48614841038,4015.1238505045635,3982.289093017585,3927.5644972059526,3656.130501980258,3569.821996585912,3477.728319634337,3381.777861644609,3283.1276569281736,3115.4514953613325,4009.651398751817,4019.9980116241386,4001.3936551381857,3977.935030951273,3950.1169174939205,3903.997037572672,3658.1209540157242,3579.917955729175,3505.0825211592864,3433.657973202891,3365.5182468790863,3238.361071559703
2021-05-12,3971.3441738552588,4023.879785834425,4037.013688829217,4019.501818169494,3993.234012179911,3945.0763678656745,3680.938985414864,3597.3406504797613,3507.2796013726183,3412.910076150782,3315.524617648659,3143.178623905893,3968.607947978885,3989.18684015141,3984.9871755976897,3968.7767520884872,3946.6473143726944,3906.9429700268324,3675.504408579983,3599.2316550466994,3525.6914178924485,3455.1322663683673,3387.559615627178,3260.960111834748
2021-05-12,3927.5644972059526,3971.3441738552588,4020.596310085727,4015.1238505045635,3996.8823185673536,3956.7509483054896,3702.828823739517,3622.357608565079,3534.6418992784347,3442.0965272503186,3346.170391303174,3170.9057524504533,3926.196384267766,3954.052833619822,3962.497763366347,3953.323673628153,3936.976161477918,3904.0482013430596,3688.941854633198,3615.040166227493,3543.1594047604344,3473.769414025871,3407.0197154220214,3281.3825228209434
2021-05-12,3883.7848205566474,3927.5644972059526,3993.234012179911,4001.9899475097723,3993.234012179911,3962.5882385253967,3721.800016954216,3644.872870841865,3559.8152133517847,3469.3372149432203,3375.0649778917154,3198.6328809950137,3883.1007640875537,3916.0369370489952,3935.277181264346,3932.720304588005,3922.0575433901367,3896.0428191635947,3698.6878733769477,3627.538222025772,3557.639697340195,3489.69277207741,3423.9997774520184,3299.6996917856986
2021-05-12,3840.005143907342,3883.784820556647,3954.9267951117686,3980.100109185119,3982.289093017585,3962.5882385253976,3737.8525650589613,3664.8864373101187,3582.7995435926705,3494.6321392294853,3402.208377414285,3224.1710257071086,3839.6631156727944,3876.0997804520084,3904.376800374055,3907.9030614371018,3902.6987624467365,3883.5656501753997,3704.9806214181417,3636.909736699828,3569.278037229508,3503.0203329606206,3438.5970626349763,3315.9806638412383
2021-05-13,3796.225467258036,3840.005143907342,3905.6746588813,3949.454335530606,3964.0475610803746,3956.7509483054896,3750.986468053753,3682.398307969841,3603.594890001091,3517.981300109115,3427.6005898708822,3248.249847864226,3796.0544531407622,3834.881783837582,3870.614353759539,3879.638103104671,3879.582920625505,3867.175667729566,3708.042890420425,3643.3284070406653,3578.213056636179,3513.8649588575163,3450.905017348829,3330.2922188438747
2021-05-14,3796.225467258036,3822.493273247619,3878.312360975484,3923.186529541022,3949.4543355306055,3953.832303195536,3765.5796936035217,3701.161026533829,3625.484728325743,3542.3033426920624,3453.868395860465,3273.0583312988333,3818.029798524052,3836.589570527502,3863.8123071257173,3872.432110523338,3873.4940318996337,3863.7793522517877,3716.5565842516316,3654.2548935141654,3590.9834119369234,3528.0450179095137,3466.1640381644743,3347.005499413758
2021-05-14,3825.411918357573,3822.493273247619,3861.8949822319946,3896.9187235514387,3934.8611099808368,3950.9136580855825,3784.550886818221,3719.923745097817,3647.3745666503964,3566.625385275011,3480.136201850049,3297.8668147334397,3850.907309540349,3852.321320537217,3868.250643443702,3874.4962396203036,3875.077230154559,3866.2800357898955,3727.3455027915115,3667.0065573312654,3605.2664176716426,3543.5120190673024,3482.5415220737227,3364.6062284590907
2021-05-14,3883.7848205566474,3840.005143907342,3856.4225226508306,3883.7848205566465,3920.2678844310685,3947.9950129756285,3806.4407251428734,3738.686463661805,3669.2644049750497,3590.9474278579582,3506.404007839632,3324.8642820005116,3889.235903373151,3877.402379426796,3881.431499835314,3884.1450137267852,3883.152194316312,3873.9405934669026,3740.262857346684,3681.481999725844,3620.988285881691,3560.2100078535163,3499.9936065019374,3383.0653038912014
2021-05-14,3927.5644972059526,3875.0288852267863,3861.894982231994,3879.406852891717,3905.6746588813,3945.076367865675,3826.8712409125496,3757.4491822257937,3691.154243299702,3615.2694704409055,3532.671813829216,3353.32107182256,3930.2900386142046,3908.7163109029498,3901.4120940619687,3899.9994064774164,3896.720191168458,3886.116041015447,3755.1713294624383,3697.5854551999514,3638.0788280372853,3578.085462646751,3518.4781491056037,3402.35457826109
2021-05-14,3971.3441738552588,3927.5644972059526,3878.312360975484,3883.784820556647,3902.0263524938578,3942.157722755721,3847.3017566822255,3776.2119007897813,3713.044081624355,3639.591513023853,3558.9396198187987,3383.2371841995855,3972.7069445593843,3944.1854907701545,3926.6813732714345,3920.9311235732616,3914.9361387586277,3902.2420172015863,3771.942459939539,3715.2264785640637,3656.4712794538877,3597.087188900202,3537.9546603010226,3422.4468274252185
2021-05-14,4015.1238505045644,3971.3441738552583,3905.6746588813,3896.9187235514387,3905.6746588813,3939.2390776457673,3867.7322724519017,3794.97461935377,3734.9339199490073,3663.9135556068004,3585.2074258083826,3412.423635299123,4015.805235856627,3982.4248362313933,3956.0640741341986,3946.0170151333723,3937.0849677425113,3921.824705945622,3790.4560772693117,3734.3196493640335,3676.1021322738147,3617.166217959951,3558.3842384398567,3443.315720241014
2021-05-15,4015.1238505045644,3988.8560445149806,3927.5644972059526,3905.6746588812994,3905.6746588813,3927.5644972059526,3883.784820556647,3813.737337917758,3753.540282524963,3685.3169530797945,3608.8484511990077,3439.4211025661943,3993.5747048559424,3978.731282106015,3959.45965184999,3950.621953082806,3942.3556148367798,3928.0146394343265,3802.126277102204,3747.487679436396,3690.504191086179,3632.565301944478,3574.5789062692074,3460.6293001410804
2021-05-15,3985.937399405027,3988.8560445149806,3949.4543355306055,3914.4305942111605,3905.6746588813,3918.8085618760915,3896.9187235514387,3832.5000564817465,3769.957661268452,3704.7745871461525,3630.73828952366,3464.9592472782892,3960.5696010309475,3961.6756871393277,3952.3718397068715,3946.4296883779234,3940.080058278191,3927.95837165578,3810.219065530476,3757.491947760406,3702.0681145707013,3645.3913877114023,3588.4216103210133,3475.939652925714
2021-05-15,3927.5644972059526,3971.3441738552588,3954.9267951117686,3923.186529541022,3905.6746588813,3910.052626546231,3907.1339814362773,3847.5102313329367,3784.186056179476,3722.2864578058748,3650.8769407823406,3489.038069435408,3922.1772107937973,3935.712064945101,3937.1302798957113,3935.039712410419,3931.419252474877,3922.4366777683886,3814.965243293018,3764.50821891519,3710.932348588157,3655.756345700216,3600.004587317106,3489.3124721880126
2021-05-15,3883.7848205566474,3936.320432535814,3949.454335530606,3931.942464870883,3905.6746588813003,3901.2966912163693,3914.430594211161,3860.0187103755957,3796.225467258036,3737.8525650589618,3669.264404975049,3511.657569037549,3881.0911773505695,3903.8097579325145,3915.5469163427406,3917.7606999553136,3917.3555434644863,3912.132736035758,3816.58072075803,3768.7024927764724,3717.228585517642,3663.7671823278133,3609.416456608808,3500.811296627668
2021-05-15,3840.005143907342,3883.784820556647,3933.036956787116,3927.5644972059526,3905.6746588813,3892.5407558865086,3918.8085618760915,3870.025493609722,3806.0758945041293,3751.4729089054117,3685.900682101785,3532.8177460847137,3838.6583223043026,3867.9483277076883,3889.031038768362,3895.663384919445,3898.7201471250323,3897.644327438543,3815.2674785921595,3770.2315470006224,3721.0820936972186,3669.5262514758397,3616.74236205436,3510.497580771361
2021-05-15,3796.225467258036,3840.005143907342,3905.6746588813,3914.4305942111614,3905.6746588813003,3883.784820556647,3920.267884431069,3877.530581035318,3817.020813666456,3763.147489345227,3700.7857721625496,3552.518600576901,3795.5520564565163,3829.447482008036,3858.6787613995557,3869.623822317497,3876.216399968678,3879.4945103348164,3811.214466450971,3769.243449370634,3722.6120307940414,3673.131456782234,3622.0641083309715,3518.43076336995
2021-05-15,3752.44579060873,3796.2254672580357,3867.3674418131577,3892.540755886507,3894.7297397189736,3875.028885226786,3918.8085618760915,3882.533972652381,3827.965732828782,3772.8763063784063,3713.919675157341,3570.760132514112,3752.1090852079706,3789.1870259918323,3825.342617523971,3840.358784434211,3850.439432890332,3858.1409607878927,3804.5984436893846,3765.8780416783925,3721.9317418879136,3674.6764451368344,3625.460291899863,3524.6683335489165
2021-05-15,3708.666113959425,3752.44579060873,3818.1153055826885,3861.894982231994,3876.4882077817624,3866.2729498969247,3914.430594211161,3885.0356684609123,3835.627176242411,3780.659360004949,3725.3023910861602,3587.5423418963455,3708.4977612590446,3747.7534964312613,3789.6856885875604,3808.4547213207393,3821.8928181856836,3833.984145353171,3795.584765832724,3760.2673967245464,3719.1490430139797,3674.250791763546,3627.006426834099,3529.265894786012
2021-05-16,3664.886437310119,3708.6661139594244,3774.335628933383,3822.493273247619,3850.9500630696675,3857.5170145670636,3907.133981436277,3885.0356684609133,3841.099635823574,3786.4966502248567,3734.9339199490078,3602.8652287236023,3664.802260959929,3705.5379178411117,3752.2237046038395,3774.391455746207,3791.00265548955,3807.374472266626,3784.3281203076904,3752.5362499294547,3714.366490873887,3671.9401772549163,3626.7750657107717,3532.277226787588
2021-05-17,3621.1067606608135,3664.886437310119,3730.555952284077,3774.3356289333833,3818.1153055826885,3840.0051439073413,3896.9187235514387,3882.5339726523803,3844.3831115722724,3790.3881770381286,3742.8142617458834,3616.7287929958825,3621.064672485718,3662.8009732312435,3713.3577889166545,3738.5615699762616,3758.1294906467742,3778.6185487347366,3770.9732147068194,3742.8024069657145,3707.681639390142,3667.8265569090595,3624.835915761196,3533.754345332768
2021-05-17,3577.3270840115074,3621.1067606608135,3686.7762756347715,3730.5559522840776,3777.983935320825,3816.6559830277115,3883.784820556647,3877.530581035317,3845.477603488505,3795.252585554718,3748.943416476786,3629.1330347131857,3577.30603992396,3619.7164512748964,3673.399926348999,3701.2862676827967,3723.5784009106865,3747.98465606317,3755.655420648775,3731.177128744404,3699.187283745471,3661.9883227036617,3621.2559504651476,3533.7475601522933
2021-05-17,3533.547407362202,3577.3270840115074,3642.9965989854663,3686.7762756347715,3730.555952284077,3787.4695319281745,3867.7322724519017,3870.025493609723,3844.3831115722724,3800.1169940713075,3753.3213841417164,3640.077953875512,3533.536885318428,3576.4002110875626,3632.592771763199,3662.8283518700878,3687.607528572564,3715.7075403943854,3738.5013760992665,3717.765495013172,3688.9716925176886,3654.500458227217,3616.099516767905,3532.3055309067026
2021-05-17,3489.7677307128965,3533.5474073622017,3599.21692233616,3642.996598985466,3686.7762756347715,3752.4457906087296,3848.7610792372025,3860.0187103755957,3841.099635823574,3802.062757477943,3755.9481647406747,3649.563550482862,3489.7624696910093,3532.9294920795714,3591.125056718842,3623.402843177997,3650.435301725029,3681.992604603036,3719.629548832548,3702.6667477544065,3677.1188284907926,3645.4346868737566,3609.428438091815,3529.475321326354
2021-05-17,3445.988054063591,3489.7677307128965,3555.4372456868546,3599.2169223361607,3642.996598985466,3711.5847590693784,3826.8712409125496,3847.5102313329367,3835.6271762424103,3802.062757477943,3756.8237582736606,3657.5898245352346,3445.9854235526473,3489.355787191142,3549.143572428941,3583.1856675845943,3612.2465441387612,3647.0195762044423,3699.1507635405615,3685.9746155057082,3663.7085586946773,3634.8596135939765,3601.302113307381,3525.302451573741
2021-05-17,3402.2083774142848,3445.9880540635904,3511.6575690375485,3555.437245686854,3599.21692233616,3664.8864373101187,3802.0627574779433,3832.5000564817456,3827.965732828782,3800.1169940713075,3755.9481647406747,3664.15677603263,3402.207062158813,3445.7134250490876,3506.76248983695,3542.3207645264824,3573.1976451581795,3610.9457167745095,3677.168694935037,3667.777619662536,3648.8168541989116,3622.840860482967,3591.777611822375,3519.830948886566
2021-05-17,3358.4287007649796,3402.2083774142848,3467.8778923882433,3511.657569037549,3555.4372456868546,3621.106760660813,3774.335628933383,3814.988185822024,3818.1153055826885,3796.225467258036,3755.9481647406747,3669.2644049750493,3358.4280431372435,3402.0252914046164,3464.0706085655556,3500.925902633608,3533.4209342285626,3573.9086301921548,3653.7803290365487,3648.15936376402,3632.5159801603845,3609.4411964725305,3580.9097649412784,3513.103396558087
2021-05-19,3314.649024115674,3358.428700764979,3424.0982157389376,3467.8778923882433,3511.657569037549,3577.3270840115074,3748.0678229437995,3794.97461935377,3806.0758945041293,3790.3881770381286,3755.9481647406747,3672.912711362492,3314.6486953018057,3358.3066434252,3421.1369949879586,3459.097438057746,3493.0283824189937,3536.028719851431,3629.0763947029905,3627.198806707331,3614.8746766002605,3594.7206613844455,3568.7512536413633,3505.160981309418
2021-05-19,3270.8693474663683,3314.649024115674,3380.318539089632,3424.098215738938,3467.8778923882433,3533.5474073622017,3721.800016954216,3772.459357076984,3791.847499593105,3782.6051234115853,3753.321384141716,3675.101695194957,3270.869183059434,3314.5676525558206,3378.0153673944264,3416.9142076503485,3452.114734480235,3497.4113387221346,3603.1417673174965,3604.970520783453,3595.9583303624663,3578.736684589869,3555.352692905984,3496.043539106639
2021-05-19,3227.089670817062,3270.869347466368,3336.5388624403263,3380.3185390896315,3424.0982157389376,3489.7677307128965,3695.532210964632,3747.442398991667,3775.4301208496154,3772.8763063784054,3748.9434164767854,3675.8313564724453,3227.089588613595,3270.815099759799,3334.7475066773886,3374.440714289877,3410.7601590475456,3458.148670652837,3576.055846431985,3581.5449353776244,3575.829138683902,3561.544198509419,3540.7627127501423,3485.7895994738374
2021-05-19,3183.309994167757,3227.089670817062,3292.759185791021,3336.5388624403263,3380.3185390896324,3445.9880540635904,3669.2644049750493,3719.9237450978176,3756.8237582736606,3761.2017259385907,3742.8142617458825,3675.101695194957,3183.309953066023,3227.05350567935,3291.365909086514,3331.7297330587085,3369.0324911199928,3418.321376511039,3547.8929090465986,3556.988567130854,3554.546264785554,3543.195747178268,3525.02803606808,3474.4364283515183
2021-05-19,3139.5303175184513,3183.3099941677565,3248.979509141715,3292.7591857910206,3336.5388624403263,3402.208377414285,3642.996598985466,3689.9033953954363,3736.0284118652407,3747.5813820921408,3734.9339199490078,3672.9127113624913,3139.530296967584,3183.2858840759486,3247.8958494826547,3288.8244435696965,3326.9891295429393,3378.000034555802,3518.72244009692,3531.3642373146786,3532.165985873742,3523.741590090836,3508.193553427566,3462.0200695481903
2021-05-19,3095.7506408691456,3139.5303175184513,3205.1998324924093,3248.979509141715,3292.7591857910206,3358.4287007649787,3616.7287929958825,3661.133893597321,3713.044081624355,3732.015274839054,3725.3023910861607,3669.2644049750493,3095.750630593712,3139.5142441239127,3204.3569860909183,3245.760174596995,3284.678642570155,3337.2464007638064,3488.6094416194333,3504.731277129534,3508.741833921753,3503.2298015303318,3490.3023949306494,3448.5753848313625
2021-05-19,3051.9709642198395,3095.750640869145,3161.420155843103,3205.1998324924093,3248.979509141715,3314.6490241156735,3590.460987006299,3632.364391799206,3687.870767551004,3714.503404179332,3713.919675157341,3664.15677603263,3051.970959082123,3095.7399252727864,3160.7646086419445,3202.565831501275,3242.142126416367,3296.114511614647,3457.6147219708255,3477.1457215976548,3484.3247295840247,3481.7063655794627,3471.3959992559567,3434.136092702656
2021-05-19,3008.1912875705343,3051.9709642198395,3117.640479193798,3161.4201558431037,3205.1998324924093,3270.869347466368,3564.1931810167157,3603.5948900010912,3660.5084696451877,3695.0457701129735,3700.7857721625496,3657.5898245352346,3008.1912850016756,3051.963820488934,3117.1306091484525,3159.265064123085,3199.41435480173,3254.6516490279696,3425.7951663879785,3448.660492684135,3458.963109577901,3459.2152670001115,3451.514179993087,3418.734805900276
2021-05-19,2964.4116109212287,3008.191287570534,3073.8608025444923,3117.640479193798,3161.4201558431037,3227.089670817062,3533.5474073622017,3574.825388202976,3630.9571879069067,3673.64237263998,3685.900682101785,3649.563550482862,2964.411609636799,3008.1865250832634,3073.464236953668,3115.8772223319643,3156.524751643298,3212.8991846834633,3393.203990092474,3419.325572244597,3432.7030478516003,3435.7985781615907,3430.6951893753285,3402.4030676706534
2021-05-19,2920.631934271923,2964.4116109212287,3030.0811258951867,3073.860802544493,3117.640479193798,3183.3099941677565,3499.9829885977338,3546.0558864048603,3599.2169223361607,3650.2932117603505,3669.264404975049,3642.266937707978,2920.631933629708,2964.4084359297144,3029.7726859912127,3072.4181378393555,3113.4982141016544,3170.8933188008573,3359.890975065779,3389.188165364645,3405.588370841525,3411.4965421893007,3408.9757795127475,3385.1713868496895
2021-05-19,2876.852257622617,2920.6319342719225,2986.301449245881,3030.0811258951862,3073.860802544492,3139.530317518451,3463.4999247233127,3517.2863846067453,3568.5711486816463,3624.9982874740845,3650.8769407823406,3634.970324933093,2876.85225730151,2920.6298176109135,2986.0615515427903,3028.900763863711,3070.3558090049864,3128.6657265724143,3325.902691548607,3358.292854624904,3377.66076710723,3386.347652498114,3386.391261223701,3367.0692717927172
2021-05-19,2833.0725809733117,2876.852257622617,2942.521772596576,2986.301449245881,3030.0811258951867,3095.7506408691456,3424.0982157389376,3488.5168828086303,3537.9253750271323,3597.757599781183,3630.73828952366,3625.484728325743,2833.0725808127577,2876.850846515277,2942.3351854941716,2985.3356984928555,3027.11536213099,3086.244123791363,3291.2827052500047,3326.6817457957713,3348.9598916183213,3360.3887288676983,3362.9755605589676,3348.1252631909915
2021-05-19,2789.292904324006,2833.0725809733112,2898.7420959472697,2942.521772596575,2986.301449245881,3051.970964219839,3381.777861644609,3459.747381010515,3507.2796013726183,3568.5711486816463,3608.8484511990073,3614.5398091634174,2789.292904243729,2833.0716402350845,2898.5969726454005,2941.7316128895545,2983.791956830022,3043.65276177678,3256.0717711881057,3294.3946054380126,3319.523464954167,3333.654990210129,3338.7612731090185,3328.366965811289
2021-05-19,2745.5132276747004,2789.292904324006,2854.962419297964,2898.7420959472697,2942.5217725965754,3008.191287570534,3336.5388624403263,3427.2253354996024,3476.6338277181044,3537.4389341754736,3585.2074258083826,3602.135567446114,2745.5132276345616,2789.292277165188,2854.8495456187325,2898.0956016415253,2940.3983559370026,3000.912860432857,3220.308015025028,3261.468990858878,3289.3873676645712,3306.180124173607,3313.7797161813605,3307.8210791939787
2021-05-19,2701.7335510253947,2745.5132276747,2811.182742648658,2854.962419297964,2898.7420959472697,2964.411610921228,3292.7591857910206,3392.201594180158,3445.9880540635904,3504.3609562626643,3559.815213351785,3588.272003173834,2701.7335510053254,2745.5128095688215,2811.0949520092563,2854.433469411446,2896.9453587737853,2958.042987175761,3184.0271027027493,3227.9403728484294,3258.585730027476,3277.9963537198614,3288.0609789315167,3286.51342734378
2021-05-19,2657.953874376089,2701.7335510253943,2767.4030659993527,2811.1827426486584,2854.962419297964,2920.6319342719225,3248.9795091417154,3354.676157052181,3415.342280409077,3472.2558600531743,3532.6718138292154,3572.949116346577,2657.953874366054,2701.733272288142,2767.334784390929,2810.74996546878,2853.442103228093,2915.059388494639,3147.2623991347286,3193.8422515971815,3227.1510174282184,3249.134500806814,3261.6339705278956,3264.4689874462824
2021-05-19,2614.1741977267834,2657.9538743760886,2723.623389350047,2767.4030659993527,2811.1827426486584,2876.852257622617,3205.199832492409,3314.6490241156735,3384.696506754563,3440.1507638436824,3503.777227240674,3556.1669069643426,2614.1741977217657,2657.953688551254,2723.570281432385,2767.0489755794524,2809.8963213587676,2871.9762800674935,3110.0451166593607,3159.206266173869,3195.11411157393,3219.6240473023727,3234.526466427674,3241.711917642223
2021-05-19,2570.3945210774777,2614.1741977267834,2679.8437127007414,2723.6233893500475,2767.4030659993527,2833.0725809733112,3161.4201558431037,3272.1201953706336,3354.050733100049,3408.045667634192,3473.1314535861598,3537.9253750271323,2570.394521074969,2614.1740738435597,2679.80240654256,2723.3336790064923,2766.3145556771374,2828.806100612578,3072.404453915787,3124.062297921118,3162.504387746248,3189.4931932497434,3206.7651528377814,3218.2655838904648
2021-05-19,2526.614844428172,2570.3945210774773,2636.064036051436,2679.843712700741,2723.623389350047,2789.292904324006,3117.640479193798,3227.0896708170617,3320.1214836968365,3375.9405714247014,3440.7344928656735,3518.224520534945,2526.6148444269174,2570.3944384886618,2636.0319090395174,2679.6066769651056,2722.7023421543267,2785.559734008364,3034.3677257599784,3088.4385681069066,3129.349788285586,3158.7689125994193,3178.37566943217,3194.1525859495937
2021-05-20,2526.614844428172,2552.882650417755,2608.70173814562,2649.1979390462275,2690.7886318630676,2754.269163004561,3078.2387702094225,3187.062537880554,3287.2867262098575,3346.754120325164,3409.2131256781736,3499.2533273202457,2548.5046827521974,2570.394466018267,2621.445822825731,2659.7499213491733,2699.2703696809654,2758.6640823920034,3004.4339706059623,3059.6583429958314,3102.083675057949,3133.1874024441418,3154.5332131776886,3173.701070943477
2021-05-20,2555.801295527709,2552.882650417755,2592.28435940213,2627.3081007215746,2665.250487150973,2725.082711905024,3041.7557063350014,3149.5371007525778,3254.451968722878,3319.513432632263,3380.318539089632,3480.2821341055464,2581.33944023949,2584.9877099211058,2619.829906137076,2651.4634261451024,2686.1786509187837,2740.602846808851,2979.2559207323957,3034.9092235899748,3078.2832105636235,3110.6215983865172,3133.3426137857755,3155.355553693996
2021-05-20,2614.1741977267834,2570.3945210774773,2586.8118998209666,2614.174197726783,2647.008955213762,2701.733551025394,3008.191287570534,3114.5133594331337,3221.617211235899,3294.218508345997,3353.175139567062,3461.3109408908476,2619.6466573077896,2609.3097647394334,2628.3018990790792,2652.643507641645,2681.836377604523,2730.271725254756,2958.5267564433384,3013.9672595655525,3057.7793387147603,3090.9403825264517,3114.6998760569168,3139.0469804557215
2021-05-20,2657.953874376089,2605.418262396922,2592.2843594021306,2609.7962300618524,2636.064036051436,2684.221680365672,2977.54551391602,3081.991313922221,3188.7824537489196,3270.869347466368,3327.782927110465,3442.3397476761484,2660.690104166592,2640.1176935014205,2644.6200439560384,2661.568970075054,2684.8974812077336,2726.7044534760857,2941.9594528620023,2996.620942284242,3040.4112500673664,3074.018337764844,3098.5050831034123,3124.7085618710967
2021-05-20,2701.7335510253947,2657.9538743760886,2608.70173814562,2614.174197726783,2632.4157296639937,2672.547099925857,2949.8183853714595,3051.9709642198395,3155.94769626194,3246.54730488342,3304.1419017198405,3423.368554461449,2703.101665920646,2675.249538225847,2667.0407514490744,2676.8315623658987,2694.22298066419,2729.0555502509123,2929.285502845635,2982.6705135883412,3026.0259795454554,3059.735499940656,3084.662236410054,3112.2756987058556
2021-05-21,2701.7335510253947,2675.465745035811,2619.646657307946,2614.174197726783,2625.119116889109,2657.9538743760886,2920.6319342719225,3020.699766613193,3123.1129387749615,3219.306617190519,3279.625282796229,3402.2083774142843,2680.5277701483674,2669.4843169425944,2665.021445432856,2673.3992554586603,2688.643118158328,2720.1678407665595,2911.7802364872264,2964.630700168726,3008.0712413581386,3042.2667254802464,3067.928541665888,3097.3796355150575
2021-05-21,2672.5470999258573,2675.465745035811,2630.5915764702727,2614.1741977267825,2617.8225041142255,2643.36064882632,2891.4454831723856,2989.428569006546,3090.278181287982,3190.120166090982,3255.108663872618,3379.588877812144,2647.350983937575,2651.047610537324,2653.722057053729,2662.631063143773,2677.186361168859,2706.9186353865875,2892.5798468840994,2945.16089434495,2988.856750050873,3023.653998594953,3050.1342194542763,3081.536560978649
2021-05-21,2614.1741977267834,2657.9538743760886,2641.536495632599,2614.174197726783,2610.525891339341,2628.767423276551,2862.259032072848,2958.1573713998987,3057.4434238010026,3158.987951584809,3230.5920449490063,3355.510055655025,2608.8727525075265,2624.163247384042,2635.204826836784,2645.860782768083,2660.7568473086462,2689.8531210979486,2871.7936968263084,2924.340540140658,2968.443957005121,3003.94705639683,3031.3208631945213,3064.777525952655
2021-05-21,2570.3945210774777,2622.930133056644,2636.064036051436,2614.174197726783,2603.2292785644563,2614.174197726783,2833.0725809733112,2926.886173793252,3024.6086663140236,3125.909973672,3206.0754260253952,3329.97191094293,2567.743798467849,2591.6471130654186,2611.0737196348705,2624.179703069917,2640.1196160962654,2669.4483365142264,2849.5240934400194,2902.2446680224457,2946.8913159726876,2983.1934735089335,3011.528435172118,3047.1325631215373
2021-05-21,2526.614844428172,2570.3945210774773,2619.646657307946,2614.1741977267834,2595.932665789572,2599.5809721770142,2803.8861298737743,2895.614976186605,2991.773908827044,3090.8862323525555,3178.932026502826,3302.9744436758588,2525.2894831233575,2555.3764646365676,2582.5762636668696,2598.4806966533624,2615.9220086628193,2646.1216904223065,2825.866743391636,2878.9441400974956,2924.2544293017004,2961.438756087153,2990.795330506471,3028.630720388884
2021-05-21,2482.8351677788664,2526.6148444281716,2592.2843594021306,2601.0402947319913,2588.636053014688,2584.987746627246,2774.6996787742373,2864.3437785799583,2958.939151340065,3056.8353727364292,3150.037439914284,3274.51765385381,2482.1724871264587,2516.6028068008986,2550.6827586585787,2569.4942956490345,2588.711775196164,2620.2384155107134,2800.911178723914,2854.505881689121,2900.586187029597,2938.7264317540817,2969.158438609939,3009.3000931727756
2021-05-22,2439.055491129561,2482.835167778866,2553.9771423339876,2579.1504564073384,2581.339440239804,2570.394521077477,2745.5132276747,2833.0725809733112,2926.1043938530856,3022.784513120302,3119.3916662597703,3246.7905253092495,2438.7241508033567,2476.160476027351,2516.147882174507,2537.8182081638015,2558.952396624486,2592.1180903819063,2774.7411552187777,2828.9931000469965,2875.936899191078,2915.0981356226753,2946.6532022365855,2989.1678556417746
2021-05-22,2395.275814480255,2439.055491129561,2504.725006103519,2548.5046827528245,2563.0979083025927,2555.8012955277086,2716.326776575163,2801.8013833666646,2893.2696363661066,2988.733653504176,3086.994705539284,3219.0633967646895,2395.110144317153,2434.60569662855,2479.5586056537163,2503.9414681032827,2527.036049117788,2562.040346313037,2747.435025059312,2802.465490906821,2850.3544216719984,2890.593692579705,2923.313674215188,2968.2602909263137
2021-05-22,2351.4961378309495,2395.2758144802547,2460.9453294542127,2509.1029737684494,2537.5597635904983,2541.20806997794,2687.1403254756256,2770.5301857600175,2860.4348788791276,2954.682793888049,3052.8465577528254,3191.336268220129,2351.413302749398,2392.3092848129145,2441.3714624377003,2468.2641941175298,2493.294574050689,2530.2498606716126,2719.06608544904,2774.9794335744405,2823.8842759240415,2865.251195991634,2899.1725719573024,2946.6028203390965
2021-05-23,2307.716461181644,2351.496137830949,2417.1656528049075,2460.945329454213,2504.725006103519,2526.6148444281716,2657.9538743760886,2739.258988153371,2827.600121392148,2920.631934271922,3016.9472229003945,3163.6091396755687,2307.675043640868,2349.5184513860554,2401.941534014287,2431.1137560111315,2458.008760278635,2496.9607261542033,2689.702904739643,2746.5881751719644,2796.569762839635,2839.107082988462,2874.26132982767,2924.2200316370445
2021-05-23,2263.936784532338,2307.7164611816434,2373.385976155602,2417.1656528049075,2464.593635841655,2503.265683548542,2628.7674232765517,2707.9877905467238,2794.7653639051687,2886.581074655796,2981.9234815809505,3135.882011131009,2263.91607576195,2306.3980035517143,2361.544994874008,2392.758001806022,2421.416198371619,2462.3602738703066,2659.4096275181714,2717.3420046479823,2768.4520710719908,2812.1962064743257,2848.6101494607833,2901.1357063562286
2021-05-23,2220.1571078830325,2263.936784532338,2329.606299506296,2373.3859761556023,2417.1656528049075,2474.079232449005,2599.5809721770142,2676.7165929400767,2761.9306064181897,2852.5302150396697,2946.899740261506,3108.154882586448,2220.1467534978383,2263.057812779052,2320.39664739839,2353.4160798837866,2383.717926504251,2426.612418540734,2628.2462600112185,2687.2884171205474,2739.570380071227,2784.5519040071754,2822.248048104174,2877.37284625022
2021-05-23,2176.377431233727,2220.157107883032,2285.8266228569905,2329.6062995062957,2373.385976155602,2439.0554911295603,2570.3945210774773,2645.4453953334296,2729.09584893121,2818.479355423543,2911.8759989420614,3080.4277540418884,2176.3722540411295,2219.5711267141746,2278.663560106397,2313.2672934657203,2345.0840539012,2389.8605855461947,2596.2689370759163,2656.4722690899916,2709.9619580943386,2756.206063683656,2795.2029050658084,2852.9536988612635
2021-05-24,2176.377431233727,2202.64523722331,2258.4643249511746,2298.960525851782,2340.5512186686224,2406.9503949200694,2545.5860376428705,2617.9267414395804,2699.544567192929,2787.34714091737,2879.479038221575,3054.8896093297935,2198.264680962081,2219.7664537704604,2265.662126278983,2296.338168814322,2325.864523744559,2368.647650838299,2572.0036577699257,2632.232537828711,2686.0690376342627,2732.899581257281,2772.6520626615365,2832.206029748146
2021-05-24,2205.563882333264,2202.64523722331,2242.046946207685,2277.0706875271294,2315.013073956528,2374.845298710579,2523.696199318218,2592.9097833542633,2672.182269287113,2758.160689817833,2848.8332645670616,3028.6218033402097,2231.1007327472093,2234.489897357753,2265.278717001951,2290.4470080357796,2316.3371792503713,2355.558792550054,2552.1283756230946,2611.7716625793178,2665.477219641159,2712.5098893492864,2752.702421108254,2813.574042842457
2021-05-24,2263.936784532338,2220.157107883032,2236.574486626522,2263.9367845323377,2296.7715420193167,2351.4961378309486,2504.725006103519,2570.3945210774773,2647.0089552137624,2730.920002124931,2819.9386779785195,3002.3539973506263,2269.4085969644266,2258.898751965716,2274.709326819661,2293.586908607755,2315.0109149321056,2349.5785011290027,2536.359865012135,2594.879706894449,2648.0254747064255,2694.9101708754356,2735.251972142968,2796.9883689546414
2021-05-24,2307.716461181644,2255.1808492024766,2242.046946207685,2259.558816867407,2285.8266228569905,2333.9842671712267,2488.6724579987736,2550.3809546092234,2624.0246249728766,2705.625077838666,2792.79527845595,2976.086191361043,2310.452367397688,2289.764547254127,2291.7730625999475,2304.1158593756086,2320.624026147312,2349.818205716746,2524.4331729346322,2581.3583974629746,2633.560628516652,2679.97912254761,2720.2027078594633,2782.381913477169
2021-05-24,2351.4961378309495,2307.7164611816434,2258.4643249511746,2263.9367845323377,2282.1783164695485,2322.3096867314116,2475.5385550039814,2532.869083949501,2603.2292785644563,2682.2759169590363,2767.4030659993527,2949.8183853714595,2352.8640909389715,2324.9349696628365,2314.7736741289045,2320.690396667362,2332.1089166600727,2355.5004068121843,2516.100440130276,2571.020476157954,2621.9369786780385,2667.6007151426656,2707.4604638289247,2769.6897817957424
2021-05-24,2395.275814480255,2351.496137830949,2285.8266228569905,2277.0706875271294,2285.8266228569905,2316.4723965115045,2465.3232971191437,2517.8589090983105,2584.6229159885015,2660.8725194860426,2743.762040608728,2923.550579381876,2395.959791034266,2362.9751434850778,2342.3918556846065,2342.2113229332163,2348.5622358092246,2365.9447923518564,2511.1297982587894,2563.689088081931,2613.015930232323,2657.6639641944585,2696.934768372911,2758.8492071468586
2021-05-24,2439.055491129561,2395.2758144802547,2324.133839925133,2298.9605258517827,2296.7715420193167,2316.4723965115045,2458.026684344259,2505.3504300556515,2568.205537245012,2641.414885419684,2721.872202284075,2897.2827733922923,2439.397479406566,2402.9284849163405,2373.601480594443,2367.7792947233343,2369.2196099584,2380.5560892802328,2509.304338227664,2559.197203609719,2606.6656489524403,2650.0627106558545,2688.538697747372,2749.7994808414537
2021-05-24,2482.8351677788664,2439.0554911295603,2373.385976155602,2329.6062995062957,2315.013073956528,2322.3096867314116,2453.648716679329,2495.3436468215245,2553.9771423339876,2623.903014759962,2701.7335510253943,2873.203951235175,2483.006161917369,2444.1572714202844,2407.6044503352714,2396.658485578759,2393.434261415288,2398.813433673725,2510.421145079403,2557.3870725399174,2602.760731550601,2644.6954110972365,2682.1887370059108,2742.481884777011
2021-05-24,2526.614844428172,2482.835167778866,2417.1656528049075,2369.0080084906713,2340.5512186686224,2333.9842671712267,2452.189394124352,2487.8385593959297,2541.937731255429,2608.336907506876,2683.346086832686,2850.5844516330335,2526.7003414974233,2486.2363546393485,2443.7800216113174,2428.246855669435,2420.6589167479324,2420.2610695991934,2514.2903951440962,2558.1097085713504,2601.1818919738007,2641.464937026872,2677.8046463195415,2736.8396261630483
2021-05-24,2570.3945210774777,2526.6148444281716,2460.945329454213,2417.1656528049075,2373.385976155602,2351.4961378309486,2453.648716679329,2482.835167778866,2532.0873040093347,2594.716563660425,2666.7098097059497,2829.424274585869,2570.437269612103,2528.88230233516,2481.645394081421,2462.051826952589,2450.430498436986,2444.5002106151424,2520.734511440223,2561.2244024197034,2601.8156630019976,2640.278382936537,2675.309332538967,2732.8177743873757
2021-05-25,2614.1741977267834,2570.3945210774773,2504.7250061035184,2460.945329454213,2413.5173464174654,2374.845298710579,2458.0266843442596,2480.3334719703344,2524.4258605957066,2583.04198322061,2651.8247196451853,2809.7234200936814,2614.195571994096,2571.906159682136,2520.825056369125,2497.6703810295894,2482.3571716583865,2471.1819185852605,2529.587373565721,2566.59826198324,2604.554112402489,2641.0468826930305,2674.628725793765,2730.3631999528943
2021-05-25,2657.953874376089,2614.174197726783,2548.504682752825,2504.725006103519,2460.945329454213,2404.0317498101153,2465.3232971191437,2480.3334719703344,2518.953401014543,2573.313166187431,2638.690816650394,2791.4818881564706,2657.964561509745,2615.1819567965554,2561.0269440705183,2534.7727755742812,2516.1073838686953,2500.000872640277,2540.693578563828,2574.105778054865,2609.2945729304297,2643.6854339127103,2675.69166093095,2729.4245154170076
2021-05-26,2701.7335510253947,2657.9538743760886,2592.28435940213,2548.5046827528245,2504.725006103519,2439.0554911295603,2471.1605873390513,2482.8351677788664,2515.6699252658454,2565.530112560888,2627.3081007215746,2774.699678774237,2701.7388945922226,2658.625713755937,2602.0238959825583,2573.0892214107207,2551.4005906080806,2530.6899170195798,2553.9077494749954,2583.628414161301,2615.9393855000626,2648.112729971962,2678.4297636031188,2729.952018267953
2021-05-26,2745.5132276747004,2701.7335510253943,2636.064036051436,2592.28435940213,2548.5046827528245,2479.9165226689124,2476.9978775589584,2487.838559395929,2514.5754333496125,2559.6928223409805,2617.676571858727,2759.37679194698,2745.5158994581143,2702.1814439452933,2643.6392311695467,2612.3989819404087,2587.999408102838,2563.015290432633,2569.09388849836,2595.0542191889754,2624.3956548841934,2654.2509993215917,2682.7773408238386,2731.8976356745147
2021-05-26,2789.292904324006,2745.5132276747,2679.8437127007414,2636.064036051436,2592.28435940213,2526.6148444281716,2482.835167778866,2495.3436468215245,2515.669925265845,2555.8012955277086,2609.7962300618524,2745.5132276747,2789.2942402157128,2745.8118229546326,2685.735531125939,2652.5214544918454,2625.7029731598336,2596.772451750218,2586.12477188473,2608.277461530696,2634.5750173307724,2662.025851787592,2688.6712758150807,2735.214871047665
2021-05-26,2833.0725809733117,2789.2929043240056,2723.623389350047,2679.843712700741,2636.064036051436,2570.394521077477,2488.6724579987736,2505.350430055652,2518.9534010145435,2553.855532121073,2603.66707533095,2733.108985957397,2833.073248919165,2789.4919678439605,2728.2059147918676,2693.3088732428946,2664.3413246156465,2631.782427484268,2604.8813838687356,2623.19828355751,2646.393419515259,2671.366131554505,2696.0509269783724,2739.8587523546958
2021-05-27,2833.0725809733117,2806.804774983728,2750.985687255863,2710.4894863552554,2668.898793538415,2605.418262396922,2490.13178055375,2514.106365385513,2521.1423848470085,2550.9368870111193,2596.6623270670607,2719.975082962605,2811.1830766215853,2789.425613337309,2741.7808013545655,2710.760515257642,2683.5646445707785,2651.4712370892353,2616.7789013180063,2632.4257625016608,2653.3641262141823,2676.493383202057,2699.707477403182,2741.479555216327
2021-05-27,2803.8861298737743,2806.804774983728,2767.4030659993527,2732.3793246799078,2694.43693825051,2634.604713496459,2493.050425663704,2519.1097570025763,2523.331368679474,2548.0182419011658,2589.6575788031714,2706.8411799678133,2778.3481521481426,2774.7881514497726,2742.6102294257066,2717.0791902425617,2693.0951958175356,2663.2264859124184,2625.084341728471,2638.7083994638715,2657.859204409586,2679.494246373345,2701.5037824179626,2741.6118076399857
2021-05-28,2745.5132276747004,2789.292904324005,2772.875525580516,2745.5132276747,2712.6784701877204,2657.953874376088,2495.9690707736577,2521.6114528111084,2525.5203525119387,2545.0995967912118,2582.652830539283,2693.7072769730216,2740.0408515867684,2750.43661797498,2733.5265231145263,2714.2890740212583,2694.4241735418213,2668.039869051541,2630.029452005889,2642.209796777136,2659.999416473764,2680.461172776025,2701.5127929568043,2740.3043155199503
2021-05-28,2701.7335510253947,2754.269163004561,2767.4030659993523,2749.8911953396305,2723.623389350047,2675.4657450358113,2498.8877158836117,2521.6114528111084,2527.7093363444046,2542.1809516812577,2575.648082275394,2680.57337397823,2698.9973629814285,2719.6090367753495,2716.7326011726514,2704.0463104494092,2688.813358285555,2666.7791197171096,2631.8310276427437,2643.084467755868,2659.8996339309,2679.4825944748886,2699.804599120982,2737.604284485079
2021-05-28,2657.953874376089,2701.7335510253943,2750.985687255863,2745.5132276747,2727.271695737489,2687.1403254756256,2501.8063609935652,2519.1097570025763,2529.8983201768697,2539.2623065713046,2568.643334011505,2667.4394709834382,2656.5857803541057,2684.464090425827,2693.9418448513475,2687.7059263180226,2677.3304105072825,2660.2035044683194,2630.691877325545,2641.478341641385,2657.66912481558,2676.6430986592554,2696.44654236945,2733.557372371516
2021-05-28,2614.1741977267834,2657.9538743760886,2723.623389350047,2732.379324679908,2723.623389350047,2692.977615695533,2504.7250061035184,2514.1063653855126,2532.0873040093347,2536.3436614613506,2561.638585747616,2654.3055679886465,2613.4901507157915,2646.4409006430437,2666.48688401271,2666.376579910651,2660.8787352103896,2648.977381544464,2626.8017253094135,2637.5292404948686,2653.41182701381,2672.0235948117515,2691.5033233096387,2728.2077399746486
2021-05-28,2570.3945210774777,2614.1741977267834,2685.3161722819045,2710.4894863552554,2712.678470187721,2692.977615695533,2507.6436512134724,2510.353821672715,2530.992812093102,2533.425016351397,2554.6338374837273,2641.171664993855,2570.052497571982,2606.498881904753,2635.40420854948,2640.965355277473,2640.222752013125,2633.6820644049276,2620.338055574942,2631.367329596266,2647.2266082703227,2665.701474608857,2685.037105261081,2721.5981001367504
2021-05-28,2526.614844428172,2570.3945210774773,2636.064036051436,2679.843712700741,2694.43693825051,2687.1403254756256,2510.5622963234264,2506.6012779599178,2527.7093363444046,2530.5063712414435,2547.629089219838,2628.0377619990627,2526.443832675424,2565.2776438627907,2601.4999772671213,2612.214412095908,2616.0092775155467,2614.82620232667,2611.466901523328,2623.1155428210336,2639.2075135125892,2657.750764869234,2677.1076137576624,2713.7697652249108
2021-05-28,2482.8351677788664,2526.6148444281716,2592.2843594021306,2640.4420037163663,2668.898793538415,2675.4657450358113,2513.48094143338,2502.8487342471203,2522.236876763241,2527.5877261314895,2540.6243409559493,2614.9038590042715,2482.7496619024923,2523.2035929517137,2565.4012025698858,2580.7309719202085,2588.785618071549,2592.8548634270314,2600.3435847234323,2612.889984384836,2629.4440001102457,2648.242273852104,2667.7722321477586,2704.7626930520346
2021-05-29,2439.055491129561,2482.835167778866,2548.5046827528245,2592.2843594021297,2636.064036051436,2657.953874376088,2516.3995865433335,2499.0961905343224,2514.5754333496125,2524.669081021536,2533.6195926920605,2601.7699560094793,2439.0127381913735,2480.561000127894,2527.5955607721903,2547.011852385672,2559.0148790575035,2568.1574823086844,2587.1134059977344,2600.8003082690952,2618.0211616584425,2637.2437311948133,2657.0860934452894,2694.615531291981
2021-05-29,2395.275814480255,2439.055491129561,2504.725006103519,2548.5046827528245,2595.932665789572,2634.604713496459,2519.318231653287,2495.3436468215245,2504.725006103519,2521.7504359115824,2526.6148444281716,2588.6360530146876,2395.2544380111613,2437.5393793622457,2488.462355674137,2511.4635406484495,2527.0889188688025,2541.0748142489674,2571.9122919221018,2586.9500765673424,2605.019940844929,2624.8199217661313,2645.102168578723,2683.365660438237
2021-05-29,2351.4961378309495,2395.2758144802547,2460.9453294542127,2504.725006103519,2548.5046827528245,2605.418262396922,2522.236876763241,2491.591103108727,2495.9690707736577,2515.913145691675,2519.6100961642824,2575.502150019896,2351.4854495964023,2394.265073302045,2448.2966013424725,2474.41861710903,2493.339309993855,2511.905020115552,2554.867399615892,2571.4370979234372,2590.5173319333758,2611.0328136998305,2631.8713511792853,2671.049235353881
2021-05-31,2351.4961378309495,2377.7639438205324,2433.5830315483972,2474.079232449005,2515.6699252658454,2579.1504564073384,2529.533489538125,2491.591103108727,2490.496611192494,2511.048737175085,2515.2321284993523,2564.55723085757,2373.3806320383283,2394.6019870281148,2436.51420426198,2460.029016631071,2478.2526183763775,2497.3263694111392,2544.571168316607,2561.6503599475996,2580.993355380115,2601.6520738976033,2622.593091237131,2662.0074427407512
2021-05-31,2380.6825889304864,2377.7639438205324,2417.1656528049075,2452.189394124352,2490.13178055375,2552.882650417755,2539.7487474229633,2494.0927989172587,2487.2131354437965,2506.184328658496,2512.605347900394,2555.07163425022,2406.2180615839443,2409.4198217285966,2437.078934676998,2456.2156483580693,2472.2222911076365,2490.0425096259414,2537.7637052721507,2554.839533897702,2574.0695570602784,2594.5826567467975,2615.3955356078163,2654.6975105425354
2021-05-31,2439.055491129561,2395.2758144802547,2411.6931932237444,2439.055491129561,2471.8902486165393,2526.6148444281716,2548.504682752825,2499.0961905343224,2486.118643527564,2501.319920141906,2511.729754367408,2547.0453601978475,2444.526614681405,2433.891603745353,2447.2469864774134,2461.055560980032,2473.855041364749,2489.141591895057,2534.219928659617,2550.8392913330754,2569.619099007596,2589.724069935507,2610.197087948155,2649.062655665439
2021-05-31,2482.8351677788664,2430.299555799699,2417.1656528049075,2434.6775234646293,2460.945329454213,2509.10297376845,2557.2606180826856,2506.601277959918,2487.2131354437965,2496.4555116253164,2512.605347900394,2540.478408700452,2485.570729554788,2464.799350639626,2464.8842882442486,2472.9754306978757,2481.971934143737,2493.825748461696,2533.7292780640314,2549.493488726463,2567.5213304740605,2586.980190384969,2606.9193517798926,2645.0479568138744
2021-05-31,2526.614844428172,2482.835167778866,2433.5830315483972,2439.0554911295603,2457.297023066771,2497.4283933286347,2566.0165534125467,2516.6080611940442,2490.496611192494,2494.5097482186807,2512.605347900394,2535.3707797580328,2527.9826253161327,2499.9977407855763,2488.331006651633,2490.687992585076,2495.57540905662,2503.3968450386683,2536.0947776133235,2550.654657191047,2567.6614861143617,2586.2590742827083,2605.48700500413,2642.6002934439666
2021-05-31,2570.3945210774777,2526.6148444281716,2460.945329454213,2452.189394124352,2460.945329454213,2491.5911031087276,2574.7724887424074,2529.1165402367033,2495.9690707736577,2494.5097482186807,2512.605347900394,2531.7224733705907,2571.078411521458,2538.0565597659784,2516.296160223889,2513.140029883568,2513.8213765443375,2517.2440141246825,2541.1321595562013,2554.1835205559782,2569.930398893036,2587.472775375127,2605.8276793367977,2641.668286718849
2021-05-31,2614.1741977267834,2570.3945210774773,2499.2525465223553,2474.079232449005,2471.8902486165393,2491.5911031087267,2583.528424072269,2544.126715087894,2503.6305141872863,2496.455511625317,2512.605347900394,2529.533489538125,2614.5161429487734,2578.022331302682,2547.775652257711,2539.469819791299,2535.9956069799914,2534.832746656108,2548.6690443833945,2559.948540215482,2574.22422699615,2590.5371711604325,2607.871844472208,2642.2022424000947
2021-05-31,2657.953874376089,2614.174197726783,2548.504682752825,2504.725006103519,2490.13178055375,2497.4283933286347,2592.28435940213,2557.8860420348187,2513.48094143338,2500.3470384385882,2512.6053479003936,2528.8038282606367,2658.124846987084,2619.259404543586,2581.98851865053,2568.9723163793165,2561.4937522177456,2555.6953472022687,2558.544173844296,2567.8254852641303,2580.4441940643646,2595.371796638408,2611.552696789251,2644.1540956117833
2021-06-03,2701.7335510253947,2657.9538743760886,2592.28435940213,2544.126715087894,2515.6699252658454,2509.1029737684494,2601.0402947319913,2571.645368981743,2525.5203525119387,2506.184328658496,2512.605347900394,2529.533489538125,2701.8190373308917,2661.3440122539573,2618.3273428781235,2601.070663887568,2589.8044407495845,2579.422582261323,2570.606693446403,2577.697026513486,2588.496342097567,2601.899685288469,2616.806052422102,2647.4773574158
2021-06-03,2745.5132276747004,2701.7335510253943,2636.064036051436,2592.28435940213,2548.5046827528245,2526.6148444281716,2609.7962300618524,2585.4046959286675,2539.748747422963,2513.9673822850386,2515.2321284993523,2531.7224733705903,2745.5559708274486,2703.9936429439736,2656.3196898660976,2635.2928894214656,2620.4949736071876,2605.6563725191586,2584.715481245117,2589.4523530633783,2598.2912964129277,2610.047216961728,2623.5702445242678,2652.127063138958
2021-06-03,2789.292904324006,2745.5132276747,2679.8437127007414,2636.064036051436,2588.636053014688,2549.9640053078015,2618.5521653917135,2599.1640228755923,2556.166126166453,2523.6961993182176,2519.610096164283,2535.3707797580328,2789.31427590038,2747.0199556204193,2695.598110112145,2671.2528333399828,2653.1992208942834,2634.083398575928,2600.738519937428,2602.986810174774,2609.7440420684306,2619.7439723864586,2631.7860245615348,2658.0597223945038
2021-06-04,2789.292904324006,2763.025098334422,2707.2060106065574,2666.7098097059497,2625.1191168891096,2570.3945210774773,2622.930133056644,2609.1708061097193,2571.48901299371,2532.4521346480788,2523.112470296227,2538.2894248679863,2767.4137517875397,2746.5177129718463,2706.6903584593797,2684.7547232190223,2667.4013757835783,2648.0121272132747,2610.078823662506,2610.9049444832476,2616.3669292081354,2625.2122011295346,2636.2459159944233,2660.927059471014
2021-06-04,2760.1064532244686,2763.025098334422,2723.623389350047,2688.5996480306026,2650.6572616012045,2590.8250368471536,2624.3894556116206,2616.6758935353146,2583.528424072269,2541.20806997794,2526.6148444281716,2541.20806997794,2734.573651406467,2731.589658989696,2705.588845696272,2687.841782820181,2672.683248897704,2654.7273051897896,2615.9920318795207,2615.950978181792,2620.5311546847415,2628.53921648922,2638.8140591613783,2662.2649813042644
2021-06-05,2701.7335510253947,2745.5132276747,2729.09584893121,2701.7335510253943,2668.8987935384152,2611.255552616829,2622.930133056644,2621.6792851523783,2593.3788513183626,2549.9640053078015,2530.117218560116,2544.126715087894,2696.263762891278,2707.044397451827,2695.0032965140094,2682.4076176485282,2670.417191278994,2655.1306263380775,2618.699247524484,2618.284472415576,2622.3566532154887,2629.818114712198,2639.5646403233686,2662.123633119487
2021-06-07,2657.953874376089,2710.4894863552554,2723.6233893500466,2706.111518690325,2679.8437127007414,2631.6860683865057,2618.5521653917135,2624.18098096091,2601.0402947319913,2558.7199406376626,2533.6195926920605,2544.856376365382,2655.2189803090305,2676.0876642101457,2677.0412745612925,2670.00154129912,2661.7644230401916,2650.011072761666,2618.407308827855,2618.0561238216833,2621.9575090433905,2629.137944381022,2638.5689364714053,2660.5515160015916
2021-06-08,2614.1741977267834,2657.9538743760886,2707.206010606558,2701.7335510253943,2683.4920190881835,2643.36064882632,2611.2555526168294,2624.18098096091,2606.5127543131543,2567.4758759675237,2537.121966824005,2544.126715087894,2612.806750693254,2640.8566164992562,2653.3419960093343,2651.891173986094,2647.7075150459277,2640.059003801143,2615.30970961813,2615.408257001783,2619.442241326244,2626.5838823996196,2635.895429415955,2657.595540803792
2021-06-08,2570.3945210774777,2614.1741977267834,2679.8437127007414,2688.5996480306026,2679.8437127007414,2649.1979390462275,2601.0402947319913,2621.6792851523783,2609.7962300618524,2576.231811297385,2540.6243409559493,2541.9377312554284,2569.7107975607128,2602.7760258088947,2625.180406769076,2629.1136595210173,2629.077873412427,2625.878483879522,2609.5874602509953,2610.4752896352147,2614.9140756042198,2622.237402327252,2631.6099154022268,2653.3010802885747
2021-06-10,2526.614844428172,2570.3945210774773,2641.5364956325993,2666.7098097059497,2668.8987935384152,2649.1979390462275,2587.906391737199,2616.6758935353146,2610.890721978085,2582.069101517292,2544.126715087894,2538.2894248679863,2526.2729826697896,2562.7957397988853,2593.548131437918,2602.5175701133535,2606.5789956226486,2607.99806936694,2601.409892994675,2603.384171752449,2608.471202025129,2616.17643539359,2625.7756104267946,2647.7120195589805
2021-06-11,2482.8351677788664,2526.6148444281716,2592.28435940213,2636.064036051436,2650.6572616012045,2643.3606488263204,2576.231811297385,2609.1708061097193,2609.7962300618524,2585.960628330564,2547.629089219838,2533.1817959255673,2482.664236899675,2521.548990242444,2559.216433591617,2572.7971921163003,2580.806148777558,2586.8802470872674,2590.9354154549255,2594.2548006044753,2600.2070209733356,2608.475524513131,2618.453251424124,2640.8708048362623
2021-06-11,2439.055491129561,2482.835167778866,2548.5046827528245,2596.6623270670607,2625.1191168891096,2631.6860683865048,2564.5572308575697,2599.1640228755923,2606.5127543131543,2587.9063917371996,2551.1314633517827,2528.8038282606367,2438.970025689965,2479.4579316550476,2522.785184900203,2540.520578000656,2552.263020424127,2562.929693011391,2578.3122153919708,2583.200412483881,2590.210376716768,2599.2059716033255,2609.70119348498,2632.818490638145
2021-06-13,2439.055491129561,2465.3232971191437,2521.1423848470085,2561.638585747616,2603.2292785644568,2622.930133056644,2557.2606180826856,2590.4080875457316,2604.3237704806893,2590.825036847153,2557.2606180826856,2526.6148444281716,2460.9025967344155,2480.5836770296537,2513.907403317684,2530.0323215966937,2541.581812324856,2552.9178773573253,2572.1524058685113,2577.6245655545945,2584.97256162799,2594.1463712805817,2604.7260543544703,2627.900993164636
2021-06-14,2468.2419422290977,2465.3232971191437,2504.725006103519,2539.748747422963,2581.339440239804,2614.174197726783,2552.882650417755,2581.6521522158705,2602.134786648224,2593.743681957107,2565.140959879561,2525.8851831506836,2493.7587205812933,2495.927399495826,2516.7312791200147,2529.4109621115076,2539.279201879212,2549.629998241181,2569.214498678797,2574.7906921580916,2582.1258437061692,2591.210217852323,2601.662869138291,2624.580128331797
2021-06-15,2526.614844428172,2482.835167778866,2499.2525465223553,2526.6148444281716,2559.4496019151507,2605.418262396922,2551.423327862778,2572.896216886009,2599.9458028157583,2596.6623270670607,2572.1457081434496,2526.6148444281716,2532.0766208293853,2520.7497733563764,2528.6564439994513,2536.8625182871383,2544.0661740635605,2552.2255635957176,2569.2906291561317,2574.5464604313424,2581.553584063903,2590.305187532158,2600.4366592130405,2622.8035471654457
2021-06-16,2526.614844428172,2491.591103108727,2488.307627360029,2509.10297376845,2537.5597635904983,2587.9063917371996,2548.504682752825,2564.140281556148,2594.4733432345956,2596.6623270670607,2576.52367580838,2526.6148444281716,2507.4558943041256,2508.111571497206,2518.473938172655,2527.0393636492704,2534.6460192505306,2543.551764118611,2563.712857454348,2569.4513886163695,2576.7380515474474,2585.6325778512114,2595.8248353063177,2618.214410280201
2021-06-16,2497.4283933286347,2500.3470384385882,2477.362708197703,2491.591103108727,2515.669925265845,2564.55723085757,2545.586037642871,2555.3843462262867,2586.811899820967,2594.716563660425,2579.1504564073384,2526.6148444281716,2473.255692716843,2485.092878041324,2500.825394385301,2511.042295918414,2519.9397841549967,2530.48972999498,2555.6704467236837,2562.207172088053,2570.0218290684743,2579.259660872254,2589.6770169741367,2612.340335357957
2021-06-16,2439.055491129561,2482.835167778866,2466.4177890353762,2474.079232449005,2493.7800869411926,2535.3707797580328,2542.667392532917,2546.6284108964255,2576.9614725748734,2590.825036847153,2580.0260499403244,2526.6148444281716,2434.265753598549,2455.153856854301,2477.3699321841796,2489.9938447478394,2500.760711897344,2513.587990555639,2545.322405933745,2552.9332077749714,2561.4976332112833,2571.2603630049657,2582.053439317408,2605.223451759619
2021-06-18,2395.275814480255,2447.8114264594215,2455.47286987305,2456.5673617892826,2471.8902486165393,2509.1029737684494,2539.7487474229633,2537.8724755665644,2564.922061496314,2584.987746627246,2579.1504564073384,2526.6148444281716,2392.880945714749,2420.601283846517,2449.397977883462,2464.812443490223,2477.7969312717446,2493.3265089650527,2532.8174854109384,2541.742259442996,2551.2536577998767,2561.7053964667475,2573.011975273877,2596.90450753662
2021-06-18,2351.4961378309495,2395.2758144802547,2444.5279507107234,2439.0554911295603,2450.000410291887,2482.835167778866,2536.83010231301,2529.1165402367033,2550.6936665852895,2577.2046930007027,2576.52367580838,2526.6148444281716,2350.298703448196,2382.9730096248927,2417.913196394169,2436.249537615936,2451.630705104036,2470.125252992126,2518.294838686418,2528.7408262043314,2539.373794520422,2550.6623990302623,2562.608228252169,2587.422914721082
2021-06-18,2307.716461181644,2351.496137830949,2417.1656528049075,2421.543620469838,2428.1105719672337,2456.567361789283,2533.911457203056,2520.360604906842,2537.5597635904983,2567.4758759675233,2572.1457081434496,2526.6148444281716,2307.1177439902667,2343.294267927374,2383.696215980429,2404.919946146191,2422.754717323775,2444.351694434652,2501.8846416441675,2514.0294905538326,2525.9378427816437,2538.196067694993,2550.8956211331097,2576.816793130966
2021-06-19,2263.936784532338,2307.7164611816434,2378.858435736765,2404.031749810116,2406.2207336425813,2430.299555799699,2530.992812093102,2511.6046695769815,2524.4258605957066,2555.8012955277086,2566.0165534125467,2526.6148444281716,2263.6374259366494,2302.2485479125935,2347.3541919587856,2371.326702825616,2391.5858543328914,2416.3273711156994,2483.70867172404,2497.7032470699683,2511.021709338118,2524.3682865469873,2537.925481780788,2565.123012738899
2021-06-21,2220.1571078830325,2263.936784532338,2329.606299506296,2373.3859761556023,2384.330895317928,2404.031749810116,2523.696199318218,2502.84873424712,2511.2919576009144,2542.180951681258,2558.1362116156715,2526.6148444281716,2220.007428585188,2260.291509019638,2309.359356242106,2335.8813807179995,2358.476866163789,2386.3336286304525,2463.880849756868,2479.85181285462,2494.6975981758496,2509.2382490594805,2523.7471252002247,2552.37723465179
2021-06-21,2176.377431233727,2220.157107883032,2285.8266228569905,2333.984267171227,2362.4410569932757,2377.763943820532,2513.48094143338,2494.0927989172587,2498.1580546061227,2526.6148444281716,2548.5046827528245,2526.6148444281716,2176.3025915848043,2217.7269242078987,2270.0790003181764,2298.9207214209855,2323.726233613117,2354.6166443746984,2442.507746842461,2460.5599207262285,2477.0341911351343,2492.862575076098,2508.4079324731642,2538.6139507467738
2021-06-21,2132.597754584421,2176.3774312337264,2242.046946207685,2285.8266228569905,2329.606299506296,2351.4961378309486,2500.3470384385882,2485.3368635873976,2485.024151611331,2509.1029737684494,2537.121966824005,2524.425860595706,2132.56033475996,2174.7573087836377,2229.798795344163,2260.720240787191,2287.5865173549632,2321.39182356975,2419.689058525803,2439.9075961244275,2458.0968197225493,2475.2954227078253,2491.9534265983307,2523.866522007548
2021-06-21,2088.8180779351155,2132.5977545844207,2198.267269558379,2242.0469462076844,2289.4749292444326,2325.2283318413656,2484.2944903338425,2476.5809282575365,2471.89024861654,2492.563984812045,2523.9880638292134,2520.7775542082645,2088.7993680228847,2131.517672951028,2188.7409299978626,2221.5053608778485,2250.2714225750933,2286.8476457842576,2395.5180483812323,2417.9704186310914,2437.9476285418723,2456.588595364892,2474.4273453575474,2508.167215603722
2021-06-21,2045.0384012858096,2088.8180779351155,2154.4875929090736,2198.267269558379,2242.046946207685,2298.960525851782,2465.323297119144,2467.8249929276753,2458.7563456217476,2476.0249958556406,2509.1029737684494,2515.6699252658454,2045.0290463296942,2088.098023512853,2147.0782176953385,2181.4605179248765,2211.9617767383875,2251.149030640788,2370.0819629782923,2394.8197689624317,2416.645730752759,2436.791644135093,2455.871711324353,2491.5472407543834
2021-06-21,2001.258724636504,2045.0384012858096,2110.707916259768,2154.4875929090736,2198.267269558379,2263.9367845323377,2443.433458794491,2455.316513885017,2445.622442626956,2459.486006899236,2492.4666966417135,2509.1029737684494,2001.2540471584462,2044.5583650043015,2104.9450688713073,2140.7366142998444,2172.810587699743,2214.4402828090892,2343.462420075588,2370.523062239311,2394.247355946068,2415.9519657108735,2436.3268991271684,2474.0367834157632
2021-06-21,1957.4790479871983,2001.2587246365038,2066.9282396104622,2110.707916259768,2154.4875929090736,2223.0757529929856,2418.624975359884,2440.306339033826,2432.4885396321642,2442.947017942832,2474.079232449005,2501.0766997160763,1957.4767092481693,2000.938700448832,2062.446024974993,2099.4571155794893,2132.9473236440735,2176.84766887519,2315.7357717698787,2345.1439682980995,2370.80599080576,2394.114896058715,2415.831700074691,2455.665039831541
2021-06-25,1913.6993713378927,1957.4790479871983,2023.1485629611566,2066.9282396104622,2110.707916259768,2176.3774312337264,2390.897846815324,2422.7944683741043,2419.354636637373,2426.408028986428,2453.9405811903243,2491.5911031087276,1913.698201968378,1957.2656985287504,2019.6623960224586,2057.7230390538707,2092.4815345739985,2138.481672101864,2286.973444216197,2318.7426197620334,2346.3725129092345,2371.3238000159367,2394.423384246946,2436.4602489830986
2021-06-25,1869.919694688587,1913.6993713378924,1979.368886311851,2023.1485629611568,2066.9282396104622,2132.5977545844207,2360.25207316081,2402.78090190585,2406.220733642581,2409.8690400300234,2434.6775234646298,2480.646183946401,1869.9191100038297,1913.557138365594,1976.657423137308,2015.6170352330364,2051.5059166455803,2099.438965344041,2257.2422554305413,2291.375808553056,2320.9953180008256,2347.6201569919804,2372.1377601513923,2416.44972397578
2021-06-27,1869.919694688587,1896.1875006781702,1952.006588406035,1992.5027893066424,2034.093482123483,2097.574013264976,2331.065622061273,2384.018183341862,2396.370306396487,2396.2486961835725,2418.0412463378934,2470.430926061563,1891.809240670861,1913.6045493563604,1962.6667449596603,1997.086550888465,2030.304909675167,2076.221516093273,2235.078198392272,2270.3937842617615,2301.127223014324,2328.7540356258705,2354.159782653572,2399.96608543437
2021-06-27,1899.1061457881242,1896.1875006781702,1935.5892096625453,1970.6129509819898,2008.5553374113879,2068.387562165439,2301.8791709617362,2365.255464777874,2385.425387234161,2384.574115743758,2403.15615627713,2460.2156681767246,1924.6441443290296,1928.229382233306,1961.5139234102244,1989.8851867245983,2019.1009309539409,2061.3787075800133,2217.1685757854675,2253.0096322452855,2284.363897381307,2312.61164465378,2338.6036741930566,2385.45829632992
2021-06-28,1957.4790479871983,1913.6993713378924,1930.1167500813822,1957.4790479871979,1990.3138054741773,2045.0384012858092,2277.0706875271294,2346.4927462138853,2374.4804680718344,2374.845298710579,2390.0222532823377,2450.000410291887,1962.9514344827667,1952.572496367705,1970.3461014605086,1991.9531027085811,2016.3559761358736,2053.8637097120745,2203.238907969387,2239.023470710535,2270.5538889375403,2299.074561010175,2325.3744594891964,2372.8615744613808
2021-06-28,2001.258724636504,1948.723112657337,1935.5892096625453,1953.1010803222675,1979.3688863118507,2027.5265306260874,2255.180849202477,2327.7300276498977,2363.535548909508,2367.0622450840356,2378.6395373535183,2439.785152407049,2003.994917884288,1983.39446467374,1986.9443903105755,2001.6049751771682,2020.7686569281714,2052.7605461587914,2193.032423667208,2228.2465224084854,2259.553133429308,2288.0295104589222,2314.3808877842266,2362.113261652418
2021-06-29,2045.0384012858096,2001.2587246365038,1952.006588406035,1957.4790479871983,1975.7205799244086,2015.8519501862722,2236.2096559877773,2308.967309085909,2352.590629747182,2361.224954864128,2369.0080084906713,2429.5698945222107,2046.4064979097016,2018.5356690941983,2009.5829875604734,2017.4619029513406,2031.2377986215472,2057.267737630832,2186.308917490936,2220.500497715061,2251.224594127528,2279.3681437311,2305.5352867833767,2353.1527541100263
2021-06-29,2088.8180779351155,2045.0384012858092,1979.368886311851,1970.6129509819898,1979.3688863118512,2010.014659966365,2220.157107883032,2290.204590521921,2341.6457105848554,2357.3334280508566,2361.127666693796,2419.3546366373726,2089.502126247061,2056.5563642576058,2036.919602454684,2038.3956941573554,2046.8316380004508,2066.6839897500304,2182.8436811743827,2215.6170119853077,2245.437919021664,2272.9868223959515,2298.7534223228363,2345.921435066552
2021-06-30,2132.597754584421,2088.8180779351146,2017.6761033799935,1992.5027893066429,1990.3138054741776,2010.014659966365,2207.0232048882403,2271.4418719579335,2330.7007914225287,2352.469019534267,2354.9985119628936,2409.139378752535,2132.9397787403936,2096.4967199163125,2067.9102310722496,2063.4832827166956,2066.761760036339,2080.395669935492,2182.426503758856,2213.437035276771,2242.0691147358925,2268.7864140417983,2293.954363540945,2340.3626096302473
2021-06-30,2176.377431233727,2132.5977545844207,2066.9282396104622,2023.1485629611568,2008.5553374113879,2015.8519501862722,2196.807947003402,2256.431697106743,2319.7558722602025,2347.604611017677,2350.620544297963,2398.924120867697,2176.5484433117126,2137.716849238552,2101.7428703635346,2091.9694327469388,2090.3610443204457,2097.8658496789344,2184.860736282999,2213.8103726438044,2241.00023635179,2266.6720963621374,2291.060353336804,2336.421441771944
2021-06-30,2220.1571078830325,2176.3774312337264,2110.707916259768,2062.5502719455317,2034.093482123483,2027.5265306260872,2189.511334228518,2243.923218064084,2308.810953097876,2342.740202501088,2347.993763699005,2388.7088629828586,2220.242613922025,2179.790161003147,2137.785962401047,2123.2362239806475,2117.0650043530445,2118.62471653561,2189.962416815219,2216.59517330441,2242.119092361629,2266.553169759734,2289.9966839089457,2334.044893377808
2021-07-01,2220.1571078830325,2193.8893018934486,2138.070214165584,2097.574013264976,2055.983320448136,2036.2824659559483,2180.755398898657,2230.163891117159,2294.5825581868517,2334.957148874545,2344.49138956706,2378.493605098021,2198.3100225778758,2178.6525844133403,2146.3618443638647,2132.8982616630256,2126.1899931039184,2125.8438058728743,2189.0859661325417,2214.3608543003834,2238.9121820598943,2262.6324854410714,2285.5410266878275,2328.8754636449794
2021-07-01,2190.970656783495,2193.889301893449,2154.4875929090736,2119.463851589629,2077.8731587727884,2045.0384012858092,2171.999463568796,2216.4045641702346,2278.1651794433624,2325.2283318413656,2340.9890154351156,2368.278347213183,2165.453888581148,2163.3009744703672,2143.3031577462107,2132.84362401237,2127.175802562457,2126.6880494618176,2185.441565387499,2209.818459871528,2233.7261124226175,2256.978801442612,2279.5432509834163,2322.440123208983
2021-07-03,2176.377431233727,2202.64523722331,2176.3774312337264,2145.7316575792124,2110.707916259768,2062.5502719455317,2163.2435282389347,2206.397780936107,2262.842292616105,2316.4723965115045,2337.486641303171,2360.25207316081,2192.80549823209,2182.2530189412555,2160.381813332171,2148.718802897945,2141.4806187656227,2138.3716817644695,2187.6812778065673,2210.392829205523,2233.0642097616246,2255.377858231322,2277.2143825042463,2319.0865788435253
2021-07-04,2205.563882333264,2211.401172553171,2198.267269558379,2171.999463568796,2139.8943673593053,2085.8994328251615,2154.4875929090736,2198.892693510512,2250.802881537546,2307.7164611816434,2333.9842671712267,2353.685121663414,2228.371141382214,2209.4809408049496,2183.3940291544304,2169.6675268314707,2160.3200288835787,2154.067319610453,2192.6009879179105,2213.3674933904576,2234.5701890198693,2255.7499854647017,2276.6936923614307,2317.2783873644944
2021-07-04,2263.936784532338,2220.157107883032,2220.157107883032,2198.2672695583797,2169.0808184588423,2115.0858839246985,2145.7316575792124,2193.8893018934486,2240.9524542914523,2298.960525851782,2330.481893039282,2348.5774927209955,2268.0438012819286,2242.2261142638476,2211.021236271589,2194.7673330769567,2182.996403083281,2173.273462306852,2200.027792644608,2218.6091027123757,2238.1382998595914,2258.009397469242,2277.910271589823,2316.964881336192
2021-07-05,2263.936784532338,2228.913043212893,2225.629567464195,2211.401172553171,2187.322350396053,2141.353689914282,2136.9757222493513,2187.6350623721196,2230.007535129126,2287.285945411967,2324.3527383083797,2342.740202501088,2244.1004545824803,2234.8697788035756,2213.051429963021,2199.38365576897,2188.713434590935,2179.1339180038744,2201.326458143862,2218.695102999637,2237.2611685430625,2256.363645736364,2275.6454415350577,2313.790853511207
2021-07-06,2278.5300100821064,2263.936784532338,2236.574486626522,2228.9130432128927,2209.212188720706,2167.6214959038653,2132.5977545844207,2185.133366563588,2222.3460917154976,2276.5842466754707,2319.0991771104627,2339.091896113646,2275.908457882062,2259.1520062629315,2234.0881035671596,2219.080529480365,2207.0215925279667,2195.2067359010953,2208.190329307594,2223.640734009905,2240.698012088641,2258.5963768579127,2276.903128636299,2313.5916929573063
2021-07-08,2249.3435589825694,2263.9367845323377,2231.102027045358,2233.2910108778237,2220.157107883032,2185.1333665635875,2126.760464364513,2177.628279137992,2213.590156385636,2262.96390282902,2311.2188353135875,2334.7139284487153,2248.032782882547,2246.153706802965,2230.9923267484646,2219.2762710081224,2209.0424410441306,2198.3255323988374,2208.962379538268,2223.447199225073,2239.6960167609186,2256.9251042828814,2274.677794393441,2310.5282617120374
2021-07-08,2234.7503334328007,2246.4249138726154,2231.102027045358,2228.913043212893,2223.805414270474,2196.807947003402,2120.923174144606,2167.621495903865,2204.834221055775,2250.316440685887,2301.587306450741,2330.3359607837842,2212.2051070581365,2222.8949482798857,2218.855683300745,2211.4764819582324,2204.017054919453,2195.5820197531984,2206.8601248089417,2220.8322121143688,2236.607305269971,2253.4230315197547,2270.82287803187,2306.1298707356495
2021-07-08,2176.377431233727,2211.401172553171,2231.102027045358,2215.7791402181015,2220.157107883032,2202.64523722331,2115.0858839246985,2155.1130168612067,2196.0782857259137,2237.6689785427543,2290.204590521921,2325.957993118854,2172.4014308212786,2192.7958837147307,2199.6872546971176,2197.134895162994,2193.029470252525,2187.708986607101,2202.069004149293,2215.930297807019,2231.5336686483265,2248.1697585781585,2265.402284740379,2300.4402892885546
2021-07-12,2132.597754584421,2185.1333665635875,2214.684648301869,2207.0232048882403,2209.2121887207054,2202.64523722331,2109.248593704791,2143.8553857228135,2187.322350396053,2225.0215163996218,2277.0706875271294,2321.5800254539236,2130.609754378197,2158.1366151215257,2175.0496598611176,2177.4409283942887,2176.9969483575387,2175.3476230231026,2194.7624927806337,2208.868507813958,2224.5719325122714,2241.24142459759,2258.4774136212286,2293.501851566629
2021-07-12,2088.8180779351155,2132.5977545844207,2187.3223503960526,2198.267269558379,2190.970656783495,2196.807947003402,2103.411303484884,2132.5977545844203,2178.5664150661914,2212.3740542564888,2262.1855974663654,2317.202057788993,2087.8240778320032,2120.4372105096204,2146.158269066605,2153.3677416472924,2156.6956334234264,2159.058970305941,2185.1028739745125,2199.7668352288447,2215.8141992772807,2232.7108583200447,2250.1072559681074,2285.3555037529827
2021-07-13,2045.0384012858096,2088.818077935115,2149.0151333279105,2176.3774312337264,2176.3774312337264,2185.1333665635875,2097.574013264976,2121.340123446028,2166.5270039876327,2199.726592113356,2245.549320339629,2310.6351062915974,2044.5414012342535,2080.7110485519147,2113.9583703043604,2125.71155673624,2132.782262840823,2139.333939597261,2173.2419611139912,2188.7386068623564,2205.348078558059,2222.6477220203546,2240.34848969005,2276.0408495270185
2021-07-13,2001.258724636504,2045.0384012858092,2116.1803758409314,2145.7316575792124,2161.7842056839577,2167.6214959038653,2091.7367230450686,2110.0824923076348,2152.298609076608,2187.079129970223,2229.7886367458796,2302.6088322392247,2001.0102246107258,2039.6337150303425,2079.1851875672132,2095.1238278727774,2105.8125374787264,2116.6020781460034,2159.321773170322,2175.890853591242,2193.256906329554,2211.118649178684,2229.255570032453,2265.596194081363
2021-07-15,1957.4790479871983,2001.2587246365038,2066.9282396104622,2106.3299485948373,2136.246060971863,2144.2723350242354,2085.8994328251615,2098.824861169242,2135.8812303331188,2174.4316678270907,2214.027953152129,2293.1232356318746,1957.3547979743091,1997.6556004661925,2042.4105617384755,2062.1375630482526,2076.256665764752,2091.2392397949898,2143.4751666004827,2161.324660132431,2179.6199533971926,2198.1873761672655,2216.8808167404004,2254.0585866955867
2021-07-19,1913.6993713378927,1957.4790479871983,2023.1485629611566,2071.306207275393,2103.411303484884,2123.8418192545596,2080.062142605254,2087.5672300308493,2120.5583435058616,2161.7842056839577,2198.267269558379,2282.1783164695485,1913.6372463314478,1955.0769652069905,2004.0792579496115,2027.188859710131,2044.5125163684193,2063.5742966566895,2125.826426477129,2145.1354953852447,2164.5126236978313,2183.9148682116243,2203.2744978038168,2241.463861914043
2021-07-19,1869.919694688587,1913.6993713378924,1979.368886311851,2023.1485629611568,2063.27993322302,2103.411303484884,2074.2248523853464,2076.309598892456,2105.2354566786044,2149.136743540825,2182.506585964629,2269.7740747522453,1869.8886321853645,1912.097982817754,1964.5372046362052,1990.6345248608857,2010.9167473947057,2033.8950118295134,2106.4918194811335,2127.413524421264,2148.0066429274952,2168.359439875224,2188.48490991849,2227.8466793735865
2021-07-21,1869.919694688587,1896.1875006781702,1952.006588406035,1992.5027893066424,2037.741788510925,2082.9807877152075,2072.76552983037,2068.804511466861,2093.1960456000456,2136.489281397692,2169.3726829698376,2258.09949431243,1891.7940017616284,1912.6317789911336,1953.2399083476912,1976.6463151294324,1995.9602280013498,2018.8705567680609,2094.053597020276,2115.540515916432,2136.57701991884,2157.2872629359736,2177.7090061342165,2217.5467622710867
2021-07-21,1899.1061457881242,1896.1875006781702,1935.5892096625453,1970.6129509819898,2008.5553374113879,2062.5502719455317,2074.2248523853464,2063.8011198497975,2083.345618353952,2123.8418192545596,2157.9899670410177,2246.4249138726154,1924.6365248744132,1927.5808686564885,1954.1819393786927,1973.1613574672083,1990.0400464607112,2011.196618170453,2085.242335792333,2106.759323253557,2127.840533480035,2148.5999492077835,2169.0725369481606,2209.019947671989
2021-07-22,1957.4790479871983,1913.6993713378924,1930.1167500813822,1957.4790479871979,1990.3138054741773,2042.1197561758556,2078.602820050277,2061.299424041266,2075.6841749403234,2111.194357111427,2148.358438178171,2234.7503334328007,1962.9476247554585,1952.1401539831604,1964.643447213762,1978.2699696798074,1991.7659969492947,2009.9543814787094,2079.8240382984072,2100.898178885855,2121.6658110953294,2142.1938089845103,2162.491602956959,2202.208100975337
2021-07-23,2001.258724636504,1948.723112657337,1935.5892096625453,1953.1010803222675,1979.3688863118507,2030.445175736041,2085.8994328251615,2061.299424041266,2070.2117153591603,2101.4655400782476,2140.478096381296,2223.0757529929856,2003.993013020634,1983.1062364173767,1982.5089925631062,1990.4096845172621,1999.9617514626048,2014.339883954597,2077.5798036524325,2097.7948579080307,2117.927888664391,2137.969660808231,2157.885594930568,2197.054993639418
2021-07-23,2045.0384012858096,2001.2587246365038,1952.006588406035,1957.4790479871983,1975.7205799244086,2015.8519501862722,2091.7367230450686,2063.8011198497975,2066.928239610462,2093.6824864517043,2134.348941650393,2211.4011725531705,2046.4055454778745,2018.3435169232896,2006.133233756886,2008.3021196841444,2013.6319555352986,2023.6496582021618,2078.3048536061538,2097.296147909529,2116.5078978966735,2135.8326354584374,2155.177064785806,2193.5062406875563
2021-07-24,2088.8180779351155,2045.0384012858092,1979.368886311851,1970.6129509819898,1979.3688863118512,2010.014659966365,2097.574013264976,2068.804511466861,2065.8337476942297,2087.845196231797,2127.3441933865042,2199.726592113356,2089.5016500311476,2056.4282628103333,2034.2364606074495,2030.9013260296495,2031.9343861582404,2037.2681702499444,2081.807621411204,2099.2573482803814,2117.2927689548414,2135.6919884634435,2154.2916016197637,2191.5092402629257
2021-07-24,2132.597754584421,2088.8180779351146,2017.6761033799935,1992.5027893066429,1990.3138054741776,2010.014659966365,2103.411303484884,2076.3095988924565,2066.9282396104622,2083.9536694185254,2120.339445122615,2190.2409955060066,2132.939540632437,2096.411318951464,2065.823342968845,2057.3515269758454,2054.1563930929306,2054.6568278729173,2087.908899464271,2103.541797333396,2120.174947603392,2137.4609207634717,2155.1577126046495,2191.0131151652035
2021-07-26,2176.377431233727,2132.5977545844207,2066.9282396104622,2023.1485629611568,2008.5553374113879,2015.8519501862722,2109.248593704791,2086.3163821265834,2070.2117153591603,2082.0079060118896,2113.334696858726,2182.2147214536335,2176.5483242577347,2137.659915261987,2100.119735171998,2086.9525416862434,2079.6949645991003,2075.3443628741816,2096.4410419429023,2110.020425697338,2125.0521261549065,2141.056407170994,2157.7067085534322,2191.9686563040805
2021-07-27,2220.1571078830325,2176.3774312337264,2110.707916259768,2062.5502719455317,2034.093482123483,2027.5265306260872,2115.0858839246985,2098.824861169242,2075.6841749403234,2082.0079060118896,2108.9567291937956,2175.647769956238,2220.242554395036,2179.7522050187704,2136.5235239187405,2119.1314949309876,2108.039859973445,2098.918415581451,2107.247218884158,2118.571334521596,2131.8269875408737,2146.399032289324,2161.872593973106,2194.3282680067773
2021-07-29,2263.936784532338,2220.157107883032,2154.4875929090736,2110.707916259768,2066.9282396104622,2045.0384012858092,2120.923174144606,2110.082492307635,2083.345618353952,2083.953669418526,2106.3299485948373,2170.540141013819,2263.97950778834,2222.406957073061,2174.5663988660526,2153.419670612925,2138.759337082399,2125.018171281475,2120.1807183872234,2129.0793971139265,2140.406961866864,2153.4128335651803,2167.5919614295976,2198.0459151187847
2021-07-29,2307.716461181644,2263.9367845323372,2198.267269558379,2154.4875929090736,2107.059609872326,2068.387562165439,2126.760464364513,2121.3401234460275,2093.1960456000456,2087.845196231797,2105.4543550618514,2166.8918346263767,2307.7378228096445,2265.4366839923573,2213.8841186360296,2189.433573743475,2171.4880756590987,2153.3279171001595,2135.1042938352075,2141.435882709434,2150.7039948430624,2162.0251511650536,2174.8038900552256,2203.0770718390227
2021-07-30,2351.4961378309495,2307.7164611816434,2242.046946207685,2198.267269558379,2154.4875929090736,2097.574013264976,2132.5977545844207,2132.5977545844207,2105.235456678605,2093.682486451705,2106.3299485948373,2164.7028507939117,2351.50681864495,2308.7163941549898,2254.1933843791912,2226.8594356956164,2205.916958554661,2183.5714042726713,2151.8895532316646,2155.538101141273,2162.6343275108716,2172.1664843786907,2183.4498480362654,2209.378672232559
2021-07-30,2395.275814480255,2351.496137830949,2285.8266228569905,2242.046946207685,2198.267269558379,2132.5977545844207,2138.435044804328,2143.8553857228135,2119.463851589629,2101.4655400782476,2108.9567291937956,2163.973189516423,2395.281154887255,2352.16275981318,2295.2738525459404,2265.4405366836063,2241.784425104646,2215.506915129782,2170.416387934757,2171.289067251867,2176.118286714557,2183.770354265902,2193.4735989245305,2216.9090623658803
2021-07-31,2439.055491129561,2395.2758144802547,2329.606299506296,2285.8266228569905,2242.046946207685,2173.458786123773,2148.650302689166,2155.1130168612067,2135.8812303331188,2111.194357111427,2113.334696858726,2164.7028507939117,2439.0581613330605,2395.7202291350754,2336.9541448199243,2304.9668332463807,2278.869154746834,2248.9229467109176,2190.572438247282,2188.5971839479503,2191.0800857937925,2196.7731722752496,2204.821111623015,2225.6279540115142
2021-07-31,2482.8351677788664,2439.05549112956,2373.385976155602,2329.6062995062957,2285.8266228569905,2220.157107883032,2161.7842056839577,2166.3706479995994,2151.2041171603755,2122.8689375512417,2119.463851589629,2166.8918346263767,2482.836502880616,2439.3517675661074,2379.100966955091,2345.26647164307,2316.9838762362706,2283.6344339255743,2212.2525934847613,2207.3759428636604,2207.4476349985157,2211.114114574969,2217.440473901508,2235.4963798705526
2021-08-02,2526.614844428172,2482.835167778866,2417.1656528049075,2373.385976155602,2329.606299506296,2263.9367845323377,2173.4587861237724,2177.628279137992,2166.5270039876327,2136.489281397692,2127.3441933865042,2168.3511571813538,2526.6155119790465,2483.0326854032305,2421.6106456489547,2386.1988442675074,2355.9701292887644,2319.479444819562,2235.3585242971967,2227.543641653461,2225.1523611518433,2226.735001847758,2231.281809303761,2246.4766502633
2021-08-04,2570.3945210774777,2526.6148444281716,2460.945329454213,2417.1656528049075,2373.385976155602,2307.7164611816434,2185.1333665635875,2188.885910276385,2181.8498908148895,2152.055388650779,2136.9757222493513,2169.8104797363308,2570.3948548529147,2526.746522844415,2464.4025461106944,2427.6489085328303,2395.6938321253824,2356.3162889329647,2259.798245163624,2249.023116991012,2244.129036109914,2243.580184311887,2246.297197313191,2258.53231123992
2021-08-04,2614.1741977267834,2570.3945210774773,2504.7250061035184,2460.945329454213,2417.1656528049075,2351.4961378309486,2196.807947003402,2200.143541414778,2197.1727776421462,2169.567259310501,2148.3584381781707,2171.2698022913073,2614.1743646145014,2570.482306688306,2507.413952391893,2469.5225386861503,2436.0415309331834,2394.020987113355,2285.4857051128174,2271.741492401439,2264.3156135895465,2261.5964317413855,2262.4405966493523,2271.6281040645135
2021-08-04,2657.953874376089,2614.1741977267825,2548.504682752825,2504.725006103519,2460.945329454213,2395.275814480255,2212.860495108148,2215.1537162659683,2212.495664469404,2189.0248933768594,2161.4923411729624,2174.9181086787494,2657.953957819948,2614.2327214673355,2550.59608542156,2511.742722747831,2476.917226331985,2432.48505760236,2312.3404048491147,2295.629940102913,2285.6530739555224,2280.732828267964,2279.66777157238,2285.729926027602
2021-08-05,2701.7335510253947,2657.9538743760886,2592.28435940213,2548.5046827528245,2504.725006103519,2439.0554911295603,2227.4537206579166,2232.6655869256906,2227.81855129666,2207.509645739899,2176.3774312337264,2180.0257376211684,2701.733592747324,2657.992890203124,2593.911005922258,2554.246450916353,2518.239688077018,2471.6135788614024,2340.2870385797996,2320.623456079266,2308.0852765792215,2300.9406717567626,2297.9362210774652,2300.8047925434566
2021-08-05,2745.5132276747004,2701.7335510253943,2636.064036051436,2592.28435940213,2548.5046827528245,2482.835167778866,2246.4249138726154,2248.926609681147,2243.141438123918,2225.9943981029396,2193.0137083604627,2186.5926891185645,2745.513248535665,2701.759561576751,2637.329205567091,2596.9821697177445,2559.9401828842474,2511.3234945442273,2369.2551589503955,2346.660647648558,2331.558819399276,2322.17337755707,2317.205110866015,2316.820800490154
2021-08-06,2789.292904324006,2745.5132276747,2679.8437127007414,2636.064036051436,2592.28435940213,2526.6148444281716,2268.3147521972683,2265.187632436604,2258.4643249511746,2244.4791504659797,2211.401172553171,2194.618963170937,2789.2929147544883,2745.530568042271,2680.8277334351405,2639.907699036938,2601.9605518210265,2551.542130347863,2399.1788635970374,2373.6835328334037,2356.0229053329253,2344.386386437794,2337.4352079846103,2333.7470927516024
2021-08-06,2833.0725809733117,2789.292904324005,2723.623389350047,2679.843712700741,2636.064036051436,2570.3945210774773,2293.1232356318746,2281.44865519206,2273.7872117784314,2262.9639028290194,2231.539823811852,2204.104559778287,2833.0725861885526,2789.3044645690534,2724.3887388101357,2682.988527870698,2644.251583482809,2592.2058962572073,2429.9965019212705,2401.6373508773827,2381.4292152038847,2367.5370765257344,2358.5888180271477,2351.553823922137
2021-08-07,2876.852257622617,2833.0725809733112,2767.4030659993527,2723.623389350047,2679.8437127007414,2614.174197726783,2320.850364176435,2301.462221660314,2292.393574354386,2281.44865519206,2253.4296621365047,2215.049478940613,2876.8522602302373,2833.080287803343,2767.998337801644,2726.196419943648,2686.7716374503652,2633.259151009047,2461.6504007826047,2430.470383288321,2407.7317868688615,2391.5846790726305,2380.6297247996363,2370.2121271355613
2021-08-07,2920.631934271923,2876.852257622617,2811.1827426486584,2767.4030659993527,2723.623389350047,2657.953874376088,2351.4961378309495,2320.224940224302,2313.1889207628064,2299.9334075551,2274.443906928171,2227.4537206579166,2920.6319355757328,2876.8573955093048,2811.6457318282187,2769.5082728486627,2729.4854795228052,2674.6532084980695,2494.0866078883237,2460.1337848236094,2434.8869002403344,2416.49019788451,2403.523132351088,2389.6940819817746
2021-08-07,2964.4116109212287,2920.6319342719225,2854.9624192979636,2811.1827426486584,2767.4030659993527,2701.7335510253947,2385.060556595417,2342.740202501088,2332.8897752549938,2318.41815991814,2295.458151719838,2241.3172849301964,2964.411611573133,2920.6353595297146,2855.322521993178,2812.9051846162756,2772.363296145533,2716.345468382128,2527.25465173879,2490.581423865228,2462.852967917981,2442.21633225411,2427.2356092777036,2409.9726834753137
2021-08-07,3008.1912875705343,2964.4116109212277,2898.74209594727,2854.962419297964,2811.1827426486584,2745.5132276747,2421.5436204698385,2367.7571605864055,2352.590629747182,2336.9029122811808,2316.4723965115045,2256.6401717574536,3008.1912878964863,2964.413894426423,2899.022175821325,2856.3716899987417,2815.379860464657,2758.298655361842,2561.1073170601494,2521.769731662825,2491.590431155153,2468.72740324406,2451.73503521121,2431.021812041333
2021-08-07,3051.9709642198395,3008.191287570534,2942.5217725965754,2898.7420959472697,2854.962419297964,2789.2929043240056,2460.945329454213,2395.2758144802547,2372.2914842393693,2355.3876646442204,2337.4866413031714,2273.4223811396873,3051.9709643828155,3008.1928099073302,2942.7396124986185,2899.895135611542,2858.5138266807326,2800.480153550255,2595.6004347252474,2553.6575599521802,2521.061660900162,2495.989283175149,2476.9905494056943,2452.816204485653
2021-08-07,3095.7506408691456,3051.9709642198395,2986.301449245881,2942.5217725965754,2898.7420959472697,2833.0725809733112,2503.265683548542,2425.2961641826355,2395.2758144802547,2376.7910621172146,2358.500886094838,2291.663913076898,3095.750640950633,3051.971979111037,2986.4708802808036,2943.4651686855254,2901.7471329634586,2842.86142404628,2630.692685228036,2586.2060464837505,2551.230863664818,2523.969328180315,2502.9725013406432,2475.3314259166227
2021-08-08,3095.7506408691456,3069.482834879562,3013.663747151697,2973.1675462510893,2931.576853434249,2868.0963222927553,2544.1267150878934,2454.065665980751,2413.8821770562095,2397.221577886891,2376.8883502875465,2309.17578373662,3073.8608025852363,3051.9716408139707,3001.0264544894785,2963.1934951463095,2924.8584916182863,2869.000116567975,2657.87192903396,2612.0818752469495,2575.657210035503,2546.925921078061,2524.5018530205593,2494.2376440315356
2021-08-09,3110.343866418914,3095.750640869145,3046.4985046386764,3008.191287570534,2968.0599173086703,2906.038708722154,2584.9877466272455,2486.5877114916634,2436.8665072970953,2417.6520936565666,2396.1514080132406,2328.8766382288077,3106.6955600518436,3081.157866382131,3031.8050907181396,2995.2547355776082,2957.884926372157,2902.8163916867848,2688.9466637748965,2641.384566484344,2603.1632152808734,2572.691329647356,2548.6206165435046,2515.3947849198953
2021-08-12,3081.1574153193774,3095.750640869145,3062.915883382166,3030.0811258951867,2993.598062020765,2935.225159821691,2621.470810501667,2517.8589090983105,2458.7563456217476,2435.1639643162885,2412.787685139977,2347.847831443507,3079.3332621358413,3071.4288989947004,3036.28639594074,3005.566777148923,2972.3597014256466,2921.4607132534165,2712.367586384248,2664.1949219141584,2625.0562762064665,2593.529574650745,2568.359846028725,2532.9874497957326
2021-08-13,3110.343866418914,3104.5065761990063,3084.8057217068185,3056.34893188477,3022.784513120303,2967.3302560311818,2659.413196931065,2552.8826504177546,2483.9296596950985,2453.648716679329,2430.299555799699,2369.0080084906713,3109.431789827146,3094.1293718359507,3059.2294896246763,3029.923784488837,2998.0782577476166,2948.719413786546,2739.9264722638754,2690.602443892246,2650.152570906511,2617.268737408071,2590.7586882273604,2552.8741047601357
2021-08-13,3124.9370919686826,3113.2625115288674,3106.6955600314714,3082.6167378743535,3051.9709642198395,2999.4353522406727,2697.3555833604632,2590.4080875457316,2511.2919576009144,2475.052114152323,2450.4382070583797,2391.627508092812,3146.3708919974515,3123.8562459465525,3086.8029350786946,3057.812186248641,3026.5754479660995,2978.0432363341974,2768.5318607738045,2717.9750855742886,2676.160250091858,2641.8792268561524,2613.9959945215173,2573.5441375036353
2021-08-13,3183.309994167757,3148.286252848312,3128.5853983561246,3108.8845438639373,3081.1574153193765,3031.5404484501637,2735.297969789862,2630.4352204822394,2540.8432393391963,2495.4826299219985,2472.3280453830325,2413.5173464174654,3186.730281407257,3158.2673875700552,3117.9777652427765,3088.5899107156265,3057.4237899431705,3009.1740406445556,2798.1162356153054,2746.2592291989554,2703.034855982732,2667.323159225763,2638.0388839658,2594.9718634995065
2021-08-13,3227.089670817062,3174.5540588378954,3150.475236680777,3135.1523498535203,3110.343866418914,3063.645544659654,2773.2403562192603,2669.2115055144814,2572.5835049099423,2518.8317908016284,2493.3422901746994,2435.407184742118,3228.799814436812,3195.8013742021594,3151.953672403575,3121.7316264884885,3090.261568023662,3041.885953997282,2828.6164363798907,2775.4042357694334,2730.7340994715423,2693.564297868086,2662.8557650637085,2617.132440337526
2021-08-13,3270.8693474663683,3227.089670817062,3172.3650750054303,3161.4201558431037,3139.530317518451,3095.750640869145,2811.1827426486584,2707.9877905467233,2606.5127543131543,2544.126715087894,2514.356534966366,2457.297023066771,3271.7244192762428,3235.417257506664,3188.108195006264,3156.807516966159,3124.7827151147403,3075.981337762081,2859.9733775241357,2805.3622795665115,2759.217754333996,2720.5679816407846,2688.4162852010104,2640.0018401135308
2021-08-16,3270.8693474663683,3244.6015414767844,3194.254913330083,3174.5540588378954,3157.7718494556616,3119.0998017487746,2844.7471614131264,2743.011531866168,2639.347511800134,2568.4487576708416,2532.7439991590745,2476.9978775589584,3249.4070450466525,3232.6413952767966,3196.7707451864417,3169.5860903935954,3140.5222467612516,3094.8698793939534,2883.658299672067,2828.7915790804786,2782.0407746515875,2742.5906637966723,2709.5407318343014,2659.2506243678417
2021-08-16,3241.682896366831,3244.601541476785,3199.7273729112458,3178.932026502826,3168.716768617988,3136.6116724084973,2875.3929350676403,2775.5335773770807,2672.182269287113,2592.770800253789,2552.0070568847686,2495.239409496169,3216.3585196072045,3216.1975949071166,3193.7794671822894,3172.081345625261,3147.1049771314833,3105.9248937406787,2902.9906670588866,2848.4870465853655,2801.614882921766,2761.7523738276113,2728.1199187095476,2676.432901308367
2021-08-17,3183.309994167757,3227.089670817062,3210.6722920735724,3187.687961832687,3172.36507500543,3148.286252848312,2903.1200636122003,2805.553927079462,2705.0170267740923,2617.092842836737,2568.643334011505,2512.021618878403,3177.9444185628277,3190.6418357775615,3181.7241005903256,3166.1629768785683,3145.9396448833245,3110.1255717129,2918.2512896691815,2864.6561171927888,2818.098562659068,2778.1775018263083,2744.253659936984,2691.6164253058982
2021-08-17,3139.5303175184513,3192.0659294976176,3205.1998324924093,3183.3099941677565,3168.716768617988,3154.1235430682195,2927.928547046807,2833.0725809733112,2734.5683085123737,2641.414885419684,2586.1552046712272,2527.3445057056597,3136.8475297159866,3159.011437474756,3162.6188873189526,3153.3607339677637,3138.218259650374,3108.328705357431,2929.7028607143407,2877.4947018414973,2831.642566474881,2791.98502962054,2758.037855347836,2704.8667292741143
2021-08-17,3095.7506408691456,3139.530317518451,3188.7824537489196,3183.3099941677565,3168.716768617988,3154.1235430682195,2949.8183853714595,2858.089539058629,2761.9306064181897,2665.736928002632,2603.6670753309495,2541.2080699779403,3094.409246967913,3123.331279723117,3138.0304599635947,3134.926230377232,3124.949444968753,3101.283987715232,2937.591125456631,2887.187827529199,2842.390293194665,2803.2887659151093,2769.5646439954703,2716.2471975044014
2021-08-19,3095.7506408691456,3122.0184468587286,3177.8375345865934,3183.3099941677565,3168.716768617988,3157.042188178173,2973.1675462510893,2884.357345048212,2790.3873962402386,2692.9776156955336,2623.8057265896305,2555.801295527709,3116.9697822431817,3128.730958988228,3138.3637616424517,3135.763337130181,3127.192656130245,3106.0647789406344,2950.6194604283614,2901.2068547508457,2856.8849285281976,2817.907963820362,2784.073101858588,2730.1253343687454
2021-08-20,3124.9370919686826,3122.0184468587286,3166.892615424267,3183.3099941677565,3179.661687780314,3159.9608332881267,2996.516707130719,2910.6251510377956,2818.844186062287,2722.16406679507,2645.695564914283,2572.5835049099423,3150.139888205469,3146.9239707147376,3148.351813314742,3144.4081838642855,3135.8260927514007,3115.7204308440246,2965.6317529276776,2916.879251385141,2872.8081024625294,2833.7950086279034,2799.7294506573635,2744.9838496500215
2021-08-20,3183.309994167757,3139.5303175184513,3155.94769626194,3183.3099941677565,3186.958300555199,3171.635413727942,3019.8658680103485,2936.8929570273785,2847.3009758843355,2753.296281301243,2669.336590304908,2590.8250368471536,3188.6147795112656,3173.6458707488455,3165.8491149819242,3159.441181492063,3149.8666432230407,3129.6415858406544,2982.500005694735,2934.1131635758265,2890.090130187858,2850.89477655929,2816.4886750604205,2760.7905997836483
2021-08-20,3227.089670817062,3174.5540588378954,3161.4201558431037,3183.3099941677565,3194.254913330083,3180.391349057803,3043.2150288899784,2963.1607630169624,2875.7577657063844,2783.4556141040985,2694.7288027615054,2608.3369075068754,3229.7420634888167,3206.0536963213526,3189.1869444229123,3179.7008480328464,3168.48244387586,3147.2950560438685,3001.1044793574215,2952.8218404586582,2908.6647261533967,2869.1545405221073,2834.30752504355,2777.514495093238
2021-08-23,3270.8693474663683,3227.089670817062,3177.8375345865934,3183.3099941677565,3201.5515261049673,3197.903219717525,3066.564189769608,2989.428569006546,2904.214555528433,2813.6149469069533,2721.8722022840752,2625.8487781665976,3272.195543802245,3242.2521389194594,3217.06740657686,3204.2368800479057,3190.969610066601,3168.2143020528442,3021.3331596644057,2972.9233506618502,2928.468838249861,2888.5238659062275,2853.1444466619773,2795.125465236827
2021-08-24,3270.8693474663683,3244.6015414767844,3188.7824537489196,3183.3099941677565,3197.9032197175243,3203.7405099374323,3085.535382984307,3011.9438312833313,2929.3878696017837,2840.8556345998545,2748.1400082736586,2641.171664993855,3249.6426073096536,3237.197982885327,3219.2945764080164,3208.3919329150253,3196.526542489749,3175.5737231483713,3034.6077732871577,2987.0437017816002,2943.035708131709,2903.2441183012784,2867.80896532076,2809.288227614794
2021-08-24,3241.682896366831,3244.601541476785,3199.727372911246,3183.3099941677565,3186.958300555198,3203.7405099374323,3101.5879310890527,3031.957397751585,2952.372199842669,2866.15055888612,2774.4078142632416,2657.2242130985996,3216.476300738705,3219.23531997947,3211.298002576848,3203.831580415522,3194.493227363289,3176.5407570257944,3044.201464956874,2997.947384691954,2954.7564050119145,2915.420895518896,2880.181554739566,2821.551237643334
2021-08-26,3183.309994167757,3227.089670817062,3210.672292073573,3183.3099941677565,3179.661687780314,3197.903219717525,3114.7218340838444,3049.469268411308,2973.1675462510893,2889.49971976575,2800.6756202528254,2671.08777737088,3178.0033091285777,3192.666985825797,3195.3496281194266,3192.140441706963,3186.0373950794683,3171.9144520873765,3050.3517135092343,3005.813103182323,2963.769766597891,2925.1647834365367,2890.3520944976567,2831.9767823058073
2021-08-27,3183.309994167757,3218.333735487201,3221.617211235899,3196.443897162548,3183.309994167756,3194.9845746075716,3129.315059633613,3068.2319869752955,2995.057384575742,2913.821762348697,2826.9434262424083,2687.8699867531145,3202.54648997282,3204.141214156219,3202.402970941124,3198.494846999708,3192.353129808329,3178.811354428587,3061.754162367804,3018.1062458287092,2976.6146399748304,2938.291952459031,2903.5574896989233,2844.93130451456
2021-08-31,3212.496445267294,3209.57780015734,3232.5621303982252,3218.333735487201,3194.254913330083,3192.065929497618,3143.9082851833814,3086.994705539284,3016.947222900395,2938.1438049316444,2853.211232231992,2706.111518690325,3236.707918719594,3226.383925259602,3217.617721280067,3211.6538470845553,3204.4325479095655,3190.3186035583094,3075.245464632227,3032.1486403641475,2990.968528145569,2952.751839204749,2917.9618763319972,2858.8964875790034
2021-08-31,3270.8693474663683,3227.089670817062,3243.5070495605514,3235.8456061469233,3212.496445267294,3197.903219717525,3158.5015107331496,3105.7574241032726,3038.837061225048,2962.4658475145925,2879.479038221575,2725.812373182512,3275.678471417634,3255.8056248782923,3239.180233021313,3230.3802429083953,3221.388928864352,3205.8599061279797,3090.690855566643,3047.8431061281344,3006.7578206323547,2968.486499424792,2933.5182351246,2873.8391950696573
2021-08-31,3314.649024115674,3262.1134121365067,3254.451968722878,3253.3574768066455,3238.0345899793883,3209.5778001573403,3173.0947362829183,3124.5201426672597,3060.7268995497006,2986.78789009754,2905.7468442111585,2746.972550229677,3317.0535860913064,3290.0133168405214,3265.679892519906,3253.661780700502,3242.471970695218,3224.9310054576044,3107.9642649342777,3065.097861385751,3023.912497712449,2985.4405081854375,2950.1813906975285,2889.7273769980134
2021-08-31,3358.4287007649796,3314.649024115674,3265.3968878852047,3270.869347466368,3259.924428304041,3227.089670817062,3187.6879618326866,3143.2828612312487,3082.6167378743535,3011.1099326804874,2932.0146502007424,2769.592049831818,3359.6309817527954,3327.411670365109,3296.0195558297683,3280.6702528302803,3267.0468024981515,3247.0906769521894,3126.94775606202,3083.82622338735,3042.365955259344,3003.5608503326966,2967.907939255118,2906.5300341954726
2021-09-01,3402.2083774142848,3358.428700764979,3292.7591857910206,3288.38121812609,3281.8142666286944,3250.438831696692,3202.2811873824553,3162.045579795237,3104.5065761990063,3035.4319752634356,2958.2824561903253,2793.670871988936,3402.809517908193,3366.9371315979356,3329.3458887706174,3310.7280348727,3294.5762258159116,3271.9528490911143,3147.5310010943795,3103.9463250916006,3062.0548381283156,3022.7968157192813,2986.656179111374,2924.21718386019
2021-09-01,3445.988054063591,3402.2083774142848,3331.066402859163,3305.8930887858123,3303.7041049533473,3279.625282796229,3216.874412932224,3180.808298359225,3126.396414523659,3059.754017846383,2984.550262179909,2819.209016701031,3446.2886243105445,3407.880664636256,3364.995186980013,3343.280706843645,3324.605688107755,3299.1797092938373,3169.610790102026,3125.380847626132,3082.9188816695023,3043.0998989869204,3006.38604394057,2942.759826233532
2021-09-01,3489.7677307128965,3445.9880540635904,3380.3185390896324,3336.5388624403263,3325.593943278,3305.8930887858123,3231.4676384819923,3199.571016923213,3148.286252848312,3084.0760604293305,3010.818068169492,2846.206483968103,3489.9180158363733,3449.769578878238,3402.451235953833,3377.8746523924733,3356.750567993055,3328.4756715523827,3193.0905718607473,3148.0567676114842,3104.9007609720616,3064.4237037059693,3027.05903864547,2962.129912369114
2021-09-01,3533.547407362202,3489.7677307128956,3424.098215738938,3375.9405714247014,3347.4837816026525,3332.1608947753953,3246.060864031761,3218.333735487201,3170.1760911729643,3108.3981030122786,3037.0858741590755,2874.663273790152,3533.6225499239404,3492.2887472559946,3441.3125355222055,3414.138730868661,3390.6854166112785,3359.582098109773,3217.8800242575703,3171.9051185226112,3127.945947462266,3086.7238506828576,3048.638177740524,2982.300312958593
2021-09-01,3577.3270840115074,3533.5474073622013,3467.8778923882433,3424.098215738938,3380.3185390896324,3358.4287007649787,3265.0320572464607,3237.096454051189,3192.0659294976176,3132.720145595226,3063.353680148659,2904.5793861671773,3577.3646552923765,3535.2280850576008,3481.2668077752296,3451.769281739961,3426.13485415736,3392.272680928653,3243.894652412618,3196.860765308081,3152.0025724968127,3109.957890254175,3071.087926151403,3003.244788179565
2021-09-01,3621.1067606608135,3577.3270840115074,3511.657569037549,3467.8778923882433,3420.4499093514955,3384.6965067545625,3282.543927906183,3255.859172615177,3213.9557678222704,3157.042188178173,3089.6214861382423,2933.7658372667142,3621.1255463012476,3578.44753580844,3522.071169894094,3490.51785547999,3462.8658669500924,3426.3494004763356,3271.055412728586,3222.8621915304307,3177.0212976101234,3134.085218394053,3094.3741423361294,3024.937958532063
2021-09-01,3664.886437310119,3621.106760660813,3555.4372456868546,3511.657569037549,3467.8778923882433,3410.964312744146,3304.4337662308358,3274.6218911791652,3235.8456061469233,3181.364230761121,3115.8892921278252,2962.952288366251,3664.895830130336,3621.853728525435,3563.536713019723,3530.1811752035233,3500.6812895669127,3461.6389896617216,3299.2883611950915,3249.851298332055,3202.9551910910372,3159.066996469056,3118.464023636745,3047.3552766312328
2021-09-01,3708.666113959425,3664.8864373101183,3599.21692233616,3555.437245686854,3511.657569037549,3445.9880540635904,3324.8642820005116,3293.3846097431538,3257.735444471576,3205.686273344068,3142.157098117409,2992.1387394657886,3708.670810369533,3665.3844158865336,3605.5165080395022,3570.5929234590158,3539.414289727192,3497.9898397800976,3328.5243243830682,3277.773214569662,3229.759610580157,3184.8660744819877,3143.326053774055,3070.472999924845
2021-09-01,3752.44579060873,3708.6661139594244,3642.996598985466,3599.2169223361607,3555.437245686855,3486.8490856029425,3345.2947977701874,3312.1473283071414,3279.6252827962294,3230.008315927016,3168.424904106993,3021.325190565325,3752.448138813784,3708.998099677034,3647.896276754732,3611.617022331565,3578.923701655014,3535.2692932148393,3358.6985916653243,3306.576117496807,3257.3920913941556,3211.4469176529233,3168.929952401398,3094.2681643053156
2021-09-03,3796.225467258036,3752.44579060873,3686.7762756347715,3642.996598985466,3599.21692233616,3533.5474073622017,3365.7253135398637,3334.6625905839273,3301.5151211208818,3254.330358509964,3194.692710096576,3050.5116416648625,3796.226641360563,3752.66711442047,3690.5871361219793,3653.1421353453425,3619.0900773861417,3573.3612745514015,3389.7506272938417,3336.2110634085166,3285.8122402976715,3238.775536192372,3195.2466266367064,3118.7185585869047
2021-09-03,3840.005143907342,3796.2254672580357,3730.5559522840776,3686.7762756347715,3642.996598985466,3577.3270840115074,3386.155829309539,3355.9270049564475,3323.4049594455346,3278.652401092911,3220.9605160861593,3079.6980927643995,3840.005730958605,3796.3730164658627,3733.519954885239,3695.0771690201254,3659.8123455662194,3612.1642178020575,3421.6238010527322,3366.6318276945362,3314.9816344570695,3266.819418127778,3222.2481244952596,3143.802699819734
2021-09-03,3883.7848205566474,3840.005143907341,3774.3356289333833,3730.5559522840776,3686.7762756347715,3621.106760660813,3406.5863450792153,3380.943963041765,3345.294797770187,3302.9744436758588,3247.2283220757427,3108.884543863937,3883.7851140822786,3840.1035100458926,3776.6409642898425,3737.3475923266396,3701.0049842800245,3651.5892527275446,3454.265136288424,3397.7947537785158,3344.8637253232814,3295.547465050614,3249.9075901486162,3169.499809413182
2021-09-07,3883.7848205566474,3857.5170145670636,3801.6979268391988,3761.201725938591,3719.611033121751,3656.130501980258,3427.016860848891,3400.957529510019,3363.9011603461427,3324.377841148852,3270.869347466368,3135.882011131009,3861.89512899481,3840.0707213330425,3790.7218930937315,3756.012601704949,3722.3896242226883,3675.1412391250196,3479.15158839287,3422.361997674571,3369.0169652545287,3319.219538049424,3273.0486707338787,3191.483592098635
2021-09-07,3854.59836945711,3857.5170145670636,3818.1153055826885,3783.091564263244,3745.149177833846,3685.3169530797945,3447.447376618567,3418.469400169741,3380.3185390896315,3343.8354752152104,3292.759185791021,3161.420155843103,3829.060298126423,3825.455636641373,3791.9449095746886,3763.3240318055095,3733.7489846896647,3690.2767676416465,3499.607967674494,3443.132190429215,3389.8564043769115,3339.958926280108,3293.5654078914054,3211.311195632925
2021-09-07,3796.225467258036,3840.005143907342,3823.5877651638516,3796.2254672580357,3763.390709771056,3708.6661139594244,3467.8778923882433,3433.479575020932,3397.830409749354,3361.347345874933,3312.8978370497007,3185.4989780002215,3790.7530443675764,3801.1190212971583,3783.167327582254,3761.346169769731,3736.6254163695207,3698.0478955125322,3515.9200852831545,3460.316279328083,3407.543691510382,3357.8931377761496,3311.5607170503836,3229.0533144270894
2021-09-07,3752.44579060873,3804.9814025878964,3818.1153055826885,3800.6034349229667,3774.3356289333824,3726.1779846191466,3488.308408157919,3445.988054063591,3412.0588046603784,3376.9134531280192,3331.28530124241,3208.118477602363,3749.7095791635,3770.301385517914,3766.6115023327366,3751.767977804221,3732.323985229506,3699.3751728183943,3528.355312939688,3474.1134923631616,3422.2325901665986,3373.144136743481,3327.1334777407615,3244.7783250417256
2021-09-07,3708.666113959425,3752.44579060873,3801.6979268391988,3796.2254672580357,3777.983935320825,3737.8525650589613,3508.7389239275954,3455.9948372977174,3427.3816914876356,3390.53379697447,3347.9215783691457,3229.2786546495277,3707.2980082368094,3735.1630694486485,3744.0059323277105,3735.971334078021,3721.9489778572924,3695.06408087986,3537.1637725764895,3484.7119893046624,3434.0693631981176,3385.8285845964647,3340.3786918638125,3258.552362182147
2021-09-07,3664.886437310119,3708.6661139594244,3774.335628933383,3783.091564263244,3774.335628933383,3743.689855278869,3524.7914720323406,3467.25246843611,3439.4211025661943,3402.2083774142848,3362.8066684299097,3248.979509141715,3664.2023844488112,3697.144299852703,3716.6950052906222,3715.0868661839827,3706.4347905962954,3685.819415852479,3542.5794492270907,3492.2894766022287,3443.193138684196,3396.0580705140496,3351.3876357560057,3270.439392201893
2021-09-07,3621.1067606608135,3664.8864373101183,3736.0284118652407,3761.201725938591,3763.3907097710567,3743.689855278869,3537.9253750271323,3478.5100995745033,3449.2715298122885,3411.9371944474638,3375.9405714247014,3267.2210410789257,3620.7647342301593,3657.2052279056384,3685.724356117486,3690.0396330617145,3686.572066506328,3672.2578743723575,3544.821232116408,3497.0137881249675,3449.7362579685196,3403.939331971746,3360.248006289595,3280.50128419628
2021-09-07,3577.3270840115074,3621.106760660813,3686.776275634772,3730.5559522840767,3745.149177833846,3737.8525650589613,3548.1406329119704,3489.767730712896,3456.9329732259166,3422.6388931839606,3387.3232873535208,3284.0032504611595,3577.1560707961808,3615.9859543911593,3651.9072563940904,3661.5865011163487,3663.029811253386,3654.919065996088,3544.093888583878,3499.0434336381477,3453.8246067194686,3409.574465685253,3367.0440612437633,3288.7978787650186
2021-09-07,3533.547407362202,3577.3270840115074,3642.996598985466,3691.154243299702,3719.611033121751,3726.1779846191466,3555.4372456868546,3501.025361851289,3462.40543280708,3430.4219468105043,3396.954816216368,3299.3261372884162,3533.4619007545384,3573.9132131650717,3615.8762506871585,3630.346724679357,3636.374106554849,3634.275149085689,3540.588975172847,3498.5281168089673,3455.577929841115,3413.061129382627,3371.856754171023,3295.387054520311
2021-09-07,3489.7677307128965,3533.5474073622017,3599.21692233616,3642.996598985466,3686.7762756347715,3708.6661139594244,3559.8152133517856,3512.2829929896816,3465.6889085557787,3439.177882140365,3404.8351580132435,3313.1897015606964,3489.724977409064,3531.271493464578,3578.1233181041434,3596.826966385581,3607.0839446331165,3610.739262207927,3534.4856899399915,3495.6092244342235,3455.1101310226954,3414.4927348037427,3374.763863974737,3300.324792414352
2021-09-10,3445.988054063591,3489.7677307128965,3555.4372456868546,3599.2169223361607,3646.6449053729084,3685.3169530797945,3565.6525035716927,3519.788080415277,3470.0668762207083,3445.015172360273,3410.964312744146,3325.593943278,3445.9666774116745,3488.2504547811463,3539.031109061953,3561.4417683907996,3575.56462659945,3584.672901608722,3525.9516697770423,3490.4202884886704,3452.5295576759227,3413.958632308476,3375.8401194051635,3303.665237957734
2021-09-10,3402.2083774142848,3445.9880540635904,3511.657569037549,3555.437245686854,3599.21692233616,3656.130501980258,3571.4897937916003,3524.7914720323406,3474.4448438856393,3448.9066991735435,3415.3422804090765,3336.5388624403263,3402.197689088327,3444.9765367757573,3498.897240551515,3524.5303015497416,3542.1590995479933,3556.392376503254,3515.1437362923925,3483.0874225040193,3447.9392719729153,3411.5442874584437,3375.1573186733076,3305.4607613978933
2021-09-10,3358.4287007649796,3402.2083774142848,3467.877892388243,3511.657569037549,3555.4372456868546,3621.106760660813,3577.3270840115074,3527.2931678408722,3478.82281155057,3450.8524625801806,3420.595841606993,3346.0244590476755,3358.4233566020002,3401.5340325557295,3457.953192454662,3486.3700692890015,3507.157549481482,3526.174457454806,3502.2085935713135,3473.729733704665,3441.4373086627593,3407.3314499212756,3372.78444437403,3305.7620159244975
2021-09-10,3314.649024115674,3358.428700764979,3424.0982157389376,3467.8778923882433,3511.6575690375485,3580.245729121461,3578.786406566484,3527.2931678408722,3483.2007792154996,3450.8524625801797,3423.2226222059517,3354.0507331000485,3314.646352034184,3357.9791375259424,3416.3790046794857,3447.1881198667043,3470.8055184022337,3494.261318706251,3487.2834809193814,3462.4597122469795,3433.116920311659,3401.3983150312233,3368.78777390237,3304.6179939664535
2021-09-10,3270.8693474663683,3314.649024115673,3380.318539089632,3424.098215738938,3467.8778923882433,3533.5474073622017,3577.3270840115074,3524.7914720323406,3487.578746880431,3448.9066991735435,3426.724996337896,3360.6176845974446,3270.868011425623,3314.3493152896494,3374.3147082656137,3407.1702200394966,3433.3107726198996,3460.8648627201023,3470.4967834934255,3449.3835988342043,3423.0668105801496,3393.819678325394,3363.230985539815,3302.0760816431102
2021-09-12,3270.8693474663683,3297.137153455951,3352.956241183816,3393.4524420844236,3435.043134901264,3498.5236660427568,3577.3270840115074,3527.2931678408722,3491.956714545361,3450.8524625801797,3430.22737046984,3367.9142973723287,3292.7585177706483,3314.449218231657,3361.0556673434053,3390.348184416983,3415.0551190038645,3442.5878828945483,3460.442089340022,3441.898344683174,3417.7781380696547,3390.377475968073,3361.3258105799405,3302.488309279112
2021-09-12,3300.055798565905,3297.137153455951,3336.5388624403263,3371.562603759771,3409.504990189169,3469.3372149432203,3577.3270840115074,3532.296559457936,3496.3346822102917,3454.7439893934516,3433.7297446017847,3375.2109101472133,3325.593609267814,3329.109045742765,3360.4718969926444,3384.5446419348004,3406.3433623517285,3432.067985128352,3453.8605803996966,3437.2611422432733,3414.8830435669706,3388.9883987851854,3361.2121984302157,3304.322420535403
2021-09-12,3358.4287007649796,3314.649024115674,3331.066402859163,3358.428700764979,3391.263458251958,3445.9880540635904,3577.3270840115074,3539.8016468835312,3500.7126498752223,3460.581279613359,3437.2321187337297,3382.507522922097,3363.9009933410493,3353.475489633272,3369.746670419676,3387.7562302037977,3405.707210822891,3428.3355341640936,3450.528180207089,3435.3137664194405,3414.264767169275,3389.5631804647687,3362.8198917253167,3307.53179627238
2021-09-13,3358.4287007649796,3323.4049594455346,3320.1214836968365,3340.916830105257,3369.3736199273058,3419.720248074007,3572.949116346577,3542.303342692063,3501.8071417914553,3465.4456881299484,3438.1077122667157,3387.615151864516,3339.275008728361,3340.533334460739,3357.5027490187867,3374.4640109150478,3391.6982590217804,3414.1247204080405,3441.761783039901,3428.6101696247856,3409.4054626300485,3386.306043231888,3360.93083809175,3307.765148012092
2021-09-14,3373.0219263147483,3358.428700764979,3325.5939432779996,3336.5388624403263,3358.4287007649787,3402.208377414285,3570.030471236623,3546.0558864048603,3503.9961256239208,3473.2287417564917,3439.8588993326875,3393.4524420844236,3370.741693071323,3361.091682111921,3367.4373331066754,3379.508441187637,3393.315200312935,3412.6351775338208,3439.209950418893,3427.143403390869,3409.0543853024483,3386.9974490659683,3362.5495651255014,3310.861647428461
2021-09-15,3387.6151518645165,3384.696506754562,3342.01132202149,3340.916830105257,3354.7803943775375,3390.53379697447,3567.1118261266697,3549.808430117658,3509.4685852050834,3480.038913679717,3444.2368669976186,3399.2897323043308,3408.364873567457,3389.390472762477,3384.8930488748792,3391.5956435287194,3401.418716274574,3416.8042871000416,3439.6472474282286,3428.1903284282425,3410.8560276810495,3389.5622579791334,3365.82166273382,3315.2920215434074
2021-09-15,3445.988054063591,3410.964312744146,3369.3736199273053,3354.050733100049,3358.4287007649787,3384.6965067545625,3564.1931810167157,3553.5609738304556,3517.130028618712,3486.8490856029425,3450.366021728521,3405.1270225242383,3449.0663021401765,3422.8495587459497,3408.1985337277724,3409.445113925842,3415.0108723420085,3425.924717551648,3442.8808269949814,3431.611295221835,3414.7053790484742,3393.9190176635743,3370.682292854791,3321.012536756638
2021-09-15,3489.7677307128965,3437.2321187337293,3407.680836995448,3375.9405714247014,3369.3736199273058,3384.6965067545625,3561.274535906762,3557.313517543253,3526.9804558648057,3493.659257526168,3458.2463635253957,3413.153296576611,3491.3068547511893,3459.7488416180336,3436.053838979868,3432.009167277907,3433.247262345115,3439.377553777967,3448.730283792867,3437.274412562967,3420.5025511613644,3399.9898172161747,3377.069160095607,3327.9808933566715
2021-09-15,3533.547407362202,3489.7677307128965,3440.5155944824273,3406.5863450792153,3387.615151864516,3390.53379697447,3558.355890796808,3561.066061256051,3535.736391194667,3500.469429449393,3467.8778923882433,3420.4499093514955,3534.3169693813484,3498.9415890825244,3467.447893431344,3458.430606684016,3455.413388755329,3456.6212450571593,3457.0268515489083,3445.0551165323313,3428.1525283735978,3407.7001331643887,3384.9224120200583,3336.1561785080703
2021-09-17,3533.547407362202,3507.2796013726183,3456.9329732259166,3432.8541510687987,3402.2083774142848,3393.4524420844236,3551.059278021924,3561.066061256051,3541.208850775831,3504.3609562626643,3476.6338277181044,3427.746522126379,3512.0423500471225,3495.8836362926486,3472.4078572716894,3464.1282655983578,3460.6986721334165,3460.764555764126,3459.1391663336817,3447.5391506534743,3431.1581479999168,3411.2682895798025,3389.0339931483763,3341.192622968915
2021-09-17,3504.360956262665,3507.2796013726183,3462.40543280708,3445.9880540635904,3416.8016029640535,3396.371087194377,3540.844020137086,3558.5643654475193,3544.4923265245284,3509.225364779254,3482.7629824490073,3432.854151068799,3479.0152020553564,3479.2517755496287,3466.5367898921127,3460.830045319309,3458.4355001226736,3458.9174930515587,3458.2907074775467,3447.452978620703,3431.8815580518058,3412.7778445574645,3391.2674857349098,3344.6285388258234
2021-09-17,3445.988054063591,3489.7677307128965,3473.3503519694063,3450.3660217285214,3431.3948285138217,3399.289732304331,3527.710117142294,3553.5609738304556,3545.5868184407614,3514.0897732958438,3487.140950113938,3436.502457456241,3440.6117897348204,3453.570642837847,3452.2415871192625,3450.171560245669,3449.7851735521526,3451.828853596899,3454.6724926347556,3444.9393896647903,3430.4340858255796,3412.31830250773,3391.6965403108707,3346.5164024303754
2021-09-19,3402.2083774142848,3454.743989393451,3467.877892388243,3445.9880540635904,3435.043134901264,3402.2083774142843,3511.6575690375485,3546.0558864048608,3544.492326524528,3518.9541818124335,3489.7677307128965,3438.691441288706,3399.5202452498997,3421.8566621468913,3431.3942790405335,3433.491040340089,3435.7303315848953,3440.153834492909,3448.463215739931,3440.133240281467,3426.921628017734,3409.975276344852,3390.3919191513337,3346.906969597747
2021-09-20,3358.4287007649796,3402.2083774142848,3451.4605136447535,3445.9880540635904,3431.3948285138217,3405.1270225242383,3492.68637582285,3536.0491031707334,3541.208850775831,3520.8999452190687,3490.643324245882,3439.4211025661943,3357.0846346827866,3386.1207828031525,3405.450889057232,3411.8834010265587,3417.102438128092,3424.4657331957546,3439.830042086753,3433.161894938922,3421.4449156322494,3405.83065668246,3387.4216095401785,3345.849332017753
2021-09-20,3314.649024115674,3358.428700764979,3424.0982157389376,3432.8541510687987,3420.4499093514955,3408.0456676341923,3470.796537498197,3523.540624128075,3535.7363911946677,3520.8999452190687,3489.767730712896,3438.6914412887063,3313.976991074577,3347.703637690891,3375.5438798148184,3386.244482197433,3394.60503956475,3405.266184979581,3428.929352111244,3424.1456423015575,3414.0997659655986,3399.9627736727207,3382.8509325932782,3343.39097181636
2021-09-20,3270.8693474663683,3314.649024115673,3385.790998670795,3410.964312744146,3413.153296576611,3402.208377414285,3450.366021728521,3508.5304492768846,3528.0749477810386,3518.9541818124335,3489.767730712896,3438.691441288706,3270.5333309458197,3307.4989820662813,3342.554055593095,3357.3072437646383,3368.833444372798,3382.994120709266,3415.907437189039,3413.1980883301962,3404.9773222997896,3392.446551809009,3376.742647814107,3339.5778143282832
2021-09-20,3227.089670817062,3270.869347466368,3336.5388624403263,3380.3185390896315,3394.9117646394006,3390.5337969744696,3429.9355059588456,3491.018578617162,3518.224520534945,3515.062654999161,3489.767730712896,3438.6914412887063,3226.921662556788,3266.102652766773,3307.166486387465,3325.6713802015693,3340.2913751104843,3358.0336048915774,3400.901150542504,3400.426527543393,3394.164281903075,3383.353657998032,3369.1570535491305,3334.4542791393415
2021-09-20,3183.309994167757,3227.089670817062,3292.759185791021,3340.916830105257,3369.3736199273058,3373.0219263147474,3409.5049901891693,3471.005012148908,3506.1851094563854,3509.225364779254,3489.767730712896,3438.6914412887063,3183.2259900376193,3223.911874350666,3269.9140044165733,3291.8275506228206,3309.4050585578643,3330.7206939699367,3384.0385161538557,3385.932293653118,3381.7431129086704,3372.7526431940278,3360.1520835037677,3328.063329455289
2021-09-20,3139.5303175184513,3183.3099941677565,3248.979509141715,3292.7591857910206,3336.5388624403263,3358.428700764979,3389.0744744194935,3448.489749872122,3491.956714545361,3501.442311152711,3487.140950113938,3438.6914412887063,3139.4883154533823,3181.1914631901586,3231.211034739367,3256.1772033948796,3276.5351481442153,3301.3494373323374,3365.439298393552,3369.811090720674,3367.7922606140237,3360.709077874963,3349.7833994734106,3320.4465198519943
2021-09-20,3095.7506408691456,3139.530317518451,3205.1998324924093,3248.979509141715,3296.407492178463,3335.0795398853493,3368.6439586498173,3423.4727917868045,3475.5393358018714,3491.713494119532,3482.7629824490073,3438.691441288706,3095.7296398366107,3138.117963533385,3191.37990795725,3219.0487962721454,3241.9868121558497,3270.177128193275,3345.215534898473,3352.1533059150715,3352.38634371671,3347.285681628458,3338.1044804379394,3311.6440424600396
2021-09-20,3051.9709642198395,3095.750640869145,3161.420155843103,3205.1998324924093,3248.979509141715,3305.893088785813,3348.2134428801414,3399.706681605753,3456.9329732259166,3480.0389136797166,3476.633827718104,3436.502457456241,3051.9604637035723,3094.809071545768,3150.6713256490907,3180.7110674173073,3206.018269911955,3237.4288981154327,3323.472035070864,3333.0443048959296,3335.5963409778337,3332.542447103538,3325.1667081623295,3301.694771635071
2021-09-20,3008.1912875705343,3051.9709642198395,3117.640479193798,3161.4201558431037,3205.1998324924093,3270.869347466368,3327.7829271104647,3375.9405714247014,3436.1376268174963,3466.418569833266,3468.7534859212296,3432.854151068799,3008.1860373124,3051.3432513375883,3109.280277931788,3141.3838935089293,3168.8480146826123,3203.301737216157,3300.3068464160488,3312.564710786223,3317.4897687799116,3316.5367585731847,3311.0194494403736,3290.636307163547
2021-09-21,2964.4116109212287,3008.191287570534,3073.8608025444923,3117.640479193798,3161.4201558431037,3230.0083159270157,3307.3524113407893,3352.1744612436496,3413.1532965766114,3450.8524625801797,3459.121957058382,3427.7465221263797,2964.4089857921613,3007.7728123156994,3067.358423785152,3101.2471736476555,3130.66092538866,3167.9680118481274,3275.811690793847,3290.7906676465386,3298.1308500233845,3299.3235053419876,3295.7101351131605,3278.505016051899
2021-09-21,2920.631934271923,2964.411610921228,3030.0811258951867,3073.860802544493,3117.640479193798,3183.3099941677565,3286.921895571113,3328.408351062598,3387.9799825032605,3433.3405919204583,3447.7392411295627,3421.179570628984,2920.630621707389,2964.132627418005,3025.023720193478,3060.4480980067397,3091.6134380400376,3131.5785425699387,3250.0723725247353,3267.7940893118753,3277.580674784282,3280.9551902230314,3279.2843359887906,3265.3360729455626
2021-09-21,2876.852257622617,2920.6319342719225,2986.301449245881,3030.0811258951862,3073.860802544492,3139.530317518451,3266.4913798014372,3304.6422408815465,3360.617684597445,3413.8829578540995,3434.605338134771,3413.153296576611,2876.85160134035,2920.445945269774,2982.3679114778856,3019.1070949097525,3051.8379215682335,3094.2652973703603,3223.169160166579,3243.6428944041763,3255.897353134926,3261.4820332983986,3261.785835784844,3251.163499222787
2021-09-21,2833.0725809733117,2876.852257622617,2942.521772596576,2986.301449245881,3030.0811258951867,3095.7506408691456,3246.060864031761,3280.876130700495,3334.349878607861,3392.4795603811062,3419.7202480740066,3405.856683801727,2833.0722528321776,2876.7282649545177,2939.4623543325793,2977.3226966214347,3011.446380453737,3056.1437482395663,3195.1771436606064,3218.4012282886106,3233.1361605099623,3240.952071168339,3243.256701210365,3236.0202008066854
2021-09-22,2833.0725809733117,2859.340386962895,2915.1594746907595,2955.655675591367,2997.246368408207,3060.7268995497006,3230.0083159270157,3260.862564232241,3311.3655483669754,3372.04904461143,3405.7107515462294,3400.7490548593078,2854.9622552273972,2876.769595843884,2925.5489995081434,2959.055344076195,2990.7395923258728,3033.7323119124476,3174.6400542388005,3199.4262854738326,3215.7564579300624,3225.1216444918937,3228.8878994955376,3224.2442025020014
2021-09-22,2862.2590320728486,2859.3403869628946,2898.7420959472697,2933.7658372667142,2971.7082236961123,3031.5404484501637,3216.874412932224,3243.3506935725186,3290.570201958555,3351.6185288417537,3391.7012550184513,3397.1007484718657,2887.7970947496597,2891.390375319897,2924.456318344539,2952.069269566327,2979.953798779111,3019.5947647073817,3158.252433595776,3183.937710407059,3201.360139702813,3211.8829614384154,3216.7994302666334,3214.289701767344
2021-09-22,2920.631934271923,2876.852257622617,2893.269636366106,2920.6319342719225,2953.466691758902,3008.1912875705334,3206.6591550473863,3228.3405187213284,3271.9638393826003,3331.188013072078,3377.691758490674,3392.722780806935,2926.104352835444,2915.730787187007,2933.33527225047,2954.3133316308545,2977.5626929548207,3012.6968704841124,3145.7465740683856,3171.741815991179,3189.801674884181,3201.1233375025467,3206.901868720177,3206.096977368291
2021-09-22,2964.4116109212287,2911.8759989420614,2898.7420959472697,2916.253966606992,2942.5217725965754,2990.679416910811,3199.362542272502,3215.8320396786694,3255.546460639111,3310.7574973024016,3363.682261962896,3388.344813142005,2967.147820202989,2946.550953981516,2949.969942321595,2964.109323619887,2982.274784434161,3012.133672619915,3136.872039455621,3162.655675523365,3180.942631600575,3192.73498750525,3199.10929690774,3199.6082661438695
2021-09-22,3008.1912875705343,2964.4116109212287,2915.1594746907595,2920.6319342719225,2938.8734662091333,2979.0048364709965,3190.6066069426406,3205.8252564445424,3241.318065728087,3293.24562664268,3349.6727654351184,3383.966845477074,3009.559392211414,2981.6909573942903,2972.6368360767606,2980.084167365333,2992.997273631958,3017.1133340699057,3131.3945507307317,3156.5065248953915,3174.6513307527257,3186.6148125796212,3193.3391662122135,3194.7676988074154
2021-09-23,3051.9709642198395,3008.191287570534,2942.5217725965754,2933.7658372667147,2942.5217725965754,2973.16754625109,3181.85067161278,3198.320169018947,3229.278654649527,3277.679519389593,3335.6632689073404,3379.5888778121434,3052.6550165402796,3019.710851885908,2999.9954593639573,3001.114435275117,3008.8054839761403,3026.9429974198106,3129.0949436428878,3153.1311980050446,3170.8025166120583,3182.664196418187,3189.5121652171674,3191.5212378523183
2021-09-23,3095.7506408691456,3051.9709642198395,2980.828989664718,2955.655675591367,2953.466691758902,2973.1675462510893,3173.094736282919,3193.3167774018834,3219.4282274034335,3264.0591755431424,3321.6537723795627,3375.210910147213,3096.092667029365,3059.6506737634227,3031.0032056205114,3026.2809593193597,3028.9169968288033,3041.0164124321404,3129.7681935703436,3152.375593533567,3169.277043485539,3180.7888103790187,3187.5520927578036,3189.816617493652
2021-09-24,3095.7506408691456,3069.482834879562,3013.6637471516974,2973.1675462510893,2960.763304533786,2970.248901141136,3164.3388009530568,3187.062537880554,3208.4833082411074,3249.4659499933737,3305.0174952528264,3368.6439586498173,3074.031815624602,3057.0907705822283,3035.6627075314736,3030.951869301265,3032.4637610428085,3042.3857314056027,3124.749017483214,3146.7975585716936,3163.554795716473,3175.1880344589135,3182.2351857547756,3185.2970878272113
2021-09-24,3066.564189769608,3069.4828348795622,3030.0811258951862,2990.6794169108116,2968.0599173086703,2967.3302560311818,3151.2048979582655,3180.808298359225,3197.5383890787807,3234.8727244436054,3286.630031060118,3360.6176845974446,3041.111551597568,3040.790942911664,3029.557947540154,3026.8135817138595,3028.729534354766,3038.111425926219,3117.2291639404602,3139.0972101827397,3155.976088002028,3167.9273063331566,3175.409934843691,3179.490340214552
2021-09-24,3008.1912875705343,3051.9709642198395,3035.55358547635,3008.191287570534,2975.3565300835544,2964.4116109212277,3135.15234985352,3170.8015151250975,3186.5934699164545,3220.2794988938367,3269.1181604003955,3351.132087990095,3002.761581259398,3015.3311655815182,3015.08098384706,3015.467768842472,3018.8344692111446,3028.898949050595,3107.3699669714774,3129.3924546682106,3146.6314793639303,3159.078797836782,3167.13549076609,3172.4385785240725
2021-09-26,3008.1912875705343,3043.2150288899784,3046.4985046386764,3025.703158230256,2993.598062020765,2970.248901141136,3120.5591243037516,3162.0455797952363,3178.932026502826,3208.604918454022,3254.2330703396315,3342.3761526602334,3027.3662727396186,3027.5444317942915,3023.2787572632337,3022.1047134565392,3023.9323915201744,3031.7829509467506,3103.795837761694,3125.0912607544124,3142.0138932593354,3154.4219355055084,3162.61923482194,3168.4888206377777
2021-09-27,2993.598062020765,3008.191287570534,3041.0260450575133,3030.0811258951867,3008.1912875705334,2973.1675462510893,3101.5879310890527,3149.5371007525778,3170.176091172965,3195.9574563108895,3238.472386745882,3331.4312334979068,2995.8889418304234,3006.5001581699375,3010.197169187233,3011.615058450119,3014.7753483511055,3023.3615334435603,3094.8033069977932,3116.164613541457,3133.3503672916145,3146.1606170451482,3154.846386823917,3161.797764515541
2021-09-28,2979.004836470997,2981.9234815809505,3024.6086663140236,3025.703158230256,3011.8395939579755,2976.086191361043,3079.6980927644004,3138.279469614185,3161.4201558431037,3183.3099941677565,3222.7117031521316,3319.026991780604,2958.260438051173,2977.877416870599,2990.293783650498,2995.0726722359013,3000.2917461850775,3010.5203335471056,3083.5664442412854,3105.3016869153716,3122.973858363815,3136.3550221417663,3145.661506329505,3153.8906880387226
2021-09-28,2920.631934271923,2955.655675591367,2997.2463684082077,3012.5692552354644,3008.1912875705334,2979.0048364709965,3059.2675769947236,3123.2692947629944,3152.664220513242,3170.6625320246235,3206.9510195583816,3305.1634275083243,2917.556347836895,2944.202363787938,2965.084555644303,2973.5780513971226,2981.3010556370064,2993.8118240565445,3070.230045104597,3092.610051954663,3110.967926620331,3125.072293249412,3135.119967162128,3144.807460728203
2021-09-28,2876.852257622617,2929.387869601784,2958.939151340065,2990.6794169108116,2997.246368408207,2981.92348158095,3038.837061225048,3105.757424103272,3140.6248094346834,3158.015069881491,3191.1903359646317,3289.8405406810666,2875.314464405103,2907.159102849729,2935.748561272972,2948.0316022291568,2958.496674919515,2973.7194186711404,3054.92956354774,3078.1913035668103,3097.4120561009527,3112.376653584999,3123.2749716227204,3134.586644907372
2021-09-30,2876.852257622617,2903.1200636122003,2942.5217725965754,2973.1675462510893,2989.949755633323,2984.842126690904,3022.784513120302,3089.4964013478157,3129.6798902723567,3148.2862528483124,3178.0564329698395,3275.2473151312984,2897.973199338513,2911.650046657127,2932.389310828295,2943.049844418751,2952.6713302045005,2967.0834831212383,3046.265200368655,3069.4380052726497,3088.7886355239198,3104.0399266581962,3115.3281858425876,3127.5717363014305
2021-09-30,2906.0387087221548,2903.1200636122003,2937.049313015412,2955.655675591367,2982.6531428584385,2987.760771800858,3009.6506101255113,3073.2353785923597,3118.7349711100305,3140.503199221768,3166.67371704102,3260.6540895815297,2931.1924051298706,2929.2372347451605,2939.5053775156134,2946.9338019646557,2954.4775272378433,2966.7494990962373,3040.9843236301112,3063.6032055864594,3082.7214635920764,3097.9691303217037,3109.409888785653,3122.2222239492467
2021-10-01,2964.4116109212287,2920.6319342719225,2942.5217725965754,2951.2777079264365,2975.3565300835544,2990.6794169108116,2999.4353522406727,3056.9743558369028,3111.073527696402,3134.665909001861,3157.0421881781735,3246.060864031761,2969.6918463502025,2955.5552523536185,2954.7689130833737,2958.0715266202697,2962.741182673642,2971.9297226555245,3038.868643884332,3060.524765696686,3079.0858452495595,3094.0657458541987,3105.440531874486,3118.483504693542
2021-10-01,3008.1912875705343,2955.655675591367,2942.5217725965754,2955.655675591367,2968.0599173086703,2993.598062020765,2992.1387394657886,3044.465876794244,3102.3175923665412,3130.7743821885897,3149.161846381298,3231.4676384819927,3010.831405285021,2987.6938229756925,2976.3693688914773,2975.1441516383734,2976.468841373057,2981.934877851064,3039.713954873719,3060.049554503528,3077.763168126158,3092.235537957025,3103.3436860837173,3116.3027656445947
2021-10-01,3051.9709642198395,3008.191287570534,2958.9391513400647,2968.789578586159,2971.708223696113,2996.516707130719,2987.760771800858,3034.4590935601173,3093.5616570366797,3125.909973672001,3143.0326916503955,3219.063396764689,3053.291023077083,3023.7127622735097,3002.89854044207,2997.0726042257866,2994.8198874493783,2996.161848228324,3043.3292249379406,3062.032948190507,3078.640605820938,3092.3883685184237,3103.045919604661,3115.628925482935
2021-10-01,3095.7506408691456,3051.9709642198395,2986.301449245881,2977.5455139160194,2982.653142858439,2999.4353522406727,2986.301449245881,3026.954006134522,3084.805721706819,3121.045565155411,3138.6547239854644,3208.1184776023633,3096.410670297767,3062.3186140218236,3033.261157570155,3022.9740066426343,3017.0830305369277,3014.0829068895896,3049.535747039909,3066.338357597615,3081.6108356598434,3094.4380184749753,3104.476680307409,3116.412577686543
2021-10-01,3139.5303175184513,3095.750640869145,3024.608666314023,2999.4353522406727,3000.89467479565,3002.3539973506267,2987.7607718008576,3021.9506145174587,3076.049786376958,3116.181156638821,3136.0279433865066,3198.6328809950137,3139.8603322327617,3102.649074070468,3066.605343480733,3052.126004374475,3042.656409557055,3035.2362927993604,3058.1663436288027,3072.836781851512,3086.5717702212078,3098.3020174181916,3107.5681828122474,3118.605935619451
2021-10-01,3183.309994167757,3139.5303175184504,3073.860802544492,3030.0811258951867,3015.4879003454184,3014.0285777904414,2992.138739465788,3019.448918708927,3067.2938510470967,3114.2353932321853,3135.1523498535203,3190.6066069426406,3183.475001524912,3144.1292729859997,3102.2685273332513,3083.9375800913094,3071.03075744321,3059.217965051573,3069.064622802239,3081.406386794043,3093.4263019575947,3103.9014806095197,3112.255299989651,3122.16277942072
2021-10-01,3227.089670817062,3183.3099941677565,3117.640479193798,3069.482834879562,3041.0260450575133,3031.5404484501637,2999.4353522406727,3019.4489187089266,3061.821391465933,3111.3167481222313,3136.0279433865066,3184.039655445245,3227.17217449564,3186.3759644794554,3139.735376251722,3117.9251741595017,3101.7751559083113,3085.6743878534226,3082.084282457989,3091.932106831395,3102.0820602751005,3111.1609530816463,3118.475458715178,3127.03840463476
2021-10-02,3270.8693474663683,3227.089670817062,3161.4201558431037,3117.640479193798,3073.8608025444923,3054.8896093297935,3009.6506101255104,3021.9506145174582,3058.537915717235,3108.3981030122777,3136.0279433865066,3178.932026502826,3270.9105993056564,3229.1336510248616,3178.605075777045,3153.6931468788052,3134.5249817863673,3114.296217386204,3097.0884593391297,3104.3052689027436,3112.451180462451,3120.008260518013,3126.1685397124043,3133.1895725259037
2021-10-02,3314.649024115674,3270.869347466368,3205.1998324924093,3161.4201558431037,3113.992172806356,3075.3201250994694,3022.7845131203026,3026.954006134522,3057.4434238010026,3105.479457902324,3136.0279433865066,3175.2837201153834,3314.6696500353178,3272.2320009382343,3218.5658813299196,3190.917793039928,3168.971707783077,3144.812777808551,3113.9491200762814,3118.4232373395344,3124.4500838918484,3130.374366615825,3135.276781323593,3140.574462022013
2021-10-03,3358.4287007649796,3314.649024115673,3248.979509141715,3205.199832492409,3161.4201558431037,3104.5065761990063,3038.8370612250483,3034.4590935601173,3058.537915717235,3102.5608127923706,3136.0279433865057,3173.0947362829183,3358.439013724801,3315.5574597635846,3259.3753249042234,3229.3342629261747,3204.854272341724,3176.9872277592676,3132.546491517443,3134.189078454798,3137.9992689417295,3142.1932366506685,3145.744687054056,3149.1526232337005
2021-10-05,3402.2083774142848,3358.428700764979,3292.7591857910206,3248.9795091417154,3205.1998324924098,3139.5303175184513,3057.808254439747,3044.465876794244,3061.821391465933,3099.6421676824166,3138.6547239854644,3172.36507500543,3402.2135338941957,3359.0343245302533,3300.844820272972,3268.725861314796,3241.9517772220115,3210.6123310473076,3152.768527810743,3151.511243766398,3153.0231121184124,3155.4017069731067,3157.518936742236,3158.8849324975154
2021-10-05,3445.988054063591,3402.2083774142848,3336.5388624403263,3292.7591857910206,3248.9795091417145,3180.391349057803,3079.6980927643995,3056.9743558369028,3067.2938510470963,3099.6421676824166,3140.405911051437,3173.094736282919,3445.9906323035457,3402.612126591134,3342.827689259622,3308.91529211445,3280.0773085283013,3245.5067560055063,3174.5104118689464,3170.3032708189817,3169.4496788791257,3169.9393601793286,3170.5483012133013,3169.7335488931217
2021-10-06,3489.7677307128965,3445.9880540635904,3380.3185390896324,3336.5388624403263,3292.7591857910206,3227.089670817062,3104.5065761990063,3071.9845306880934,3074.955294460725,3101.5879310890527,3142.157098117409,3175.283720115384,3489.7690198328737,3446.2572201814896,3385.2098488379734,3349.757494886768,3319.072708348902,3281.5118374250933,3197.6740889975435,3190.4835006269386,3187.2105436831853,3185.7484057091683,3184.783560279673,3181.6618721861432
2021-10-06,3533.547407362202,3489.7677307128956,3424.098215738938,3380.3185390896324,3336.5388624403263,3270.869347466368,3127.855737078636,3089.4964013478157,3084.805721706819,3105.479457902324,3143.9082851833814,3178.932026502826,3533.5480519221906,3489.9471747914954,3427.902567765426,3391.133783818539,3358.8041507585335,3318.488743248395,3222.1678306113477,3211.97481081497,3206.24061882116,3202.7735656355117,3200.177423957207,3194.634502149932
2021-10-10,3533.547407362202,3507.2796013726183,3451.4605136447535,3410.964312744146,3369.3736199273058,3305.8930887858123,3146.826930293335,3105.757424103272,3093.5616570366797,3108.3981030122777,3143.0326916503955,3181.8506716127795,3511.6578913175435,3489.8873600986285,3441.6503817537528,3409.0672287084226,3378.952393828436,3339.898616681458,3239.4323402953187,3227.4077508092996,3220.0712096451516,3215.2515728128974,3211.5339065763355,3204.3110014960475
2021-10-10,3504.360956262665,3507.2796013726183,3467.8778923882433,3432.8541510687987,3394.9117646394006,3335.0795398853497,3162.8794783980807,3122.0184468587286,3102.3175923665412,3111.3167481222313,3140.4059110514368,3184.7693167227335,3478.822972690567,3475.254258086949,3442.6143089337165,3415.780106045726,3389.265572326152,3353.1597963542245,3252.7585153771424,3239.551100990094,3231.0915435192255,3225.283593736924,3220.7281868709324,3212.2348393239326
2021-10-11,3489.7677307128965,3516.0355367024795,3489.767730712896,3459.1219570583826,3424.098215738937,3367.1846360948402,3180.391349057803,3142.032013326983,3114.3570034451,3117.154038342139,3141.2815045844227,3189.876945665152,3506.1851900263846,3494.6853078453664,3462.821664140047,3437.1923426487215,3411.462777716313,3375.7082477302215,3270.8739277632753,3255.8842291218775,3245.8454880969366,3238.6863682424773,3232.99560728361,3222.769677670144
2021-10-13,3518.954181812433,3524.79147203234,3511.657569037549,3485.389763047965,3453.284666838474,3399.2897323043308,3197.903219717525,3164.547275603768,3128.5853983561246,3124.937091968682,3143.9082851833814,3194.254913330083,3541.756137018946,3522.232566567413,3488.2673130003714,3462.6713865328647,3436.9803633001893,3400.9106022653823,3290.645099134129,3273.742165504635,3262.0153220439934,3253.4098776238516,3246.4988024507365,3234.394510718173
2021-10-14,3577.3270840115074,3533.5474073622013,3533.5474073622017,3511.657569037549,3482.4711179380115,3431.394828513822,3215.415090377247,3185.8116899762886,3145.002777099614,3134.6659090018616,3148.2862528483115,3198.6328809950132,3581.4314488398795,3555.190631265213,3517.7871902582474,3491.4778181924917,3465.30750135567,3428.435122064811,3311.965206329399,3293.0401985688673,3279.5319775862827,3269.3966986255746,3261.189310617225,3247.0736009363814
2021-10-14,3621.1067606608135,3568.5711486816463,3555.4372456868546,3537.9253750271323,3511.657569037549,3463.4999247233127,3232.9269610369693,3207.0761043488083,3163.6091396755687,3146.3404894416763,3154.415407579215,3203.010848659944,3623.158943074999,3591.755899946848,3550.4759118253305,3523.00665803206,3496.01195304097,3457.9915364704743,3334.734318005574,3313.6983229433813,3298.329756109402,3286.591904655457,3277.0205704889713,3260.772382515513
2021-10-14,3664.886437310119,3621.106760660813,3577.3270840115074,3564.1931810167152,3540.8440201370863,3495.605020932803,3254.8167993616225,3228.340518721328,3184.404486083989,3159.960833288126,3162.2957493760896,3209.5778001573403,3665.9125285172117,3630.7259712843734,3585.6292900773515,3556.762922746126,3528.727977797656,3489.325858656593,3358.8589500025964,3335.640977999828,3318.3461638094086,3304.942957234012,3293.947846704975,3275.457422951567
2021-10-14,3708.666113959425,3664.8864373101183,3599.2169223361607,3590.4609870062995,3570.0304712366233,3527.710117142294,3279.625282796229,3249.6049330938476,3207.388816324875,3175.526940541213,3171.927278238937,3215.415090377247,3709.179159562971,3671.2992443924923,3622.6996235287693,3592.3416259938726,3563.1461028455137,3522.21585015061,3384.251649396541,3358.7968009225447,3339.5217553606003,3324.399602163471,3311.9281582321187,3291.096385888244
2021-10-15,3752.44579060873,3708.6661139594244,3637.524139404303,3616.7287929958825,3599.2169223361598,3559.815213351785,3307.3524113407893,3270.8693474663673,3232.5621303982252,3193.0388112009355,3183.3099941677565,3221.252380597155,3752.7023134105034,3712.9413186810066,3661.260922135273,3629.4114153146297,3599.0044666012864,3556.467052289038,3410.830605387605,3383.098393496739,3361.7999852092607,3344.9137702111857,3330.9202095679966,3307.657995177676
2021-10-15,3796.225467258036,3752.44579060873,3686.7762756347715,3642.996598985466,3628.4033734356976,3591.9203095612756,3333.6202173303727,3292.1337618388875,3256.6409525553436,3212.496445267294,3196.443897162548,3227.089670817062,3796.3537286589226,3755.2959270897845,3700.9818603068447,3667.7011841496687,3636.0814938791405,3591.9093137413256,3438.519285292104,3408.4821018528837,3385.127066121368,3366.4394821111437,3350.8843246416714,3325.1120001194927
2021-10-18,3796.225467258036,3769.9576612684527,3714.1385735405875,3669.264404975049,3646.6449053729084,3615.269470440906,3359.8880233199557,3309.6456324986098,3277.436298963764,3230.981197630334,3208.702206624354,3230.737977204504,3774.3997596338263,3754.3458815961,3712.418289262819,3683.1092944149527,3653.9836933760002,3611.976373349751,3458.7726082157574,3427.591195672653,3403.0450526817312,3383.2223650893934,3366.6318331121374,3339.1229441207633
2021-10-19,3810.8186928078044,3796.2254672580357,3746.973331027567,3708.6661139594244,3668.5347436975608,3641.537276430489,3390.53379697447,3332.1608947753957,3299.3261372884162,3252.3845951033272,3223.587296685118,3235.115944869435,3807.202451770584,3782.89896903318,3740.7709236282685,3711.6358125044776,3682.60237807313,3640.47996966945,3483.3682556797307,3450.5030816856915,3424.360179082985,3403.0824859076706,3385.195492360333,3355.545311384476
2021-10-20,3825.411918357573,3822.493273247619,3779.8080885145464,3743.689855278869,3701.36950118454,3667.8050824200723,3424.0982157389376,3357.177852860713,3321.215975613069,3275.7337559829575,3240.2235738118534,3241.682896366831,3845.4936361636155,3816.527586207669,3772.5517896123533,3742.935632150327,3713.553523070594,3670.8930760303497,3509.2015824459836,3474.5742894007444,3446.7711372036556,3423.982587414254,3404.748015036039,3372.8646396128047
2021-10-20,3883.7848205566474,3848.7610792372025,3812.642846001525,3778.7135965983134,3741.5008714464034,3694.0728884096557,3460.581279613359,3384.6965067545625,3343.1058139377224,3301.028680269223,3258.611038004562,3249.7091704192035,3886.529066684784,3853.5398898737635,3806.9990579664864,3776.5045167058956,3746.478288322188,3702.9770036773,3536.1927382369495,3499.7404120565893,3470.2244718379184,3445.877453057478,3425.250622181308,3391.051520249299
2021-10-20,3927.5644972059526,3875.0288852267854,3845.477603488505,3813.737337917758,3777.983935320825,3720.340694399239,3495.6050209328037,3410.964312744146,3364.9956522623747,3325.3507228521703,3278.7496892632425,3259.194767026553,3928.936620270021,3892.807984534262,3843.520194830658,3811.9299089148703,3781.0730399426598,3736.5228999495453,3564.2670244058722,3525.9406210454044,3494.6693353509636,3468.7238322227054,3446.666055581642,3410.077508952493
2021-10-20,3971.3441738552588,3927.5644972059526,3878.312360975484,3848.761079237202,3814.466999195247,3755.364435718684,3530.628762252248,3440.9846624465267,3386.8854905870276,3349.672765435118,3300.639527587896,3270.1396861888793,3972.0302353872926,3933.579939857696,3881.654340535971,3848.874261931179,3817.0808569521832,3771.348018768923,3593.3545615735297,3553.117467126469,3520.0573604804113,3492.480354756805,3468.9585181289945,3429.9150939823007
2021-10-20,4015.1238505045644,3971.3441738552583,3911.147118462463,3883.784820556647,3850.950063069668,3796.2254672580357,3565.6525035716923,3473.5067079574396,3412.0588046603784,3373.994808018065,3324.280552978521,3282.543927906183,4015.4668812705813,3975.3544689564205,3921.0430486732826,3887.0614010625773,3854.2843446755196,3807.2924573170417,3623.389978707745,3581.2166926835466,3546.342539342536,3517.1074492089565,3492.0936165234784,3450.537665622918
2021-10-20,4058.90352715387,4015.1238505045635,3943.9818759494424,3918.8085618760915,3887.4331269440886,3834.1678536874338,3600.6762448911372,3508.5304492768846,3439.421102566195,3398.3168506010134,3349.672765435118,3296.4074921784627,4059.0750425368783,4017.7973805720053,3961.4075275910373,3926.2653651972314,3892.499553772082,3844.2163006278083,3654.3121222622885,3610.1870544124145,3573.4811083406203,3542.5672646262,3516.038306222066,3471.9194866082557
2021-10-20,4102.683203803175,4058.9035271538696,3993.234012179911,3953.832303195536,3923.9161908185106,3872.110240116832,3635.6999862105813,3546.0558864048608,3468.9723843044753,3422.6388931839606,3376.8161649576873,3311.73037900572,4102.768961494679,4060.685880532164,4002.5309393380253,3966.3012770618225,3931.570834799835,3881.9971231058926,3686.063784081011,3639.9801558590852,3601.431438687545,3568.823595749184,3540.7608385461604,3494.0356635170288
2021-10-21,4102.683203803175,4076.415397813592,4020.596310085727,3975.7221415201884,3949.454335530605,3901.2966912163693,3666.3457598650953,3578.577931915773,3494.145698377827,3444.0422906569547,3400.457190348312,3326.323604555488,4080.8362443242745,4060.091762739399,4015.0581810748795,3983.138049805831,3951.160479777379,3904.11042361189,3710.1179610534537,3663.253676486573,3623.7471503200522,3590.1314188538154,3561.0801596690844,3512.5559213909355
2021-10-22,4073.4967527036383,4076.415397813592,4037.0136888292163,4001.9899475097727,3967.6958674678167,3924.645852095999,3694.0728884096557,3608.5982816181545,3520.4135043674096,3463.4999247233127,3422.3470286729653,3340.916830105257,4047.9800474144195,4045.1024586611206,4015.072774281476,3988.953649932873,3961.000998350792,3917.9871019734746,3729.79576037288,3682.8020194875726,3642.8386966705184,3608.609350664783,3578.8857946046955,3529.0335584538648
2021-10-22,4015.1238505045644,4058.9035271538696,4042.48614841038,4015.1238505045644,3978.640786630143,3942.1577227557214,3718.8813718442625,3636.1169355120037,3546.6813103569934,3483.930440492989,3442.485679931646,3355.510055655025,4009.662110634839,4020.5163637258333,4005.355307520095,3985.75192700967,3962.59225612071,3924.6567359586975,3745.379528984646,3698.8321391746663,3658.863354094167,3624.380429933988,3594.2763192819248,3543.5355458805166
2021-10-23,4015.1238505045644,4050.147591824008,4053.4310675727065,4032.635721164286,4004.1789313422373,3962.5882385253967,3745.1491778338454,3664.8864373101187,3576.2325920952744,3507.279601372618,3463.4999247233127,3372.2922650372593,4034.282818894354,4033.312084868512,4017.254911883156,3999.052217944979,3977.4093747411957,3941.4375848580944,3765.606883705241,3718.836105173511,3678.377508877569,3643.2727385088274,3612.49699410127,3560.432856783007
2021-10-23,4044.310301604101,4041.3916564941474,4064.3759867350327,4050.147591824009,4026.0687696668906,3983.0187542950734,3771.4169838234293,3693.6559391082337,3607.9728576660214,3532.5745256588834,3484.514169514979,3390.53379697447,4068.4830113487646,4056.4357911800666,4036.2389767542722,4017.8942153737416,3996.682271519962,3961.5932872262297,3787.3537430663982,3740.16094398627,3699.0753476544305,3663.2471065651653,3631.7199827178797,3578.2115567271017
2021-10-23,4102.683203803175,4058.9035271538696,4075.3209058973594,4067.6594624837307,4047.958607991543,4003.449270064749,3797.6847898130127,3722.425440906349,3638.618631320535,3556.896568241831,3505.528414306646,3410.2346514666574,4107.472945900623,4086.444820937538,4060.7331775760968,4041.270336297149,4019.725442124965,3984.7019863795113,3810.5220745106617,3762.733273789948,3720.8991297421426,3684.25648803859,3651.905978708329,3596.8427477112796
2021-10-25,4146.462880452481,4093.927268473314,4086.2658250596855,4085.1713331434535,4069.8484463161963,4032.6357211642858,3823.952595802596,3751.194942704464,3669.264404975049,3584.1372559347324,3526.542659098313,3431.3948285138217,4148.857751501205,4121.04406632562,4089.513039692917,4068.356194625265,4045.9588444290916,4010.3945577197956,3835.020170161702,3786.4837895294945,3743.793931076761,3706.255882345748,3673.01721707756,3616.2984792094926
2021-10-27,4146.462880452481,4120.1950744628975,4080.7933654785224,4089.549300808383,4080.793365478523,4050.147591824009,3845.8424341272485,3776.2119007897813,3696.626702880865,3610.4050619243158,3547.5569038899794,3451.825344283498,4125.77047765219,4114.923778818139,4092.43974282853,4074.597469021249,4054.6856689481815,4021.930638480218,3852.288752977281,3804.0504236558104,3761.300724868295,3723.491852843944,3689.8668636164793,3632.2455193940255
2021-10-27,4117.276429352944,4120.1950744628975,4080.7933654785224,4085.1713331434535,4084.441671865965,4061.8221722638236,3864.813627341948,3798.7271630665678,3721.8000169542165,3636.6728679139,3568.571148681646,3472.2558600531743,4092.3370024030296,4096.250361596715,4084.9872504563837,4071.7440250453615,4055.334570210595,4026.5522495644245,3865.6187384080285,3818.2089294057023,3775.817934735886,3738.074969118327,3704.338889638098,3646.2343065624723
2021-10-27,4058.90352715387,4102.683203803175,4080.793365478522,4072.0374301486613,4080.7933654785224,4067.6594624837307,3880.8661754466934,3818.7407295348216,3744.784347195101,3662.9406739034825,3589.585393473313,3492.6863758228496,4053.730426453797,4069.208191232665,4069.462050467091,4061.449447856126,4049.148305640437,4025.1236996819416,3875.2642295110304,3829.1486472445285,3787.4913940416764,3750.1205726568887,3716.526535162714,3658.329045732182
2021-10-27,4015.1238505045644,4067.6594624837307,4080.7933654785224,4063.2814948188,4069.8484463161963,4067.6594624837307,3894.000078441485,3836.252600194544,3765.5796936035213,3686.2898347831124,3607.9728576660214,3510.9279077600604,4012.5373001545277,4036.5868521068624,4047.6580778866846,4045.066670765059,4037.1784392119475,4018.401258953606,3881.4629355977545,3837.0483987229027,3796.4598223252665,3759.7389901003194,3726.51938373924,3668.5918368379366
2021-10-28,4015.1238505045644,4041.3916564941474,4080.793365478522,4067.6594624837307,4062.551833541312,4070.5781075936843,3912.971271656184,3855.015318758532,3787.4695319281745,3710.6118773660605,3629.862695990674,3529.89910097476,4035.7204136541986,4044.0257437891983,4050.157066612726,4047.582462835752,4040.520760433782,4023.464042478639,3892.910715698149,3849.3736836357343,3809.2619542681264,3772.746143885286,3739.554056030445,3681.3889414622818
2021-10-28,4044.310301604101,4041.3916564941474,4080.793365478523,4080.793365478522,4066.200139928754,4073.496752703638,3934.861109980837,3873.7780373225196,3809.359370252827,3734.9339199490078,3653.503721381299,3548.870294189459,4069.201808728687,4063.5782304605236,4061.829541543937,4057.6007793752838,4050.0842132598427,4033.366437644206,3906.4444246081507,3863.446434756148,3823.5751859527636,3787.0912334469645,3753.794414767087,3695.2018681212794
2021-10-28,4102.683203803175,4058.9035271538696,4080.7933654785224,4089.549300808384,4077.1450590910804,4076.4153978135923,3955.2916257505126,3892.540755886508,3831.24920857748,3759.2559625319554,3678.8959338378963,3567.8414874041578,4107.832344590584,4091.206447124509,4080.636950190281,4073.757525025683,4064.911700520249,4047.5034929952403,3921.9294862755273,3879.1695706281666,3839.325805196654,3802.7160876646285,3769.193178127773,3709.997311174298
2021-10-28,4146.462880452481,4093.927268473314,4080.7933654785224,4098.305236138245,4095.386591028291,4079.334042923546,3975.722141520189,3911.303474450496,3853.139046902133,3783.5780051149027,3706.0393333604666,3586.812680618857,4149.0374508461855,4124.218483783602,4104.9937517261715,4094.9366217667925,4084.193370763562,4065.3458760085587,3939.2400069739956,3896.4514032100337,3856.443695533491,3819.565064596712,3785.704918480184,3725.743056968934
2021-10-28,4190.242557101787,4146.462880452481,4097.210744222012,4107.061171468105,4109.979816578059,4091.008623363361,3996.152657289865,3930.0661930144847,3875.0288852267854,3807.90004769785,3732.3071393500495,3605.7838738335563,4191.529842298639,4160.819733772765,4133.66674773171,4120.224914854847,4107.243965069336,4086.4304207263754,3958.2582151531633,3915.205338240093,3874.8621608124,3837.5849415165026,3803.2859896677783,3742.407948038122
2021-10-28,4234.022233751092,4190.242557101787,4124.573042127828,4115.8171067979665,4124.573042127828,4108.520494023082,4016.5831730595405,3952.58145529127,3896.9187235514387,3832.2220902807985,3758.574945339633,3624.755067048255,4234.665876349518,4199.813792648642,4165.696783880307,4148.875277681311,4133.483648966422,4110.351856935628,3978.8739374271786,3935.3495922489988,3894.5177583532795,3856.724809728881,3821.894457147997,3759.961848471103
2021-10-29,4277.801910400398,4234.022233751092,4162.880259195971,4137.70694512262,4139.166267677597,4131.869654902713,4037.013688829217,3977.5984133765874,3918.8085618760915,3856.5441328637457,3784.842751329216,3645.9152440954194,4278.12373169961,4240.403057448996,4200.337851251284,4180.2764248392,4162.421793286927,4136.755573199888,4000.9841083705674,3956.8069252934824,3915.3501402409115,3876.9359739602564,3841.4900308701467,3778.375610419777
2021-10-29,4321.581587049704,4277.801910400398,4212.132395426439,4168.352718777134,4153.759493227365,4152.300170672389,4057.4442045988926,4001.364523557639,3940.698400200745,3880.8661754466934,3811.1105573187997,3668.534743697561,4321.74249769931,4282.055792865667,4237.009720684112,4213.928213722802,4193.6432502734015,4165.331284512278,4024.492311940144,3979.5043885382343,3937.3019023608203,3898.1718561228467,3862.0340007855225,3797.621041703204
2021-10-29,4365.361263699009,4321.581587049704,4255.9120720757455,4207.754427761509,4179.29763793946,4172.730686442064,4077.874720368569,4025.130633738691,3962.588238525397,3905.1882180296407,3837.378363308383,3692.6135658546787,4365.441719023813,4324.417508693216,4275.261102831713,4249.4214367456225,4226.796741054158,4195.8074914917825,4049.3083524826066,4003.3730858610165,3960.3184407992353,3920.38790326312,3883.4891748865443,3817.6708744742527
2021-10-31,4365.36126369901,4339.093457709426,4283.274369981561,4242.778169080953,4201.187476264113,4184.4052668818795,4093.927268473314,4045.1442002069452,3981.194601101352,3926.591615502635,3861.0193886990082,3713.773742901844,4343.511653036758,4323.472201478712,4285.554543769044,4262.541464073637,4241.379025053472,4211.529253436523,4066.8743676159675,4021.0513359270544,3977.941033299259,3937.8311069060414,3900.6692694815783,3834.1925372044284
2021-11-02,4379.954489248778,4365.361263699009,4316.1091274685405,4277.801910400398,4234.022233751092,4198.998492431648,4115.8171067979665,4066.4086145794645,4004.178931342238,3948.9678946789463,3885.536007622619,3737.8525650589613,4376.326296692536,4352.028447768579,4313.018187453327,4289.195914305396,4267.188550483448,4236.230714300496,4088.956081985796,4042.611869506013,3998.975175106531,3958.322838794866,3920.60933500621,3853.0433045457644
2021-11-02,4394.547714798547,4391.629069688593,4348.94388495552,4312.825651719842,4274.153604012956,4222.347653311277,4136.247622567643,4087.6730289519846,4029.3522454155877,3971.3441738552583,3910.0526265462304,3763.3907097710567,4414.623456845078,4385.659170844926,4344.107616240949,4318.96404206762,4295.762714562551,4263.316952137637,4112.437664889785,4065.406799922214,4021.1188551987807,3979.8270900211032,3941.484287241616,3872.711413176117
2021-11-02,4452.9206169976205,4417.896875678176,4381.7786424424985,4347.849393039287,4310.636667887377,4251.5341044108145,4156.678138337319,4108.937443324505,4053.4310675727065,3993.72045303157,3934.5692454698415,3790.388177038128,4455.661875246002,4422.672878445593,4378.017100108945,4351.279724172948,4326.676188267839,4292.489869826298,4137.228802228956,4089.367549573586,4044.3179497572273,4002.2998380048643,3963.2574639638424,3893.1700650203597
2021-11-02,4496.700293646926,4444.164681667759,4414.613399929478,4382.8731343587315,4347.119731761799,4286.557845730259,4177.108654106994,4130.201857697025,4077.5098897298244,4016.096732207882,3959.0858643934525,3818.844966860177,4498.070922771117,4461.941909062472,4414.119960150565,4385.679768922636,4359.569077810668,4323.48863238504,4163.245006620393,4114.429350724844,4068.5209751493753,4025.6989741914754,3985.893640683209,3914.393340628789
2021-11-02,4540.479970296232,4496.700293646926,4447.448157416457,4417.896875678176,4383.6027956362195,4327.418877269611,4197.539169876671,4151.466272069544,4101.588711886942,4038.473011384194,3983.602483317064,3846.572095404737,4541.165284858327,4502.714488356828,4451.928779438337,4421.785201290437,4394.136857677571,4356.085009205101,4190.407241480079,4140.531033848215,4093.678959139432,4049.984220832986,4009.358974262571,3936.356170369729
2021-11-05,4540.479970296233,4514.212164306648,4463.865536159947,4439.786714002829,4409.140940348315,4356.605328369148,4213.591717981416,4172.730686442064,4122.384058295363,4060.8492905605053,4005.492321641717,3872.110240116832,4518.932789252627,4500.709756786861,4461.878004818024,4435.4061271734345,4409.915847826703,4373.6619197603295,4210.16808355536,4160.318214948143,4113.338536432481,4069.406658781441,4028.4703985525034,3954.7281088585764
2021-11-07,4555.073195846001,4540.479970296232,4485.7553744846,4466.054519992413,4438.327391447852,4388.710424578639,4231.103588641138,4193.995100814584,4144.273896620016,4086.1442148467713,4028.2577534993557,3898.3780461064157,4551.596218099083,4528.559720173086,4489.073925290805,4462.470403495635,4436.737970768062,4399.98663565848,4234.303023128919,4183.870516725776,4136.310297920923,4091.7915713103394,4050.266055352614,3975.3684871790488
2021-11-08,4569.666421395769,4566.747776285815,4524.062591552742,4492.322325981995,4467.51384254739,4420.81552078813,4248.6154593008605,4215.259515187105,4166.163734944668,4110.466257429719,4051.0231853569944,3924.645852095999,4589.817770846963,4561.7195879803385,4519.955124913925,4492.573843513673,4466.168948126028,4428.493221650525,4259.705365094464,4208.546561551835,4160.297079661115,4115.106690974908,4072.923830578183,3996.767531018562
2021-11-08,4628.039323594843,4593.015582275399,4556.897349039722,4518.5901319715795,4496.700293646926,4452.9206169976205,4266.127329960584,4236.523929559624,4188.0535732693215,4134.788300012667,4073.788617214633,3950.9136580855825,4630.818385545555,4598.419392068275,4553.702652765087,4525.163872010123,4497.807417682662,4458.908943974728,4286.293341555734,4234.2839192569645,4185.249368470045,4139.311573986639,4096.409915663505,4018.900366097749
2021-11-08,4671.819000244149,4619.283388264982,4589.732106526701,4557.991840955954,4525.886744746463,4485.025713207111,4288.017168285236,4257.788343932144,4209.943411593975,4159.1103425956135,4096.554049072272,3977.181464075166,4673.208531219505,4637.479153676668,4589.679547015836,4559.78838198891,4531.313765253553,4490.9951605895685,4313.990459964619,4261.023628014547,4211.120066441919,4164.367534982612,4120.69182786898,4041.742933687392
2021-11-08,4715.5986768934545,4671.819000244149,4622.56686401368,4593.0155822753995,4555.073195846001,4517.1308094166025,4312.825651719842,4279.052758304663,4235.116725667325,4183.432385178561,4121.946261528869,4003.449270064749,4716.293442381133,4678.112220298699,4627.390392910709,4596.077467725974,4566.400624990354,4524.543059708717,4342.725162776112,4288.710001655004,4237.864373129766,4190.237570572208,4145.738358287936,4065.271963869071
2021-11-08,4759.37835354276,4715.5986768934545,4655.4016215006595,4628.039323594843,4595.204566107864,4549.235905626093,4340.552780264403,4300.317172677183,4259.195547824444,4207.754427761509,4149.089661051439,4029.7170760543327,4759.725736286599,4719.794156929821,4666.449867862122,4633.728479083446,4602.824841175233,4559.369931019135,4372.430509061011,4317.290447684841,4265.4396734742695,4216.886286207878,4171.519521892391,4089.4649496725156
2021-11-10,4759.37835354276,4733.110547553177,4671.819000244149,4649.9291619194955,4620.742710819958,4572.585066505722,4362.442618589056,4317.829043336907,4279.990894232863,4229.1578252345025,4172.730686442064,4053.795898211451,4737.6622065900265,4718.395663584365,4677.3718254246405,4648.613969594356,4620.174662054959,4578.8985242534245,4394.570390856653,4339.418682640875,4287.398649250816,4238.569433629008,4192.8559593437085,4109.993924353851
2021-11-10,4730.191902443224,4733.110547553177,4693.708838568801,4663.063064914288,4638.98424275717,4590.0969371654455,4381.4138118037545,4332.839218188096,4298.597256808818,4248.6154593008605,4194.620524766717,4076.4153978135923,4704.740603417087,4702.870109137627,4676.137864273421,4652.833066076136,4628.119944853296,4590.513583752265,4412.45739791391,4357.885366952169,4306.150861494393,4257.406371307943,4211.638823692995,4128.414418661265
2021-11-14,4671.819000244149,4715.5986768934545,4699.181298149964,4667.441032579218,4649.9291619194955,4610.527452935121,4397.4663599085,4349.100240943553,4315.014635552308,4266.127329960583,4214.759176025398,4097.575574860756,4666.389963505965,4677.926513956699,4665.449299678182,4648.325112897719,4628.107541582765,4595.204301232587,4426.365909248164,4372.893920098984,4321.852737694416,4273.520847494343,4227.968255061904,4144.795563099017
2021-11-15,4628.039323594843,4680.57493557401,4693.708838568801,4676.196967909079,4653.577468306938,4622.202033374936,4410.600262903292,4365.361263699009,4329.243030463333,4284.612082323623,4233.146640218106,4117.2764293529435,4625.324805225751,4646.704224952978,4647.407154626483,4636.676846360959,4621.361711638577,4593.836219446705,4436.552602002833,4384.636460479348,4334.653074731056,4287.0312300791875,4241.940466508492,4159.204221597444
2021-11-16,4584.2596469455375,4628.039323594843,4677.291459825312,4671.819000244149,4649.929161919496,4628.039323594843,4425.193488453061,4381.622286454465,4341.282441541892,4300.17818957671,4249.782917344842,4135.517961290155,4582.902387760992,4611.296140067396,4623.64555810865,4619.186505258281,4608.918366816677,4587.166688302896,4443.257593505633,4393.294433246952,4344.693411100089,4298.050740523415,4253.647898029718,4171.705065826858
2021-11-16,4540.479970296233,4584.259646945537,4649.9291619194955,4658.685097249358,4649.929161919496,4628.039323594843,4439.786714002828,4394.130765497124,4351.132868787985,4313.79853342316,4264.668007405607,4152.300170672388,4539.801340703959,4573.097524593905,4595.435499339378,4596.916284965308,4591.654047867484,4575.8583889709,4446.705509643781,4399.0392032691725,4352.108380980422,4306.687677615748,4263.179364524618,4182.360647074925
2021-11-16,4496.700293646926,4540.479970296232,4611.621944851354,4636.795258924704,4638.984242757169,4622.202033374936,4454.3799395525975,4404.137548731252,4358.794312201613,4325.473113862975,4277.801910400398,4167.623057499645,4496.360978850789,4533.038555395144,4563.7655254856545,4570.735254425728,4570.310443118275,4560.49116747424,4447.106484311771,4402.032615142975,4357.026051030042,4313.04563150192,4270.620197955013,4191.231465767408
2021-11-16,4452.920616997621,4496.700293646926,4562.369808620884,4606.14948527019,4620.742710819959,4610.527452935121,4468.973165102366,4411.6426361568465,4367.550247531474,4335.201930896154,4289.184626329217,4181.4866217719255,4452.7509595995525,4491.739350379535,4529.404506566247,4541.354470048017,4545.51513499982,4541.572389083499,4444.657094378645,4402.4275220988275,4359.568240752885,4317.223688408288,4276.052383931278,4198.376038709544
2021-11-16,4409.140940348315,4452.9206169976205,4518.5901319715795,4566.747776285815,4595.204566107864,4601.77151760526,4479.188422987204,4416.64602777391,4376.306182861336,4342.984984522698,4301.442935791023,4196.079847321695,4409.056111649281,4449.6133214860265,4492.950452595751,4509.355705257289,4517.799154799695,4519.545998410437,4439.541234334797,4400.36828552106,4359.850827238061,4319.316626464408,4279.554692941813,4203.850964122785
2021-11-16,4365.36126369901,4409.140940348315,4474.810455322274,4518.5901319715795,4562.369808620885,4584.2596469455375,4486.485035762088,4422.900267295239,4385.062118191197,4348.822274742605,4311.07446465387,4210.673072871463,4365.318849349493,4406.936076673919,4454.868482474408,4475.214956492273,4487.611836684311,4494.800446990345,4431.930934509953,4395.991246717096,4357.984035033751,4319.4151030115945,4281.202806436257,4207.710984549175
2021-11-16,4321.581587049704,4365.361263699009,4431.030778672968,4474.810455322274,4522.238438359021,4560.910486065908,4490.863003427019,4429.154506816569,4390.5345777723605,4352.713801555877,4318.954806450745,4223.077314588766,4321.560379874945,4363.891354582745,4415.52035534685,4439.321675384659,4455.3333864867855,4467.675629916602,4421.987126502884,4389.425172477279,4354.072711880904,4317.605833767629,4281.069437964261,4210.00904769331
2021-11-16,4277.801910400399,4321.5815870497045,4387.251102023662,4431.030778672968,4474.810455322274,4531.724034966372,4492.322325981995,4435.408746337898,4393.818053521058,4354.659564962512,4325.083961181648,4234.022233751092,4277.791306813018,4320.601647638861,4375.187439436682,4401.994504178556,4421.285516835141,4438.468955395912,4409.860359228574,4380.79167588138,4348.216590996522,4313.97176420169,4279.224449563728,4210.796365269463
2021-11-18,4234.022233751092,4277.801910400398,4343.471425374356,4387.251102023662,4431.030778672968,4496.700293646926,4490.863003427018,4441.662985859229,4394.912545437291,4357.5782100724655,4329.461928846579,4243.507830358441,4234.016931957402,4277.148617459837,4334.088576695595,4363.494150164598,4385.740446106932,4407.440655609146,4395.691468768781,4370.205613726957,4340.510540562633,4308.592233458214,4275.734963584798,4210.122469919299
2021-11-18,4190.2425571017875,4234.022233751091,4299.69174872505,4343.471425374357,4387.251102023662,4455.8392621075745,4486.485035762088,4444.1646816677585,4393.818053521058,4360.4968551824195,4332.088709445537,4251.5341044108145,4190.239906204942,4233.586705124052,4292.393977530459,4324.033919307849,4348.928512929324,4374.818433714563,4379.61220500644,4357.775461878376,4331.044801045065,4301.543131153613,4270.665470128587,4208.035270263439
2021-11-18,4146.462880452481,4190.242557101787,4255.912072075745,4299.691748725051,4343.471425374357,4409.140940348315,4479.188422987204,4444.164681667759,4393.818053521058,4363.4155002923735,4332.964302978523,4258.101055908211,4146.461555004058,4189.95220468376,4250.236027813286,4283.788334670636,4311.044619217609,4340.801529975639,4361.745817832036,4343.603669763086,4319.905210935704,4292.897047355764,4264.077930272636,4204.581104148051
2021-11-18,4102.683203803176,4146.462880452481,4212.13239542644,4255.912072075745,4299.691748725051,4365.361263699009,4468.973165102366,4441.662985859228,4393.818053521058,4363.4155002923735,4332.088709445537,4263.20868485063,4102.682541078964,4146.269312173797,4207.717694333416,4242.9001878494055,4272.253681977033,4305.564279622918,4342.207605530219,4327.786995173686,4307.173421482932,4282.723416042634,4256.03187524831,4199.804790145652
2021-11-18,4058.90352715387,4102.683203803175,4168.352718777134,4212.132395426439,4255.912072075745,4321.581587049704,4455.8392621075745,4436.659594242164,4393.818053521058,4361.469736885737,4329.461928846579,4266.856991238072,4058.903195791764,4102.554158284052,4164.919062371449,4201.486308332161,4232.695246365884,4269.2592259831235,4321.105427786628,4310.416820469845,4292.927100947401,4271.088652323582,4246.584501728878,4193.749677367358
2021-11-19,4058.90352715387,4085.1713331434535,4140.990420871318,4181.4866217719255,4223.077314588766,4286.557845730259,4448.54264933269,4432.907050529367,4397.101529269756,4360.4968551824195,4330.337522379565,4271.234958903002,4080.7931997974697,4102.597173457093,4151.0888715785,4183.522107508709,4212.693393663929,4248.43722321063,4307.0136714005985,4298.876063988363,4283.646910842805,4263.766676300953,4240.941313574889,4190.763891347346
2021-11-19,4088.089978253407,4085.1713331434526,4124.573042127829,4159.596783447272,4197.539169876672,4257.3713946307225,4439.786714002828,4429.15450681657,4399.290513102222,4359.523973479102,4332.964302978523,4277.801910400398,4113.628040124975,4117.219075788889,4150.060873550497,4176.784066225759,4202.50408393909,4235.690430365861,4296.655555855559,4290.408664903036,4276.955006921326,4258.666511264061,4237.236276981829,4189.3113991861455
2021-11-19,4146.462880452481,4102.683203803175,4119.100582546665,4146.462880452481,4179.2976379394595,4234.022233751092,4431.030778672968,4425.401963103771,4401.479496934687,4361.469736885738,4337.342270643453,4283.639200620305,4151.935298613381,4141.560236226522,4158.990136561894,4179.231064566854,4200.61769519489,4230.009446207851,4289.790201097251,4284.843881136299,4272.725131320372,4255.691556735265,4235.393386006129,4189.341928953886
2021-11-19,4190.2425571017875,4137.70694512262,4124.573042127828,4142.08491278755,4168.352718777133,4216.51036309137,4422.274843343107,4421.649419390974,4403.668480767152,4365.361263699009,4340.844644775399,4289.476490840213,4192.9787661822365,4172.3809020680455,4175.663935937272,4189.193095327625,4205.7568549727675,4230.511044650756,4286.19226772008,4282.020456281565,4270.83718509748,4254.749412257692,4235.339615329461,4190.8068569806965
2021-11-19,4234.022233751093,4190.242557101787,4140.990420871318,4146.462880452481,4164.704412389691,4204.835782651555,4413.518908013245,4417.896875678176,4405.857464599617,4371.198553918916,4344.347018907342,4295.31378106012,4235.390338291318,4207.52123817883,4198.361263595744,4205.30378897722,4216.840709653941,4236.422402869461,4285.650954344617,4281.7860926215,4271.176927795184,4255.751694785637,4237.004803371468,4193.659153815395
2021-11-20,4277.801910400398,4234.022233751092,4168.352718777133,4159.596783447273,4168.352718777133,4198.998492431648,4404.762972683384,4417.896875678176,4408.046448432082,4378.981607545459,4347.849393039287,4301.151071280027,4278.485962670511,4245.541354469121,4225.7435576966245,4226.44520680858,4232.95469079175,4247.067300891991,4287.96905968043,4283.996953423067,4273.6356916612585,4258.61386401451,4240.32153998632,4197.853331956026
2021-11-20,4321.581587049704,4277.801910400398,4206.659935845277,4181.4866217719255,4179.29763793946,4198.998492431648,4400.385005018454,4416.646027773911,4410.235432264547,4385.7917794686855,4351.351767171232,4306.988361499935,4321.92361318476,4285.481324212417,4256.769714586044,4251.70267169775,4253.324932777482,4261.854046242868,4292.9621051009835,4288.517192882842,4278.110109809442,4263.255055305142,4245.2250585633155,4203.345395294143
2021-11-20,4365.36126369901,4321.581587049704,4255.9120720757455,4212.132395426439,4197.539169876671,4204.835782651555,4394.547714798547,4415.3951798696435,4412.424416097013,4392.601951391911,4357.4809219021345,4312.825651719842,4365.5322767665375,4326.701196257716,4290.62998697766,4280.327811452398,4277.2966262499185,4280.264908006049,4300.457513826617,4295.2185121864795,4284.501857640606,4269.597919872239,4251.65313235884,4210.092790216662
2021-11-21,4365.36126369901,4339.093457709426,4283.274369981561,4238.400201416023,4212.13239542644,4207.754427761509,4384.3324569137085,4410.39178825258,4411.32992418078,4396.493478205182,4362.734483100051,4316.4739581072845,4343.5569319081205,4324.994659855045,4297.508120327004,4287.8284979246355,4284.109697142193,4285.429492886506,4301.820357260364,4296.683127456658,4286.310624928855,4271.858079314738,4254.395424699672,4213.748160606051
2021-11-21,4336.174812599472,4339.093457709426,4299.691748725051,4264.668007405607,4226.725620976208,4210.673072871463,4371.198553918916,4402.886700826985,4408.046448432082,4398.439241611818,4367.9880442979675,4318.6629419397495,4310.679421154259,4309.263743370163,4293.128962565536,4286.005482011137,4283.139268412686,4284.476045075742,4300.270780043592,4295.634170953534,4285.895565683564,4272.116506753244,4255.313326099705,4215.848283550917
2021-11-22,4277.801910400398,4321.581587049704,4305.164208306214,4277.801910400398,4241.318846525976,4213.591717981416,4355.146005814171,4392.879917592858,4405.857464599618,4398.439241611819,4373.241605495884,4321.581587049704,4272.350827452676,4284.183240163806,4279.994133940105,4276.553982327492,4275.582801541672,4278.169318660161,4295.996680282785,4292.211285553398,4283.365159247834,4270.46023401402,4254.478381301716,4216.444150770812
2021-11-22,4234.022233751093,4286.557845730259,4299.69174872505,4282.179878065329,4255.9120720757455,4216.51036309137,4336.174812599472,4384.123982262997,4400.385005018454,4396.493478205181,4375.868386094842,4324.500232159658,4231.296692277231,4252.869679143133,4260.049339087146,4260.860995922819,4262.453533166305,4267.178473465364,4289.173833625946,4286.546356194975,4278.82259328949,4266.972508930879,4251.9593293722955,4215.585082125624
2021-11-22,4190.2425571017875,4234.022233751092,4283.274369981561,4277.801910400398,4259.560378463187,4219.429008201323,4314.284974274819,4371.615503220339,4392.723561604826,4392.60195139191,4376.743979627829,4327.418877269612,4188.879786364856,4217.40074624625,4234.807903834999,4240.061338564576,4244.608817364177,4252.089024338754,4279.966675356691,4278.763940875948,4272.366021931587,4261.732959866599,4247.822213728363,4213.318780430652
2021-11-22,4146.462880452481,4190.242557101787,4255.912072075745,4264.668007405607,4255.912072075745,4222.347653311278,4293.854458505143,4356.605328369148,4382.8731343587315,4386.764661172003,4375.868386094842,4328.1485385471,4145.781495084016,4179.161565431891,4205.446859383483,4215.0834958806845,4222.774107585562,4233.413296771807,4268.529032030658,4268.981677705238,4264.088811291176,4254.817753081231,4242.13048784892,4209.6913844744595
2021-11-23,4146.462880452481,4172.730686442065,4234.022233751092,4255.912072075745,4255.9120720757455,4234.022233751092,4277.801910400398,4342.846001422224,4374.11719902887,4381.900252655414,4375.868386094842,4329.607861102076,4168.012026092902,4182.855229321856,4202.068125543106,4210.566961557249,4217.769253664981,4228.016954313054,4263.478291712666,4264.607282116158,4260.486554989255,4252.010135864733,4240.095667035298,4209.0537180030215
2021-11-23,4175.649331552019,4172.730686442064,4212.132395426439,4247.1561367458835,4255.912072075745,4242.778169080953,4264.668007405607,4329.086674475299,4365.361263699009,4379.9544892487775,4375.868386094842,4331.067183657053,4201.0171299219965,4199.910897464935,4209.169038478215,4214.831556501584,4220.269712139768,4228.767614242809,4261.577900876435,4262.908112762543,4259.1956124898325,4251.228053164139,4239.857493181014,4209.872357863866
2021-11-23,4234.022233751093,4190.242557101787,4206.659935845277,4238.400201416023,4255.912072075745,4251.5341044108145,4254.4527495207685,4315.327347528374,4359.888804117846,4377.035844138824,4375.868386094842,4332.52650621203,4239.409520161197,4225.8745684434225,4224.420787794256,4226.280711755913,4229.12081956448,4234.8969012625075,4262.624611168304,4263.735545964646,4260.103236778154,4252.383438261368,4241.345509542564,4212.09955630835
2021-11-23,4277.801910400398,4225.266298421231,4212.13239542644,4229.644266086161,4255.9120720757455,4260.290039740676,4247.1561367458835,4301.568020581449,4353.32185262045,4374.11719902887,4375.868386094842,4336.174812599472,4280.49555360545,4257.7769079788495,4246.012076517689,4243.608143627512,4243.345553023745,4245.732486985907,4266.42828703162,4266.949214913816,4263.102180693839,4255.392053426079,4244.492022385993,4215.689131087788
2021-11-26,4277.801910400398,4251.5341044108145,4212.132395426439,4220.8883307563,4244.967152913418,4260.290039740676,4238.400201416023,4287.808693634525,4343.471425374357,4368.279908808963,4373.241605495885,4339.093457709426,4257.258893678271,4249.8586832362635,4243.347667014001,4241.865250922709,4241.911196212568,4244.268705331555,4264.337573916747,4265.119938182554,4261.6836466966315,4254.462930831514,4244.081442439525,4216.290216421179
2021-11-26,4248.615459300861,4251.534104410815,4212.132395426439,4212.132395426439,4226.725620976208,4254.4527495207685,4229.644266086162,4274.0493666876,4331.432014295797,4360.4968551824195,4368.863637830954,4342.01210281938,4223.750725390029,4229.986641191438,4231.546531477954,4232.479306591633,4233.962174810909,4237.515436802833,4259.557250251265,4260.960083678066,4258.198715496883,4251.670740669351,4241.970113602743,4215.4361948039195
2021-11-26,4190.2425571017875,4234.022233751092,4212.132395426439,4203.376460096579,4212.13239542644,4242.778169080953,4220.8883307563,4260.290039740675,4317.2036193847725,4350.768038149241,4365.361263699009,4344.930747929333,4185.106802921255,4202.145387611786,4212.639053472293,4216.839956384514,4220.500744909612,4226.133867259039,4252.260839296505,4254.599127943312,4252.748186958132,4247.096485877313,4238.2247319105645,4213.174774660661
2021-11-26,4146.462880452481,4198.998492431648,4212.132395426439,4194.620524766717,4197.539169876671,4225.266298421231,4212.13239542644,4246.530712793751,4300.786240641283,4342.01210281938,4359.232108968107,4345.660409206821,4143.895003362215,4168.991326342249,4188.20442021249,4196.084183187907,4202.374969354775,4210.702534327056,4242.610669264677,4246.159354379971,4245.427943877402,4240.817647526263,4232.909377867121,4209.552100205404
2021-11-26,4102.683203803175,4146.462880452482,4195.71501668295,4185.864589436856,4182.9459443269025,4201.917137541602,4203.376460096578,4232.771385846827,4282.179878065328,4330.337522379565,4351.351767171232,4344.930747929333,4101.399265258042,4132.295393279455,4159.470888421685,4171.142245727173,4180.302439785405,4191.727658430407,4230.75859558011,4235.75625286741,4236.329191842108,4232.908337944853,4226.085619015601,4204.612802727102
2021-11-28,4102.683203803175,4128.951009792759,4184.7700975206235,4190.242557101787,4179.2976379394595,4190.242557101787,4198.998492431648,4222.7646026126995,4267.951483154304,4319.635823643068,4344.347018907342,4344.930747929333,4123.931072855261,4137.017889003797,4156.580219984085,4166.655088404501,4175.096353734186,4186.069561183166,4225.320162346069,4230.795509955469,4231.945469335297,4229.14983979301,4222.963158679784,4202.706247897976
2021-11-28,4131.869654902713,4128.951009792759,4173.825178358297,4190.242557101787,4182.9459443269025,4184.4052668818795,4197.539169876671,4215.259515187104,4255.912072075745,4308.934124906571,4337.342270643454,4344.930747929333,4157.086814978524,4154.75944503646,4164.060739343575,4170.943719076735,4177.426538867663,4186.591185672994,4223.0570910399865,4228.542568130265,4229.911180933663,4227.458218806434,4221.679997833584,4202.297602298007
2021-11-28,4190.242557101787,4146.462880452481,4162.88025919597,4190.242557101787,4193.890863489229,4184.4052668818795,4198.998492431648,4210.256123570041,4246.061644829651,4298.232426170073,4330.337522379565,4344.930747929333,4195.5545243648085,4181.180374608004,4179.607738100802,4182.412539926619,4186.133568849729,4192.520066682756,4223.764519601993,4228.846993998089,4230.111720095489,4227.74361076055,4222.164007085252,4203.337754149157
2021-11-28,4234.022233751092,4181.4866217719255,4168.352718777134,4190.242557101787,4201.187476264114,4190.242557101787,4203.376460096578,4207.754427761509,4238.400201416023,4287.530727433577,4325.959554714634,4344.930747929333,4236.678217382603,4213.387553205469,4201.42866527849,4199.756061830943,4200.236390626756,4203.180297147461,4227.25080287931,4231.566711575995,4232.4380708420695,4229.920058570978,4224.345885646635,4205.779201895621
2021-11-29,4277.801910400398,4234.022233751091,4184.7700975206235,4190.242557101787,4208.484089038998,4201.917137541602,4210.673072871463,4207.754427761509,4232.927741834859,4276.8290286970805,4320.705993516717,4344.930747929333,4279.129902216153,4249.4522311535475,4228.1293145609825,4221.906157325263,4218.904882384132,4217.980458385241,4233.336659922561,4236.567537991201,4236.786535047319,4233.905342417879,4228.159050407548,4209.576001409652
2021-11-29,4321.581587049704,4277.801910400398,4212.132395426439,4203.376460096579,4215.780701813882,4219.429008201323,4220.8883307563,4210.256123570041,4229.644266086161,4269.045975070537,4315.452432318801,4344.930747929333,4322.245582957581,4288.088575335368,4258.625303258323,4247.988903938671,4241.436633355652,4236.403059049462,4241.854376295235,4243.722744974969,4243.058473030329,4239.62081725619,4233.539529360167,4214.683714928355
2021-11-29,4365.361263699009,4321.581587049704,4250.4396124945815,4225.266298421231,4223.077314588766,4234.022233751092,4234.022233751092,4215.259515187105,4228.549774169929,4263.20868485063,4310.198871120884,4344.930747929333,4365.693261652948,4328.4393636730165,4292.073222611655,4277.28927419497,4267.237295969908,4257.995294211819,4252.647057847046,4252.912644717932,4251.160056801938,4246.99125739063,4240.425859202855,4221.059361664666
2021-11-30,4409.140940348315,4365.361263699009,4299.691748725051,4255.912072075745,4241.318846525976,4248.6154593008605,4245.6968141909065,4222.7646026126995,4229.644266086161,4259.317158037357,4304.945309922968,4347.119731761798,4409.3069393252845,4369.933114781218,4327.817088030759,4309.222245613634,4295.803960743402,4282.360959560045,4265.567932630954,4264.024198733471,4261.002035348069,4255.944707808327,4248.7589869595295,4228.6613700376565
2021-11-30,4452.9206169976205,4409.140940348315,4343.471425374356,4295.31378106012,4266.856991238072,4263.208684850629,4257.371394630722,4232.771385846827,4232.927741834859,4257.371394630722,4299.69174872505,4348.579054316776,4453.003616486105,4412.1888410697875,4365.3466892787965,4343.309163437869,4326.711088882405,4309.1533763209045,4280.479697857791,4276.950648450885,4272.499511362646,4266.412341975223,4258.482175457094,4237.449531469055
2021-11-30,4496.700293646926,4452.920616997621,4387.2511020236625,4343.471425374357,4299.69174872505,4277.801910400398,4269.045975070537,4245.279864889485,4238.400201416023,4257.371394630722,4294.438187527134,4350.038376871752,4496.741793391168,4454.952550811936,4404.26519617156,4379.15840104848,4359.598609099918,4338.06920056782,4297.2539089828515,4291.591166331182,4285.571728871602,4278.328325815269,4269.540912509631,4247.384955694631
2021-11-30,4540.479970296232,4496.700293646926,4431.030778672968,4387.251102023662,4339.823118986914,4301.151071280027,4280.720555510352,4260.290039740676,4246.061644829651,4259.317158037357,4291.8114069281755,4351.497699426729,4540.500720168353,4498.0549161898025,4444.263963010222,4416.449536666128,4394.161845691551,4368.843006365035,4315.77040820625,4307.850526365312,4300.141871216672,4291.629687603542,4281.882823664003,4258.430027540788
2021-11-30,4584.2596469455375,4540.479970296232,4474.810455322273,4431.030778672967,4387.251102023662,4330.337522379565,4292.395135950167,4277.801910400397,4255.9120720757455,4263.20868485063,4290.935813395189,4352.957021981706,4584.270021881598,4541.383051991483,4485.102932029027,4454.920407016803,4430.142996138212,4401.242546018761,4335.916789844224,4325.638792878064,4316.136868893656,4306.256193516208,4295.457588367198,4270.548365118309
2021-12-02,4584.2596469455375,4557.991840955954,4502.172753228089,4461.676552327482,4420.085859510641,4356.605328369148,4299.69174872505,4290.310389443056,4264.668007405607,4266.127329960583,4289.184626329217,4352.227360704218,4562.3749960889145,4541.082024759732,4497.408940532851,4470.476691249426,4447.117915239445,4418.647224053444,4349.114414389514,4337.57441384574,4327.080434815733,4316.4398359849065,4305.066309227177,4279.398581682918
2021-12-03,4555.073195846001,4557.991840955954,4518.590131971579,4483.566390652135,4445.624004222736,4382.8731343587315,4304.069716389981,4300.317172677183,4273.423942735468,4269.045975070537,4287.433439263245,4352.227360704218,4529.53764486792,4526.288114388797,4497.251463447091,4475.244618958062,4454.745973455981,4428.403857752629,4358.636084019025,4346.414740501362,4335.354574270913,4324.277247187603,4312.581367439729,4286.523227977908
2021-12-03,4496.700293646926,4540.479970296232,4524.062591552743,4496.700293646926,4463.865536159947,4409.140940348315,4305.529038944958,4307.822260102779,4282.179878065328,4271.96462018049,4285.682252197274,4350.038376871753,4491.22913093277,4501.832281925072,4487.400164236098,4471.185709510709,4454.4651493854635,4431.468452658253,4364.718957114418,4352.331733640043,4341.089503184411,4329.870437179344,4318.0848674224,4291.978880077721
2021-12-03,4452.9206169976205,4505.456228976787,4518.590131971579,4501.078261311857,4474.810455322274,4426.652811008037,4308.447684054912,4312.8256517198415,4290.93581339519,4274.883265290444,4283.9310651313,4346.39007048431,4450.185035640543,4470.935168066153,4470.009225594369,4459.904842390273,4447.492194148979,4428.677513619511,4367.584891516605,4355.4878006793915,4344.409085485089,4333.316980795386,4321.655693811656,4295.820259103536
2021-12-03,4409.140940348315,4452.9206169976205,4502.172753228089,4496.700293646927,4478.458761709716,4438.327391447852,4311.366329164865,4315.327347528374,4299.691748725051,4277.801910400399,4282.179878065328,4341.282441541891,4407.773149669776,4435.743866610438,4446.754122950956,4442.715100810043,4434.856666387445,4420.762982379448,4367.441431657406,4356.036326402705,4345.43114295894,4334.710210486848,4323.36963772881,4298.100292041408
2021-12-03,4365.36126369901,4409.140940348315,4474.810455322274,4483.566390652135,4474.810455322274,4444.164681667759,4314.284974274819,4315.327347528374,4305.164208306214,4280.720555510352,4280.428690999356,4334.715490044496,4364.67736835974,4397.689773423527,4418.938003861789,4420.69082558089,4417.429731104716,4408.3653079632295,4364.482732005296,4354.122174216427,4344.267749987757,4334.139400772189,4323.299518094335,4298.870170566373
2021-12-03,4321.581587049704,4365.361263699009,4436.503238254131,4461.676552327482,4463.865536159947,4444.164681667759,4317.2036193847725,4312.8256517198415,4308.447684054912,4283.639200620305,4278.677503933384,4326.689215992123,4321.239639380069,4357.727152415818,4387.574427537036,4394.711022820801,4395.948527919436,4392.044883267876,4358.890420934013,4349.882159559981,4341.025513910325,4331.689944669067,4321.515298184767,4298.1794079378915
2021-12-03,4277.801910400399,4321.581587049704,4387.251102023662,4431.030778672968,4445.624004222736,4438.327391447852,4320.122264494727,4307.822260102779,4309.542175971144,4286.557845730259,4276.9263168674115,4317.2036193847725,4277.630936565581,4316.492179527576,4353.451717806826,4365.494879353581,4371.036790355076,4372.292052078277,4350.834408857695,4343.445497015043,4335.805841707435,4327.443522455242,4318.084197618736,4296.075894029865
2021-12-04,4234.022233751092,4277.801910400398,4343.471425374356,4391.6290696885935,4420.085859510641,4426.652811008037,4323.040909604681,4304.069716389982,4308.447684054912,4289.476490840213,4275.17512980144,4308.447684054911,4233.936746833684,4274.4089720523125,4317.183015427929,4333.630820762346,4343.222292931492,4349.535865206216,4340.473644228281,4334.934222575417,4328.705193677892,4321.478263092047,4313.070799951398,4292.605948556393
2021-12-04,4190.2425571017875,4234.022233751092,4299.69174872505,4343.471425374357,4387.251102023662,4409.140940348315,4321.581587049704,4300.317172677183,4305.164208306214,4292.395135950166,4273.423942735468,4299.69174872505,4190.199813643083,4231.760274852369,4279.245207655607,4299.600286160552,4312.951614088567,4324.151742111999,4327.9568207588745,4324.463592457477,4319.815324740067,4313.868898629457,4306.537156049471,4287.814372552425
2021-12-06,4190.242557101787,4216.51036309137,4272.329450819235,4312.825651719842,4358.064650924125,4394.547714798547,4321.581587049704,4300.317172677183,4302.975224473748,4295.31378106012,4274.299536268453,4293.124797227655,4212.111023697087,4232.514261151943,4269.1956578990485,4287.677003904287,4300.808632498186,4312.885553566885,4321.896524822889,4319.439072529344,4315.630295911336,4310.397304504311,4303.693433606394,4286.050695870214
2021-12-06,4219.429008201324,4216.51036309137,4255.9120720757455,4290.935813395189,4328.878199824588,4379.9544892487775,4321.581587049704,4302.818868485715,4300.786240641284,4298.232426170074,4276.9263168674115,4288.017168285236,4244.9564670487425,4247.610144234762,4271.108158454904,4285.881532358125,4297.269136790834,4308.500098171075,4319.05171098918,4317.125896855514,4313.785008813242,4308.980113456315,4302.678079755177,4285.780243887568
2021-12-06,4277.801910400398,4234.022233751092,4250.4396124945815,4277.801910400398,4310.636667887377,4365.361263699009,4321.581587049704,4307.822260102778,4298.597256808818,4301.151071280027,4281.304284532342,4284.368861897794,4283.269027049223,4272.267291839743,4282.324475920415,4292.372451392957,4301.009513753736,4310.135284280903,4319.214928799536,4317.373435199635,4314.165329702825,4309.52800361255,4303.419393766728,4286.954058417598
2021-12-08,4321.581587049704,4269.045975070537,4255.9120720757455,4273.423942735468,4299.69174872505,4350.768038149241,4325.959554714635,4315.327347528374,4299.691748725051,4304.069716389981,4287.433439263245,4282.179878065329,4324.315145374116,4303.298615792832,4300.77709542677,4305.643144539513,4310.909782976086,4317.038531708166,4322.192111696276,4320.039425671823,4316.662692336786,4311.955536659788,4305.848486705251,4289.524786459875
2021-12-08,4365.361263699009,4321.581587049704,4272.329450819235,4277.801910400398,4296.043442337609,4336.174812599473,4333.256167489519,4321.581587049704,4302.975224473748,4306.988361499935,4295.31378106012,4281.45021678784,4366.728042861216,4338.57939064466,4324.85794985378,4324.460925595659,4326.022268725659,4328.5513327881845,4327.801713544794,4324.989509820517,4321.173826386128,4316.180988994072,4309.8991711618455,4293.446627571359
2021-12-09,4365.36126369901,4339.093457709426,4283.274369981561,4277.801910400398,4288.746829562724,4321.581587049704,4339.093457709426,4324.083282858235,4305.164208306213,4306.988361499935,4299.69174872505,4279.990894232863,4344.15481495546,4332.913456113008,4324.129869230653,4323.937409496395,4325.339086929358,4327.680114570874,4327.400415061241,4324.800180777694,4321.193717150205,4316.4157976051865,4310.357305118233,4294.369085259262
2021-12-09,4336.174812599472,4339.093457709426,4294.219289143887,4277.801910400398,4281.45021678784,4306.988361499935,4344.930747929333,4324.083282858235,4307.353192138679,4305.042598093299,4302.3185293240085,4278.531571677887,4310.978362677929,4314.542940875471,4313.834767268374,4315.549136933487,4318.025675155672,4321.445339049565,4324.200511534735,4322.189165756733,4319.077043650214,4314.736932944109,4309.080622972434,4293.825899198266
2021-12-09,4277.801910400398,4321.581587049704,4305.164208306214,4277.801910400398,4274.153604012956,4292.395135950167,4350.768038149241,4321.581587049704,4309.542175971144,4301.151071280027,4303.194122856996,4277.072249122909,4272.500298214511,4287.702705167344,4296.0986487089785,4300.726063627597,4305.102068785736,4310.517450887255,4318.382558129339,4317.291002867531,4314.928028533184,4311.227598196586,4306.137156728457,4291.865123281789
2021-12-09,4234.022233751092,4286.557845730259,4299.69174872505,4277.801910400398,4266.856991238072,4277.801910400398,4352.227360704218,4320.330739145437,4311.73115980361,4298.232426170073,4302.3185293240085,4275.612926567933,4231.371427658149,4255.215989145491,4272.57507279627,4280.638153350176,4287.431374680514,4295.483089164071,4310.115461288851,4310.232755880545,4308.845810414579,4305.967379018551,4301.592270468584,4288.533235865762
2021-12-09,4190.2425571017875,4234.022233751092,4283.274369981561,4277.801910400398,4259.560378463187,4263.208684850629,4350.768038149241,4319.079891241172,4310.6366678873765,4295.31378106012,4299.69174872505,4274.153604012956,4188.917154055314,4218.964952914488,4244.550141164317,4256.242649186959,4265.743914030047,4276.8555630751225,4299.55723026715,4301.134429467875,4300.924691879843,4299.032400820026,4295.5087649777515,4283.875191425593
2021-12-10,4146.462880452481,4190.242557101787,4255.912072075745,4264.668007405607,4252.263765688303,4248.6154593008605,4346.39007048431,4317.829043336907,4307.353192138679,4292.395135950166,4295.31378106012,4272.694281457979,4145.800178929245,4180.204369877384,4213.024155084064,4228.322750026271,4240.6576509182205,4255.08401816613,4286.8556801727,4290.109361375391,4291.254375388297,4290.495479210597,4287.946978265018,4277.934470519458
2021-12-10,4102.683203803176,4146.462880452482,4217.604855007603,4242.778169080953,4244.967152913418,4234.022233751092,4339.093457709426,4316.57819543264,4301.880732557516,4289.476490840213,4289.184626329217,4271.234958903002,4102.351853041557,4139.770755636212,4178.775126655131,4197.519254958562,4212.695478031397,4230.561456789597,4272.149089655356,4277.264592807529,4279.920187669545,4280.426263903783,4278.964882143005,4270.753128113466
2021-12-10,4058.90352715387,4102.683203803175,4168.352718777134,4212.132395426439,4226.725620976208,4219.429008201323,4328.878199824588,4315.327347528374,4294.219289143887,4286.557845730259,4281.304284532342,4269.775636348026,4058.7378517730604,4098.221787258996,4142.408176399451,4164.356454148745,4182.299843027269,4203.631756003968,4255.566816161757,4262.701218235142,4267.003293173692,4268.891376364686,4268.618175019921,4262.371840322374
2021-12-10,4015.1238505045644,4058.9035271538696,4124.573042127829,4172.730686442064,4201.187476264113,4204.835782651555,4315.7442968297955,4310.323955911311,4287.652337646492,4283.639200620305,4274.299536268453,4268.316313793049,4015.0410128141593,4055.9292494577508,4104.393953611852,4129.263312277201,4149.845124693114,4174.595808235379,4237.229871496822,4246.514715769593,4252.580897109379,4255.954541472972,4256.960371052672,4252.829949617834
2021-12-10,3971.3441738552588,4015.1238505045635,4080.7933654785224,4124.573042127828,4168.352718777133,4190.242557101787,4299.69174872505,4302.818868485716,4281.085386149096,4277.801910400398,4267.294788004565,4266.856991238072,3971.302755010056,4013.1409987071515,4065.098518854986,4092.5908004460653,4115.648105079705,4143.716894356701,4217.25146025225,4228.795259182724,4236.726438577504,4241.676713461362,4244.042885803772,4242.1655085543925
2021-12-11,3971.3441738552588,3997.6119798448417,4053.4310675727065,4093.927268473314,4139.166267677597,4175.649331552018,4285.098523175282,4296.5646289643855,4277.801910400398,4272.937501883809,4262.916820339635,4265.397668683095,3993.21330275731,4013.8019493062893,4053.993036999337,4078.505900456701,4100.182835145067,4127.642763875184,4204.210969300786,4216.924625367271,4225.916556232482,4231.826588984979,4235.065668733209,4234.721519765362
2021-12-11,4000.5306249547957,3997.6119798448417,4037.0136888292163,4072.0374301486613,4109.979816578059,4161.056106002249,4270.505297625514,4290.310389443057,4276.707418484165,4268.0730933672185,4260.290039740676,4263.938346128119,4026.05841495559,4028.8358085888162,4055.0842570336777,4074.941832583459,4093.8321723771905,4119.050359285019,4194.836295613888,4208.145675466526,4217.769579204258,4224.308194992322,4228.157349455584,4228.956995417062
2021-12-12,4058.90352715387,4015.1238505045644,4031.5412292480532,4058.9035271538696,4091.738284640849,4146.462880452481,4255.912072075745,4284.056149921727,4277.801910400398,4263.208684850629,4259.414446207689,4262.479023573141,4064.3708093793825,4053.451606993602,4065.6618007602324,4079.985718259771,4095.1938695196495,4117.004464849789,4188.890934851906,4202.286649263006,4212.155609672498,4219.020151897141,4223.236794724114,4224.816871101587
2021-12-13,4058.90352715387,4023.879785834425,4020.596310085727,4041.391656494148,4069.8484463161963,4123.113719572851,4236.940878861046,4274.0493666876,4274.5184346517,4258.34427633404,4257.663259141717,4258.830717185699,4039.7473299419735,4040.675688163923,4054.431145147862,4068.1926513951885,4082.8754050557905,4104.269388056636,4177.680155216593,4191.888715998648,4202.544304347233,4210.155095314854,4215.07550279393,4217.941690097979
2021-12-13,4029.7170760543327,4032.635721164286,4009.651390923401,4023.879785834425,4047.958607991543,4093.927268473314,4215.051040536393,4261.540887644941,4269.045975070537,4253.47986781745,4253.285291476786,4253.72308824328,4005.545751898616,4017.565183394368,4035.9673737495064,4050.5838372970193,4065.716754101862,4087.6537362814634,4164.368156419087,4179.636241435127,4191.266249201283,4199.772011773133,4205.517411462997,4209.856525630518
2021-12-13,3971.3441738552588,4015.1238505045635,3998.706471761074,4006.367915174703,4026.06876966689,4067.6594624837307,4194.620524766718,4246.530712793751,4261.384531656909,4248.6154593008605,4247.1561367458835,4247.1561367458835,3966.5551245522843,3987.5649546648965,4011.8778456287173,4028.2166845531888,4044.462560733261,4067.6425813970245,4149.090500985982,4165.632255644617,4178.40274910395,4187.936902444125,4194.617297178402,4200.6010492881915
2021-12-13,3927.5644972059526,3980.100109185119,3987.761552598748,3988.8560445149806,4004.178931342238,4041.3916564941474,4174.190008997041,4229.018842134028,4251.5341044108145,4243.751050784272,4239.27579494901,4239.129862693511,3925.169972554466,3952.9715766288136,3983.4127289460353,4001.9563456447268,4019.7429083983975,4044.6603612919776,4131.974005474412,4149.974064806395,4164.031142833349,4174.712898883799,4182.4277882912675,4190.213631952147
2021-12-13,3883.7848205566474,3927.5644972059526,3976.8166334364214,3971.3441738552588,3982.289093017585,4015.123850504564,4153.759493227365,4209.005275665775,4239.494693332255,4238.886642267682,4229.644266086162,4229.644266086162,3882.5875582309036,3915.3160990549895,3951.544376715215,3972.5106726015656,3992.0909446305423,4019.0784591188976,4113.137304728149,4132.753569200892,4148.224996544275,4160.160387797867,4168.999449295813,4178.7313864418575
2021-12-13,3840.005143907342,3883.784820556647,3949.4543355306055,3953.832303195536,3960.3992546929317,3988.85604451498,4133.32897745769,4186.490013388989,4225.266298421231,4231.103588641139,4220.888330756301,4220.8883307563,3839.4065127444696,3875.619221789338,3917.0290635025094,3940.45881708456,3961.957794265541,3991.22183513629,4092.691379730077,4114.057563537401,4131.0542877986045,4144.337130383092,4154.380861764913,4166.19020876304
2021-12-14,3796.225467258036,3840.005143907342,3911.147118462463,3936.3204325358142,3938.5094163682793,3962.5882385253976,4112.898461688013,4161.473055303672,4208.848919677742,4221.37477160796,4212.13239542644,4212.13239542644,3795.9261516766,3834.561411395802,3880.455002859448,3906.274630452591,3929.725178318339,3961.374829570345,4070.7400513996677,4093.968020596919,4112.585580618611,4127.298376479858,4138.618702111722,4152.624818003193
2021-12-15,3796.225467258036,3822.493273247619,3878.3123609754834,3918.808561876091,3927.5644972059526,3945.076367865675,4096.845913583268,4141.459488835418,4193.526032850485,4212.618836278099,4206.003240695536,4205.565443929044,3817.9656477919707,3836.3759888996487,3871.4661453145363,3894.2256328989088,3915.922096101262,3946.2036188624697,4055.8539283356467,4079.8589718919425,4099.288973949769,4114.80736636801,4126.908366495859,4142.374992622496
2021-12-15,3825.411918357573,3822.493273247619,3861.894982231994,3901.2966912163693,3923.91619081851,3933.4017874258598,4083.7120105884765,4123.947618175695,4178.203146023227,4203.8629009482365,4201.625273030606,4200.457814986625,3850.875234174309,3852.178932785315,3874.2036287016726,3892.3273033821342,3910.9778998636293,3938.401269074242,4044.752695575711,4068.965963484426,4088.776576223275,4104.762907854472,4117.374109792356,4133.896626324852
2021-12-15,3883.7848205566474,3840.005143907342,3856.422522650831,3883.7848205566465,3916.619578043626,3927.5644972059526,4073.4967527036383,4108.937443324505,4162.88025919597,4195.106965618375,4198.998492431648,4196.809508599183,3889.219865690131,3877.3074542588606,3886.061599480402,3898.734065895556,3913.529684070141,3937.046672590706,4037.19216664863,4061.110326468955,4080.9125723687716,4097.058629130624,4109.930595573279,4127.131638484577
2021-12-15,3927.5644972059526,3875.0288852267854,3861.894982231994,3879.406852891716,3909.322965268742,3927.5644972059526,4066.2001399287537,4096.428964281847,4147.557372368714,4186.351030288515,4195.496118299703,4194.620524766718,3930.2820197726946,3908.65302745766,3905.013282674815,3911.9359037064105,3922.4242209601584,3941.3338602487747,4032.9439090490578,4056.1233179904166,4075.567772441284,4091.5927832490866,4104.495833937276,4122.023852758798
2021-12-15,3971.3441738552588,3927.5644972059526,3878.312360975484,3883.784820556647,3902.0263524938578,3933.4017874258598,4061.822172263823,4086.422181047719,4132.234485541457,4177.595094958654,4191.993744167758,4191.701879656764,3972.702935138629,3944.1433018066277,3929.4822977480926,3930.6973485788026,3936.685702428529,3950.5576090307486,4031.7942278526384,4053.8455697967584,4072.619288444371,4088.2680470428027,4100.991050273247,4118.518934651951
2021-12-17,3971.3441738552588,3945.0763678656745,3889.25728013781,3883.784820556647,3894.7297397189736,3927.5644972059526,4051.606914378985,4075.164549909326,4116.9115987141995,4165.92051451884,4185.8645894368565,4186.5942507143445,3950.133716172291,3938.6170336064024,3929.05611984984,3930.127739238284,3935.2824400865943,3947.683470052649,4025.0697291012393,4046.8299546528247,4065.5434449693257,4081.280936180331,4094.190008976488,4112.258133423952
2021-12-17,3942.1577227557214,3945.0763678656745,3900.2021993001363,3883.7848205566465,3887.4331269440895,3915.889916766138,4038.473011384194,4063.9069187709338,4101.588711886942,4152.300170672388,4177.984247639982,4180.027299216948,3916.9592683644687,3920.3396292564844,3918.9958311180194,3921.701754023441,3927.3597293896796,3939.696138865649,4015.9545737112658,4037.771891647481,4056.677170607731,4072.6941485445186,4085.938825116884,4104.767205132919
2021-12-21,3927.5644972059526,3953.8323031955356,3927.5644972059526,3896.9187235514387,3891.0814333315316,3907.133981436277,4026.7984309443787,4056.4018313453375,4089.549300808384,4139.652708529256,4170.9794993760925,4174.190008997041,3944.1517211098635,3937.341144122742,3930.62879617074,3930.7276485383168,3934.126566999769,3943.65214323935,4013.076483397975,4034.0814628812464,4052.514585400294,4068.2876279058555,4081.44491722427,4100.392679517088
2021-12-21,3956.7509483054905,3962.588238525397,3949.4543355306055,3918.8085618760915,3902.0263524938578,3907.133981436277,4015.1238505045635,4051.3984397282743,4079.6988735622895,4127.005246386123,4163.974751112203,4170.541702609599,3979.6377858072137,3963.268712916683,3949.4054749115903,3946.07241253218,3946.5876875389686,3952.5861066475018,4013.2085715984,4033.0282621936526,4050.690647112697,4065.9761593231906,4078.8440910783984,4097.596980205097
2021-12-23,4015.1238505045644,3971.3441738552583,3971.3441738552583,3949.454335530605,3920.267884431068,3912.971271656184,4003.449270064749,4048.8967439197427,4072.0374301486613,4114.35778424299,4156.970002848314,4168.352718777134,4019.2706564805417,3995.1469843290784,3973.738375409875,3966.5871606452147,3963.8670474797227,3965.875784210798,4016.15663324714,4034.465776913665,4051.091275407389,4065.6686535766985,4078.062108179397,4096.328342400092
2021-12-23,4058.90352715387,4006.367915174703,3993.234012179911,3975.7221415201893,3945.8060291431634,3924.645852095999,3996.1526572898647,4045.144200206945,4066.5649705674978,4104.628967209811,4149.965254584426,4167.623057499645,4060.9769301418582,4030.9923908204437,4002.3927817194976,3991.3318957648435,3985.2233792217926,3982.976711659845,4021.7389926378514,4038.255633963082,4053.607954841329,4067.277981847415,4079.027641341114,4096.536698511675
2021-12-28,4058.90352715387,4032.635721164286,3998.7064717610747,3988.8560445149806,3967.695867467816,3933.4017874258598,3987.3967219600036,4037.63911278135,4059.9980190701017,4093.9272684733137,4140.333725721578,4166.163734944669,4038.050390323211,4025.702877381817,4005.2219081161797,3995.6577057175205,3989.8234517268343,3986.9951040154347,4021.3122092744134,4036.970534882053,4051.730681459048,4065.010410919465,4076.521610327915,4093.8674248064326
2021-12-28,4029.7170760543327,4032.635721164286,3993.234012179911,3993.234012179911,3978.640786630142,3942.157722755721,3978.640786630143,4027.632329547223,4053.4310675727065,4083.2255697368173,4128.951009792759,4164.704412389691,4004.6972820892347,4007.5833095396306,3997.6935227248646,3991.2370635607454,3986.980485900438,3985.0387377454126,4018.088465053823,4033.32462593612,4047.8093884052046,4060.937965829717,4072.397004976045,4089.8502690374094
2021-12-28,3971.3441738552588,4015.1238505045635,3993.234012179911,3988.8560445149806,3982.289093017585,3950.9136580855825,3969.8848513002813,4015.1238505045644,4046.8641160753104,4072.52387100032,4115.817106797967,4161.056106002249,3966.130889647594,3980.910372095071,3982.1092948317737,3979.6602333144197,3977.8395645628248,3977.85445767798,4012.2482090636377,4027.4490632288885,4041.9437839564603,4055.139119367814,4066.717298788981,4084.5294240591593
2021-12-28,3927.5644972059526,3980.100109185119,3993.2340121799116,3975.7221415201884,3978.640786630143,3959.669593415443,3961.12891597042,4000.1136756533733,4040.2971645779144,4061.8221722638227,4100.932016737203,4155.948477059831,3924.9578551021204,3948.53518824893,3960.2594116595233,3962.228340085734,3963.36960394649,3966.0957530378137,4003.9602485148,4019.4677164137634,4034.228712571103,4047.68893246298,4059.5434761132015,4077.9476337801852
2021-12-28,3883.7848205566474,3927.5644972059526,3976.8166334364214,3966.9662061903277,3967.695867467816,3959.669593415443,3952.372980640559,3986.354348706448,4030.446737331821,4051.1204735273263,4086.922520209426,4149.381525562434,3882.481499504731,3912.3585068017333,3933.5362410479274,3940.0059407805716,3944.3904562481594,3950.3344268965047,3993.3824998304476,4009.4975734967397,4024.7543921484807,4038.6592025257783,4050.9341297521855,4070.146240669367
2021-12-29,3840.005143907342,3883.784820556647,3949.4543355306055,3958.2102708604666,3949.454335530605,3953.8323031955365,3943.6170453106984,3972.595021759524,4018.407326253262,4040.418774790829,4072.9130236816472,4141.355251510062,3839.3534833813833,3873.647493620501,3903.0227357612853,3913.8640365037463,3921.595842557371,3931.070806941696,3980.662691277389,3997.6491231501445,4013.6066397147997,4028.118605340224,4040.9455547524126,4061.165231704802
2021-12-29,3796.225467258036,3840.005143907342,3911.147118462463,3936.320432535814,3934.8611099808368,3942.157722755721,3934.8611099808363,3958.8356948125997,4004.178931342237,4029.7170760543327,4058.9035271538696,4131.869654902713,3795.8996369950564,3833.2469259499107,3869.5611923940514,3884.5152645228345,3895.5727576421955,3908.7426799000755,3965.9390202665077,3984.026715786733,4000.8670860998695,4016.1328307866806,4029.6318385114814,4051.043282816124
2021-12-29,3752.44579060873,3796.2254672580357,3861.894982231994,3905.6746588812994,3920.267884431068,3924.6458520959986,3926.105174650976,3945.076367865675,3987.761552598748,4019.0153773178354,4044.894030626092,4120.924735740386,3752.2828754772404,3791.7199886197486,3833.80673051969,3852.5426916931237,3866.817889383308,3883.7331091574943,3949.3407682466955,3968.7289045741045,3986.6133801417986,4002.764712663756,4017.0449473525746,4039.8178018696995
2021-12-29,3708.666113959425,3752.44579060873,3818.115305582688,3866.2729498969247,3894.7297397189736,3901.2966912163693,3917.3492393211145,3931.31704091875,3969.1551900227932,4008.3136785813385,4030.884534098314,4108.520494023082,3708.5846563936793,3749.4421381832053,3796.26888758423,3818.423372714395,3835.7515121412785,3856.3772751765728,3930.9888759282067,3951.848767503883,3970.9193829304972,3988.074352865772,4003.2348097038484,4027.5249702444744
2022-01-01,3708.666113959425,3734.933919949008,3790.7530076768726,3831.24920857748,3872.8399013943203,3889.622110776554,3908.593303991254,3921.310257684623,3954.926795111769,3997.611979844842,4019.5018181694945,4096.845913583268,3730.5152235012047,3750.4433556583804,3786.530421589675,3806.4274486951836,3822.935247290117,3843.3858396055925,3919.469967197918,3940.7708243430416,3960.2621345245575,3977.82963276764,3993.399946209921,4018.505980747993
2022-01-02,3737.8525650589618,3734.9339199490073,3774.335628933383,3809.359370252828,3850.950063069668,3883.784820556647,3899.8373686613922,3913.8051702590287,3942.88738403321,3986.9102811083444,4009.870289306647,4085.171333143453,3763.37034537962,3765.7040595249323,3788.6848761826445,3804.5725429793383,3818.826050362104,3837.490793062148,3911.5187091372804,3932.740526727208,3952.2603458774097,3969.9337994846137,3985.6676137020027,4011.2180950596194
2022-01-05,3752.44579060873,3726.1779846191466,3752.44579060873,3783.091564263244,3818.1153055826885,3866.2729498969247,3886.7034656666006,3905.049234929167,3929.7534810384177,3973.2899372618936,3999.363166910814,4071.307768871173,3736.018229669522,3746.691411003096,3770.902929021929,3787.135010430263,3801.878367838615,3821.3877081743076,3898.4314449322574,3920.2919482401085,3940.3777004179956,3958.5743348965616,3974.804809790527,4001.2983579741326
2022-01-05,3723.2593395091935,3717.4220492892855,3730.555952284077,3756.8237582736606,3788.928854483151,3842.9237890172953,3875.028885226786,3896.2932995993056,3916.619578043626,3957.7238300088084,3988.85604451498,4055.9848820439156,3700.4523334898204,3719.4230864387705,3747.343708641527,3764.9079971356905,3780.8026862188467,3801.825049316284,3883.364025085668,3906.102753188443,3926.9391022176114,3945.805295871064,3962.6511481246266,3990.2684589357164
2022-01-05,3664.886437310119,3708.6661139594244,3708.6661139594244,3730.5559522840767,3759.742403383614,3813.737337917758,3863.3543047869707,3887.5373642694444,3903.4856750488348,3940.211959349085,3978.348922119147,4039.2026726616823,3660.7795470753167,3686.650977846118,3719.291053534702,3738.7623177766213,3756.2340822868414,3779.2352632343504,3866.4442015743866,3890.269642492463,3912.0204514099623,3931.6879682532267,3949.2572505770236,3978.164796696927
2022-01-05,3621.1067606608135,3673.64237263998,3686.7762756347715,3704.2881462944933,3730.5559522840776,3778.7135965983134,3851.6797243471565,3875.0288852267863,3890.3517720540426,3923.6729703926812,3965.215019124356,4023.1501245569366,3619.0533155434123,3650.2096799012484,3687.74350475177,3709.4104570920554,3728.7099287060205,3753.996740831495,3847.7914843122658,3872.8839447990763,3895.6939456832083,3916.2809732861956,3934.671753848962,3965.0225766085996
2022-01-06,3577.3270840115074,3621.106760660813,3664.8864373101187,3678.0203403049104,3701.36950118454,3746.6085003888224,3840.005143907342,3860.0187103755957,3877.217869059251,3907.133981436277,3950.329929063592,4007.0975764521913,3576.300361452807,3611.3222557215663,3653.4777053318667,3677.4353571411734,3698.684925422356,3726.4405741478336,3827.517672896133,3854.031914941472,3878.028260887062,3899.6403834634134,3918.941387320067,3950.8758497477693
2022-01-06,3533.547407362202,3577.3270840115074,3642.9965989854663,3651.752534315327,3672.183050085003,3714.503404179332,3828.3305634675266,3842.5068397158734,3864.0839660644588,3890.594992479872,3933.6936519368555,3991.045028347445,3533.0340460828515,3570.804080718676,3617.0977109720957,3643.3139705178496,3666.543818543978,3696.856468718466,3805.7273540456017,3833.795015817662,3859.088722829785,3881.8198333438254,3902.1110478452733,3935.757550762717
2022-01-06,3489.7677307128965,3533.5474073622017,3604.6893819173233,3625.484728325744,3642.996598985466,3682.3983079698414,3816.6559830277115,3826.245816960417,3850.9500630696684,3874.0560035234685,3915.306187744147,3974.9924802427004,3489.5110500732208,3529.198738500314,3579.073342770206,3607.4365311625293,3632.612162470072,3665.4979168866066,3782.518366949988,3812.2501846091022,3838.9374706948493,3862.8706255490324,3884.2238716185384,3919.6995344771894
2022-01-07,3445.988054063591,3489.7677307128965,3555.4372456868546,3599.2169223361607,3613.8101478859285,3650.29321176035,3804.981402587897,3809.9847942049605,3837.8161600748763,3857.5170145670636,3895.1675364854664,3958.939932137955,3445.8597137437528,3486.868618138304,3539.7700171355573,3570.122321390121,3597.165426307643,3632.5867244525666,3757.9822385928455,3789.47008420939,3817.6336124860413,3842.8418321518693,3865.321303218369,3902.732611294482
2022-01-07,3402.2083774142848,3445.9880540635904,3511.6575690375485,3559.8152133517856,3584.623696786392,3618.1881155508595,3788.9288544831516,3793.7237714495045,3821.398781331386,3840.9780256106587,3875.9044787597722,3942.8873840332094,3402.144207254366,3444.055312347196,3499.4719468309845,3531.63257218555,3560.436699301079,3598.3169714916185,3732.2045909910476,3765.5233406847005,3795.233372889892,3821.7803916567873,3845.4431619456846,3884.8865814407327
2022-01-07,3358.4287007649796,3402.2083774142848,3467.8778923882433,3511.657569037549,3555.4372456868546,3586.0830193413685,3769.9576612684523,3777.462748694047,3802.7924187554318,3824.439036654255,3856.6414210340777,3926.834835928464,3358.3966156850197,3400.9198829366883,3458.4001862275827,3492.1810179910267,3522.623210811016,3562.858478069625,3705.265522160378,3740.474767541977,3771.7902339252955,3799.731201763695,3824.6277055601913,3866.1902680854855
2022-01-07,3314.649024115674,3358.428700764979,3424.0982157389376,3467.8778923882433,3515.305875424991,3553.9779231318776,3748.067822943799,3761.201725938591,3781.9970723470115,3807.9000476978504,3837.3783633083826,3910.782287823719,3314.6329815756935,3357.5697044465815,3416.7266665028687,3451.942532441089,3483.891847219532,3526.359836744218,3677.2399625027,3714.3855775377765,3747.355068732177,3776.737208098594,3802.911691517294,3846.6715493763318
2022-01-07,3270.8693474663683,3314.649024115673,3380.318539089632,3424.098215738938,3467.8778923882433,3521.872826922387,3723.2593395091926,3744.9407031831347,3762.2962178548237,3791.3610587414464,3818.115305582689,3894.7297397189736,3270.861326196378,3314.0763599034085,3374.5851119060235,3411.0601939639932,3444.3838200806904,3488.951066003323,3648.198008200401,3687.3135827199585,3721.976268833879,3752.8394890863533,3780.330435803557,3826.3573894232363
2022-01-08,3227.089670817062,3270.869347466368,3336.5388624403263,3380.3185390896315,3424.0982157389376,3489.767730712896,3695.5322109646327,3728.6796804276782,3742.5953633626364,3774.822069785042,3798.852247856994,3878.6771916142284,3227.085660182067,3270.487571324858,3332.079530186409,3369.6510667283137,3404.218616094085,3450.7459320238772,3618.2052331015207,3659.313383355947,3695.6998651916288,3728.0773371333703,3756.917869464896,3805.273868266985
2022-01-08,3183.309994167757,3227.089670817062,3292.759185791021,3336.5388624403263,3380.3185390896324,3448.9066991735444,3669.2644049750497,3708.666113959424,3722.8945088704486,3755.364435718683,3779.5891901312993,3860.435659677017,3183.307988850259,3226.835153389389,3289.2908162601966,3327.8109305083385,3363.4973393901414,3411.843980210699,3587.322980483258,3630.4365463649747,3668.569643353913,3702.4883362805476,3732.706592917974,3783.4462108650596
2022-01-08,3139.5303175184513,3183.3099941677565,3248.979509141715,3292.7591857910206,3336.5388624403263,3402.2083774142843,3642.996598985466,3686.1508516826384,3703.1936543782613,3733.9610382456904,3760.3261324056048,3840.73480518483,3139.529314859702,3183.140315882641,3246.2818883955183,3285.6181505739396,3322.30553961768,3372.332312793005,3555.6086359920255,3600.731773837429,3640.627252988802,3676.1084364800518,3707.727928131743,3760.898815127154
2022-01-11,3139.5303175184513,3165.798123508034,3221.617211235899,3262.1134121365067,3303.704104953347,3367.1846360948402,3616.728792995883,3664.8864373101187,3686.7762756347715,3713.5305224760136,3743.689855278869,3821.7636119701306,3161.4196545137293,3183.1968753110127,3232.2881341226825,3267.0166675909973,3300.921609548461,3348.704522964849,3531.5893687775565,3577.5416749668916,3618.319094021921,3654.6824172490824,3687.1625189566826,3741.961476734771
2022-01-11,3168.716768617988,3165.798123508034,3205.1998324924098,3240.223573811854,3278.1659602412524,3337.998184995303,3590.4609870062995,3643.6220229375986,3672.5478807237473,3696.0186518162914,3728.8047652181053,3802.7924187554313,3194.2546626653957,3197.8278071463624,3231.1329200547675,3259.7572136321,3289.5628497436305,3333.5026664463753,3511.9442269736533,3558.0721191807897,3599.234731914367,3636.0914282737767,3669.120446480617,3725.080433917563
2022-01-12,3227.089670817062,3183.3099941677565,3199.727372911246,3227.089670817062,3259.924428304041,3314.649024115673,3564.1931810167157,3622.3576085650784,3660.5084696451877,3680.452544563205,3715.670862223313,3783.821225540733,3232.5620050658817,3222.174987253031,3239.9632372573456,3261.777601601967,3286.6869263163594,3325.673501573874,3496.391008940925,3542.1164096410994,3583.2169082827572,3620.212207369107,3653.5027563231943,3710.188267148472
2022-01-12,3270.8693474663683,3218.333735487201,3205.1998324924093,3222.7117031521316,3248.9795091417145,3297.137153455951,3537.9253750271323,3604.8457379053566,3647.3745666503964,3666.832200716754,3701.661365695535,3767.039016158499,3273.6055145907776,3252.999666207245,3256.5600787814187,3271.39058751355,3290.9887875162544,3324.2954418915992,3484.6657195973607,3529.4793326674644,3570.1160358843626,3606.9268515754793,3640.2143746679963,3697.2197673767364
2022-01-12,3314.649024115674,3270.869347466368,3221.617211235899,3227.089670817062,3245.331202754273,3285.4625730161365,3516.03553670248,3589.835563054166,3634.240663655605,3655.1576202769397,3687.6518691677575,3751.716129331241,3316.0171076778784,3288.1426777264896,3279.1975503333215,3287.21569901381,3301.3641587852894,3328.5620992507716,3476.521395801723,3519.976519783993,3559.7898244151247,3596.122584148936,3629.1639560835633,3686.1118635532607
2022-01-13,3314.649024115674,3288.38121812609,3232.5621303982252,3227.089670817062,3238.0345899793883,3270.869347466368,3492.6863758228496,3569.821996585912,3617.8232849121146,3642.5101581338067,3671.0155920410216,3735.6635812264963,3293.443227572123,3282.3849009731152,3277.3468385851097,3284.2436350960934,3296.6726493516094,3321.350505277721,3463.253521715571,3506.1372324330137,3545.6961426127464,3581.981139075781,3615.113187118182,3672.4973548289354
2022-01-17,3285.4625730161365,3288.38121812609,3243.5070495605514,3227.089670817062,3230.737977204504,3256.276121916599,3469.33721494322,3547.3067343091266,3599.2169223361607,3629.862695990674,3655.2549084472716,3719.6110331217506,3260.2664491945925,3263.953157587764,3266.1785790810995,3273.852005227179,3285.96757573091,3309.5679009701385,3448.0171442382475,3490.634590121016,3530.1543635007615,3566.5510752384453,3599.8965786357835,3657.8938242054237
2022-01-18,3227.089670817062,3270.869347466368,3254.451968722878,3227.089670817062,3223.44136442962,3241.682896366831,3445.9880540635904,3522.2897762238085,3578.4215759277404,3617.2152338475416,3639.4942248535212,3703.5584850170053,3221.7882216811745,3237.072103114428,3247.763337989246,3257.389821398193,3270.1741016442716,3293.785662619841,3430.939263588539,3473.561001456946,3513.2351259723223,3549.888419539719,3583.559849833114,3642.3336986302415
2022-01-19,3183.309994167757,3235.8456061469233,3248.9795091417154,3227.089670817062,3216.144751654736,3227.089670817062,3422.638893183961,3494.7711223299593,3558.7207214355526,3601.6491265944555,3623.7335412597713,3687.50593691226,3180.6592695998124,3204.558174582436,3223.711555662403,3235.960820692785,3250.075057932607,3274.503744482167,3412.1386864227266,3455.0037412381407,3495.0056231209137,3532.0467629300983,3566.146926997244,3625.848341872297
2022-01-20,3139.5303175184513,3183.3099941677565,3232.5621303982257,3227.089670817062,3208.8481388798514,3212.4964452672934,3399.2897323043308,3468.503316340376,3539.0198669433653,3584.1372559347333,3607.972857666021,3671.453388807515,3138.204955234479,3168.288996678006,3195.275796819457,3210.4680607248506,3226.332839922843,3252.159606530539,3391.726554451528,3435.0452356620854,3475.5297703281444,3513.0773663187524,3547.7000138157487,3608.468089380206
2022-01-20,3095.7506408691456,3139.530317518451,3205.1998324924093,3213.9557678222704,3201.5515261049673,3197.903219717525,3375.940571424702,3442.235510350793,3516.0355367024795,3564.679621868375,3592.2121740722714,3655.400840702769,3095.087959727159,3129.5163191919505,3163.4302784639867,3181.6504068148483,3199.5079359685346,3227.1360262417015,3369.806838952709,3413.763331693072,3454.8683651521296,3493.0292618796693,3528.259658929633,3590.2222819977114
2022-01-20,3051.9709642198395,3095.750640869145,3166.892615424267,3192.0659294976176,3194.254913330083,3183.3099941677565,3352.5914105450715,3415.9677043612096,3490.862222629129,3543.276224395381,3576.451490478521,3639.3482925980234,3051.6396236488463,3089.0746419848115,3128.9327249321086,3150.112385134064,3170.0746054457654,3199.7679339078054,3346.4768033796654,3391.231551464042,3433.079239416442,3471.9493499531845,3507.8648208371183,3571.1392985736798
2022-01-21,3008.1912875705343,3051.9709642198395,3117.640479193798,3161.4201558431037,3176.013381392872,3168.7167686179882,3329.242249665442,3389.6998983716257,3463.4999247233122,3519.927063515751,3560.690806884771,3623.295744493278,3008.0256172850372,3047.520298296951,3092.3724773741355,3116.3486080044577,3138.434144749682,3170.3483935344834,3321.827436124282,3367.519332544997,3410.21740388009,3449.8824917344036,3486.55293025218,3551.2465875029166
2022-01-21,2964.4116109212287,3008.191287570534,3073.8608025444923,3122.0184468587286,3150.475236680777,3154.1235430682195,3301.5151211208818,3363.4320923820424,3433.9486429850317,3497.550784339439,3542.303342692063,3605.054212556068,2964.32877577848,3005.2241769552747,3054.20791224031,3080.7637582349057,3104.9261123684882,3139.133836126663,3295.9438553596137,3342.692254863159,3386.3351858504234,3426.8715979316867,3464.359950017659,3530.570697232856
2022-01-21,2920.631934271923,2964.411610921228,3030.0811258951867,3073.860802544493,3117.640479193798,3139.5303175184513,3270.869347466368,3337.1642863924594,3405.4918531629833,3475.174505163128,3522.164691433382,3585.3533580638805,2920.5905167005485,2962.433537177722,3014.7955445474895,3043.688939941762,3069.8378270229696,3106.348638813657,3268.9056877636785,3316.8122550164626,3361.4823600832137,3402.957713570423,3441.320432668833,3509.1373057700325
2022-01-21,2876.852257622617,2920.6319342719225,2986.301449245881,3030.0811258951862,3077.5091089319344,3116.1811566388214,3241.6828963668304,3310.896480402876,3377.035063340934,3449.879580876862,3500.2748531087295,3564.1931810167157,2876.83154883693,2919.3132184429182,2974.412663753228,3005.395056492953,3033.4124045537915,3072.1891315836137,3240.787422809461,3289.937828680732,3335.706273297365,3378.1800991096793,3417.4675757395953,3486.971249219128
2022-01-21,2833.0725809733117,2876.852257622617,2942.521772596576,2986.301449245881,3030.0811258951867,3086.994705539284,3212.4964452672934,3284.6286744132926,3348.5782735188855,3422.638893183961,3476.6338277181044,3543.76266524704,2833.0622265804677,2875.9731137366143,2933.2749394356233,2966.1037560985988,2995.855558364594,3036.827103176163,3211.6587441974966,3262.1242217720246,3309.0519626157375,3352.5763080320407,3392.833274899767,3464.0965493863087
2022-01-21,2789.292904324006,2833.0725809733112,2898.7420959472697,2942.521772596575,2986.301449245881,3051.97096421984,3183.3099941677565,3258.3608684237092,3320.1214836968365,3393.4524420844236,3451.241615261507,3523.3321494773636,2789.287727127584,2832.486485049309,2891.550114599863,2925.9963872942535,2957.3413536430717,3000.41286873848,3181.584839905703,3233.42361098884,3281.5622682283697,3326.1822610599825,3367.448175008587,3440.53644047754
2022-01-21,2745.5132276747004,2789.2929043240056,2854.962419297964,2898.7420959472697,2942.5217725965754,3011.1099326804874,3154.1235430682195,3228.3405187213284,3291.664693874788,3362.3202275782505,3426.724996337896,3502.901633707688,2745.510639076489,2788.902173708004,2849.368656027759,2885.2213261544607,2918.0170763172746,2963.0779540243443,3150.626692236006,3203.8852743242046,3253.277940559932,3299.032317145435,3341.341719166108,3416.3133949215417
2022-01-21,2701.7335510253947,2745.5132276747,2811.182742648658,2854.962419297964,2898.7420959472697,2964.411610921228,3124.937091968682,3195.818473210415,3263.2079040527397,3332.1608947753957,3402.2083774142848,3482.471117938012,2701.732256726289,2745.2527405973656,2806.8320378829435,2843.8999712856653,2878.0073529417077,2924.9374440683123,3118.841349148269,3173.5557521048645,3224.237742209501,3271.1593413728547,3314.542195841008,3391.449148346092
2022-01-21,2657.953874376089,2701.7335510253943,2767.4030659993527,2811.1827426486584,2854.962419297964,2920.6319342719225,3095.750640869145,3164.5472756037684,3234.7511142306907,3302.001561972541,3375.0649778917154,3462.0406021683357,2657.953227226536,2701.559892973838,2764.019184514908,2802.131648820414,2837.417636754796,2886.092038275621,3086.282178088818,3142.4789990838594,3194.4785449176607,3242.594769909982,3287.076784150253,3365.9647237354357
2022-01-21,2614.1741977267834,2657.9538743760886,2723.623389350047,2767.4030659993527,2811.1827426486584,2876.852257622617,3066.564189769608,3133.2760779971213,3206.294324408642,3271.842229169686,3346.1703913031733,3441.61008639866,2614.1738741520066,2657.838102341718,2720.9914815288125,2759.9976255944252,2796.337157419824,2846.629848625853,3052.999103442925,3110.6965280835047,3164.0354218035054,3213.368672134656,3258.9715973630846,3339.8804547956447
2022-01-22,2570.3945210774777,2614.174197726783,2679.8437127007414,2723.6233893500475,2767.4030659993527,2833.0725809733112,3037.377738670071,3102.004880390474,3177.837534586593,3241.6828963668313,3315.52461764866,3421.179570628984,2570.394359290089,2614.0970163705356,2677.7966732842256,2717.5643926551065,2754.8414169595703,2806.6279731011427,3019.0388286677794,3078.2475456582083,3132.9417351022694,3183.509810060461,3230.2517246989696,3313.216008553905
2022-01-22,2526.614844428172,2570.3945210774773,2636.064036051436,2679.843712700741,2723.623389350047,2789.2929043240056,3008.1912875705334,3070.7336827838276,3146.097269015847,3211.5235635639756,3283.1276569281736,3398.5600710268423,2526.614763534478,2570.343066839979,2634.4718942830345,2674.886351768517,2712.9943017010005,2766.1538724358584,2984.4450440943015,3045.169080220467,3101.2292196230787,3153.045695178652,3200.941271486415,3285.990407216837
2022-01-22,2482.8351677788664,2526.6148444281716,2592.2843594021306,2636.064036051436,2679.8437127007414,2745.5132276747004,2979.0048364709965,3039.462485177181,3112.168019612635,3181.364230761121,3251.606289740673,3374.481248869725,2482.835127332019,2526.580541603173,2591.046026915596,2632.008013470525,2670.8498693053943,2725.266574772571,2949.2586213223826,3011.49610304875,3068.9280621355897,3122.002642828691,3171.0633977469297,3258.222049312157
2022-01-23,2482.8351677788664,2509.10297376845,2564.922061496314,2605.418262396922,2647.008955213762,2710.4894863552554,2954.1963530363905,3011.9438312833317,3082.6167378743535,3154.1235430682195,3222.7117031521316,3351.132087990095,2504.724985880095,2526.5919758781724,2576.7279863628355,2612.845619099188,2648.659865478129,2700.435108479521,2921.991280877595,2984.5582553476065,3042.473758832789,3096.116216811277,3145.790905459919,3234.2349278404017
2022-01-27,2468.2419422290977,2482.835167778866,2532.0873040093347,2570.3945210774773,2610.525891339341,2672.547099925857,2927.928547046807,2983.1743294852163,3051.9709642198395,3125.909973672001,3192.9415230306035,3325.5939432779996,2471.8902385048277,2497.413147628635,2546.134098533219,2581.247414013801,2616.4130386552724,2667.7626563107765,2890.8341331519155,2954.2525462243816,3013.0387213838508,3067.5483591729417,3118.0757911724536,3208.163470898906
2022-01-28,2497.4283933286347,2482.835167778866,2515.6699252658454,2548.504682752825,2584.987746627246,2643.3606488263194,2906.038708722154,2958.157371399899,3024.608666314023,3100.615049385735,3165.798123508034,3300.7854598433933,2499.2525414664997,2507.147046561814,2541.7964865098756,2571.3142195436867,2602.5979318511036,2650.1191798254513,2867.336114524577,2930.494896124592,2989.310727386013,3044.0295107057773,3094.8812442413046,3185.817614293178
2022-01-29,2512.0216188784034,2500.3470384385882,2510.197465684682,2535.3707797580328,2566.7462146900352,2620.0114879466905,2887.067515507455,2935.642109123113,2999.4353522406727,3074.3472433961506,3140.4059110514368,3278.1659602412524,2534.8235312719885,2528.2295380670353,2548.1516053026758,2571.1470016407393,2597.6435609628534,2640.1535974819544,2848.1785923667,2910.4893197330857,2968.8757904929134,3023.4366850697647,3074.313137450566,3165.6398079581236
2022-01-31,2570.3945210774777,2535.3707797580328,2515.6699252658454,2530.992812093102,2555.8012955277086,2602.499617286968,2871.0149674027098,2915.628542654859,2976.4510219997874,3048.079437406568,3116.764885660812,3257.0057831940876,2574.4988644993855,2556.8777579536177,2562.8232925080333,2578.970128201838,2600.1867358496115,2636.906172512558,2833.0815346479953,2894.027368510513,2951.5732737726144,3005.6426638809394,3056.268473147672,3147.558968278309
2022-01-31,2614.1741977267834,2561.638585747616,2532.0873040093347,2535.3707797580328,2552.1529891402665,2590.8250368471536,2853.503096742987,2898.1166719951366,2955.655675591367,3024.7302765269383,3094.8750473361592,3235.115944869435,2616.226369437737,2590.569796761108,2583.963421812046,2593.330809324429,2609.073987930608,2639.5371352454995,2821.7829759207757,2880.9121743919336,2937.250376241076,2990.5257599894244,3040.648292803688,3131.5063422486433
2022-02-01,2657.953874376089,2614.1741977267834,2559.449601915151,2548.5046827528245,2555.8012955277086,2584.987746627246,2835.991226083265,2883.106497143946,2937.0493130154123,3003.3268790539446,3074.7363960774783,3213.226106544782,2658.9799602315657,2627.62438151587,2610.1345616372346,2613.0403987246045,2623.3293053298057,2647.3116872179867,2814.037851733977,2870.957806427126,2925.761750620799,2977.969576990988,3027.3575186163034,3117.4154310609238
2022-02-01,2701.7335510253947,2657.9538743760886,2597.756818983293,2570.3945210774773,2566.746214690035,2584.9877466272455,2818.479355423543,2870.598018101288,2920.6319342719225,2983.869244987586,3056.34893188477,3191.336268220129,2702.246593953133,2666.9206635688133,2640.2187096455605,2637.1263676246217,2642.126831844405,2659.586879775076,2809.616908246282,2863.9886631631025,2916.9691397453794,2967.862779194628,3016.3048013244756,3105.221916195742
2022-02-01,2745.5132276747004,2701.7335510253943,2630.5915764702727,2601.0402947319913,2584.987746627246,2590.8250368471536,2800.9674847638207,2860.5912348671604,2906.4035393608983,2966.357374327864,3037.085874159076,3169.4464298954763,2745.7697491385693,2707.7114104872107,2673.346308462993,2664.7930106608733,2664.767766072036,2675.8001328436926,2808.3056821867804,2859.8388987831527,2910.7410307004343,2960.0988715915573,3007.4023739911236,3094.8635879376025
2022-02-02,2745.5132276747004,2719.2454216851165,2663.4263339572517,2627.3081007215746,2599.5809721770142,2593.743681957107,2779.0776464391674,2849.333603728768,2891.0806525336416,2947.872621964824,3015.1960358344227,3147.5565915708235,2723.751650081982,2705.7187906666054,2679.6545845879714,2671.509472545332,2670.454809911014,2679.0418101164055,2801.43006082153,2851.0552683521664,2900.5455438870176,2948.8655967843324,2995.4153613258004,3081.9740785305853
2022-02-04,2760.1064532244686,2745.5132276747,2696.261091444231,2653.575906711158,2625.119116889109,2605.418262396922,2763.0250983344226,2838.075972590375,2879.041241455082,2932.3065147117377,2996.8085716417145,3127.8557370786357,2756.522277202994,2733.576828552405,2704.0186556404237,2692.924641959636,2688.7375936668586,2692.823196892356,2800.647018466851,2847.624025906158,2895.1185858595536,2941.927653633883,2987.3321277178866,3072.3779744581952
2022-02-04,2774.6996787742373,2771.7810336642833,2729.0958489312106,2692.977615695533,2657.9538743760886,2622.930133056644,2749.891195339631,2826.8183414519817,2869.1908142089883,2918.686170865287,2980.1722945149786,3109.6142051414254,2794.7974290881525,2766.7420793593737,2732.697305714399,2718.406085416668,2710.94297632939,2710.354369902476,2802.738990241461,2846.8156122987775,2892.091951474859,2937.194824387771,2981.282733727903,3064.531895983247
2022-02-04,2833.0725809733117,2798.0488396538667,2761.930606418189,2728.0013570149777,2687.1403254756256,2646.279293936274,2739.6759374547923,2815.560710313589,2861.5293707953597,2907.0115904254717,2965.287204454214,3092.831995759191,2835.8248433553845,2803.445472113788,2764.731739471781,2747.214480363204,2736.467481143733,2731.1666058674937,2807.520491362826,2848.484314816769,2891.3485517747495,2934.5712345284164,2977.1874209394605,3058.3784652172994
2022-02-04,2876.852257622617,2824.31664564345,2794.765363905169,2763.025098334422,2727.271695737489,2675.465745035811,2732.379324679908,2804.3030791751958,2856.0569112141966,2897.2827733922927,2952.1533014594224,3077.5091089319344,2878.2283888136535,2842.5076261664994,2799.376227205146,2778.7449265284254,2764.8004739326852,2754.8497719180473,2814.818003808574,2852.4925158976107,2892.7770094575385,2933.965177995525,2974.969558717204,3053.862185514154
2022-02-04,2920.631934271923,2876.852257622617,2827.600121392148,2798.0488396538667,2763.7547596119107,2710.4894863552554,2728.0013570149777,2793.0454480368035,2852.773435465499,2889.49971976575,2940.770585530603,3063.645544659654,2921.319999867441,2883.1422877514087,2836.050756919831,2812.502505508935,2795.50987962323,2781.045001793445,2824.4692042674546,2858.710243398923,2896.2713802606454,2935.2889359488167,2974.5555215487348,3050.929379789785
2022-02-05,2964.4116109212287,2920.6319342719225,2860.434878879127,2833.0725809733112,2800.2378234863318,2742.594582564746,2726.5420344600007,2785.5403606112077,2848.395467800568,2883.662429545842,2931.139056667756,3051.2413029423506,2964.7556437189874,2924.8252876911174,2874.304208175543,2848.082284065589,2828.230096230508,2809.438287515581,2836.322241899911,2867.0147458529013,2901.730887934298,2938.4586034106305,2975.8745711966485,3049.528130864558
2022-02-06,3008.1912875705343,2964.4116109212277,2893.2696363661066,2868.0963222927558,2836.7208873607537,2783.4556141040985,2728.0013570149777,2780.5369689941444,2844.0175001356374,2879.7709027325704,2923.258714870881,3040.296383780025,3008.363303969413,2967.2071798673583,2913.78570951872,2885.1529531845435,2862.6517682288663,2839.7548721036137,2850.235062694745,2877.2900913177314,2909.059672143349,2943.3939234458135,2978.858743472068,3049.6082237614532
2022-02-07,3051.9709642198395,3008.191287570534,2942.5217725965754,2903.1200636122003,2873.203951235175,2821.3980005334965,2732.379324679908,2778.035273185613,2839.6395324707073,2877.8251393259347,2917.129560139978,3030.810787172675,3052.056972419279,3010.0550002012874,2954.222360929926,2923.443441854471,2898.513133250448,2871.754343199305,2866.0747774156744,2889.4267885150325,2918.166548666559,2950.018128551176,2983.442739448424,3051.1210898961367
2022-02-07,3095.7506408691456,3051.9709642198395,2986.301449245881,2938.143804931645,2909.687015109596,2859.3403869628946,2739.6759374547923,2778.035273185613,2835.2615648057763,2877.8251393259347,2912.7515924750473,3020.595529287837,3095.793644968865,3053.2134393070082,2995.4019068384873,2962.7319647024674,2935.59270006091,2905.2263399891986,2883.717070325531,2903.3214290152223,2928.9647812934804,2958.2577889410572,2989.5638209413664,3054.0197530968785
2022-02-09,3139.5303175184513,3095.750640869145,3030.081125895187,2986.301449245881,2946.1700789840174,2897.2827733922927,2749.8911953396305,2780.536968994145,2830.883597140846,2879.770902732571,2910.124811876089,3010.3802714029994,3139.5518195683107,3096.5789575939248,3037.159259578325,3002.8370609688836,2973.7030530004245,2939.9867967615187,2903.0456460572877,2918.8763493014744,2941.371864848323,2968.0426674291743,2997.161710087499,3058.2587773942982
2022-02-09,3183.309994167757,3139.5303175184504,3073.860802544493,3030.0811258951867,2982.653142858439,2935.2251598216912,2763.025098334422,2785.540360611208,2829.789105224613,2880.7437844358883,2909.2492183431027,3002.3539973506263,3183.3207451926864,3140.0825286683043,3079.366017631378,3043.610262759462,3012.685609587599,2975.874656018462,2923.9517121708213,2935.999311607896,2955.3093187980176,2979.3055806199523,3006.1784928612074,3063.794216522931
2022-02-10,3183.309994167757,3157.042188178173,3101.2231004503083,3060.7268995497006,3019.1362067328596,2964.4116109212277,2774.6996787742373,2789.2929043240056,2827.600121392148,2878.7980210292526,2907.4980312771304,2993.598062020765,3161.4255313555686,3139.8984582850194,3092.7358620507275,3061.0502727156418,3032.2001800384996,2996.3316137059605,2937.8600092900238,2947.306589714038,2964.2957089795023,2986.2718735285825,3011.407976181099,3066.277367375251
2022-02-10,3154.1235430682195,3157.042188178173,3117.640479193798,3082.6167378743535,3044.6743514449554,2987.760771800858,2786.374259214052,2793.0454480368035,2825.411137559683,2874.906494215981,2905.746844211159,2984.842126690904,3128.588086112357,3125.1825191463945,3093.4058128992647,3067.359430561733,3041.977174012445,3008.7589921013587,2948.046501649967,2955.553481444878,2970.7081446814364,2991.0318199346934,3014.7155316590615,3067.243704211119
2022-02-11,3095.7506408691456,3139.530317518451,3123.112938774961,3095.750640869145,3062.915883382166,3005.2726424605803,2798.0488396538663,2796.797991749601,2823.2221537272176,2869.0692039960736,2903.9956571451867,2976.0861913610433,3090.279525166098,3100.7786675042094,3084.1980687482815,3064.5615275904797,3043.514680198198,3014.160488616169,2954.7513056867333,2960.9100082657087,2974.6721846589194,2993.6813479470916,3016.1765290143862,3066.7429586376334
2022-02-11,3051.9709642198395,3104.5065761990068,3117.640479193798,3100.1286085340753,3073.8608025444923,3025.703158230256,2809.7234200936814,2800.5505354623983,2821.0331698947525,2861.286150369531,2902.244470079215,2967.3302560311818,3049.235406368316,3069.9162075263175,3067.3076729310046,3054.3123930413985,3038.0803121016347,3013.4143384854647,2958.19904645343,2963.5367460048656,2976.30726284973,2994.312214887241,3015.8633822910974,3064.823231717395
2022-02-11,3008.1912875705343,3051.9709642198395,3101.2231004503083,3095.750640869145,3077.5091089319344,3037.377738670071,2821.3980005334965,2804.303079175196,2818.844186062287,2854.475978446305,2897.8665024142833,2958.574320701321,3006.823508644772,3034.7480086579544,3044.441881373277,3037.966796292277,3026.7466657661876,3007.2889975399353,2958.5998570642555,2963.58534961133,2975.7269871459002,2993.01218862785,3013.845665766789,3061.531047428987
2022-02-12,2964.4116109212287,3008.191287570534,3073.8608025444923,3082.6167378743535,3073.860802544492,3043.2150288899784,2833.0725809733112,2808.0556228879936,2816.6552022298215,2847.6658065230795,2891.7373476833804,2949.8183853714595,2963.7277214583473,2996.7093171959436,3016.9285597951985,3016.633185015849,3010.4213224593773,2996.4568646314337,2956.1503136582987,2961.1990487591406,2973.039423591072,2989.8652210471573,3010.1902253160097,3056.911404374645
2022-02-15,2964.4116109212287,2990.6794169108116,3051.9709642198395,3073.8608025444923,3073.8608025444923,3051.97096421984,2849.1251290780565,2815.560710313589,2817.7496941460545,2843.7742797098085,2886.483786485464,2943.251433874064,2985.9595045144406,3000.5366406541402,3014.986943745273,3015.0982945712462,3010.0782401687857,2997.9236674988215,2959.5077958461848,2963.8097286931065,2974.754148663241,2990.662006548174,3010.111835600501,3055.3140234958178
2022-02-15,2993.598062020765,2990.6794169108116,3030.081125895187,3065.104867214631,3073.8608025444923,3060.7268995497006,2868.0963222927558,2825.567493547716,2821.033169894752,2841.8285163031724,2881.230225287547,2938.143804931645,3018.96523436714,3017.6814151760395,3023.205614961844,3021.8024163255354,3016.5232746381785,3004.679579588949,2965.4731615477103,2968.707575111259,2978.5208225928313,2993.327613403464,3011.753370056161,3055.2044149949656
2022-02-15,3051.9709642198395,3008.191287570534,3024.6086663140236,3056.34893188477,3073.8608025444923,3069.482834879562,2889.9861606174086,2838.075972590375,2826.505629475915,2841.828516303173,2875.976664089631,2934.4954985442027,3057.3579376181424,3043.704490407075,3039.326731830133,3035.2475480607372,3028.712100212173,3016.0634622489733,2973.8781602136096,2975.765523208919,2984.2393503136273,2997.780788510667,3015.047380676278,3056.53379944986
2022-02-15,3095.7506408691456,3043.2150288899784,3030.0811258951867,3047.592996554909,3073.860802544492,3078.238770209423,2910.4166763870844,2853.086147441565,2834.167072889544,2843.774279709808,2873.3498834906723,2932.3065147117372,3098.4441275682966,3075.6464327775334,3061.5941953164265,3054.208051598503,3045.761056720831,3031.4968191576577,2984.565396168761,2984.8635673372264,2991.81451944557,3003.943811511006,3019.9290644740104,3059.254996763591
2022-02-17,3095.7506408691456,3069.482834879562,3030.0811258951867,3038.837061225048,3062.9158833821657,3078.238770209423,2930.8471921567607,2866.84547438849,2840.7340243869394,2844.747161413126,2869.8475093587276,2929.3878696017837,3075.207545894068,3067.754609924969,3059.4556995171856,3053.801308438746,3046.716427105294,3034.0560872904302,2988.9141424946374,2988.591756052927,2994.7489801662664,3006.031948585303,3021.1856095620824,3059.0161760244514
2022-02-17,3066.564189769608,3069.4828348795622,3030.0811258951867,3030.0811258951862,3044.674351444955,3072.4014799895153,2946.899740261506,2880.6048013354143,2847.3009758843355,2845.720043116444,2866.3451352267834,2926.46922449183,3041.699416732301,3047.9001691401572,3048.063607973485,3045.5085773717988,3040.789482561485,3030.822987325443,2990.157829273727,2989.680618915016,2995.4047024786696,3006.1258328890085,3020.676028307512,3057.3497862390736
2022-02-17,3008.1912875705343,3051.9709642198395,3030.0811258951862,3021.3251905653256,3030.081125895187,3060.7268995497006,2960.0336432562976,2894.364128282339,2853.8679273817315,2846.692924819762,2862.8427610948393,2923.550579381876,3003.0555138267646,3020.0706497338474,3029.474275295206,3030.763674380786,3029.0390407706764,3022.521565274916,2988.4967829284046,2988.2767851375834,2993.892844353916,3004.3121710643222,3018.469580566874,3054.302632949958
2022-02-17,2964.4116109212287,3016.947222900395,3030.0811258951867,3012.5692552354644,3015.4879003454184,3043.2150288899784,2970.248901141136,2908.1234552292635,2860.434878879127,2847.66580652308,2859.3403869628946,2920.6319342719225,2961.8437240493436,2986.924411246539,3005.287088401143,3010.73972163372,3012.361024386252,3009.7853613995417,2984.1184055957283,2984.518737867269,2990.3191414230873,3000.673899899435,3014.6328101239346,3049.919987091653
2022-02-18,2920.631934271923,2964.411610921228,3013.663747151697,3003.8133199056033,3000.89467479565,3019.8658680103485,2977.5455139160194,2918.130238463391,2867.0018303765232,2848.638688226398,2855.8380128309504,2915.5243053295035,2919.3479908359805,2950.233693371898,2976.7460148948044,2986.3965463589734,2991.5135218072314,2993.168723427426,2977.1980089523017,2978.5372667425663,2984.7841714816013,2995.290350235226,3009.229651202314,3044.2456353057723
2022-02-18,2876.852257622617,2920.6319342719225,2986.3014492458815,2995.057384575742,2986.301449245881,2999.4353522406727,2981.92348158095,2929.3878696017837,2873.5687818739193,2849.611569929715,2852.335638699006,2908.957353832108,2876.210285904646,2911.179989239036,2944.818585134473,2958.5194617433986,2967.1379924481666,2973.156705620662,2967.8995942439797,2970.4558953109413,2977.383606090953,2988.2374037455775,3002.3215308011763,3037.3219286063345
2022-02-18,2833.0725809733117,2876.852257622617,2947.9942321777385,2973.1675462510893,2971.7082236961123,2979.0048364709965,2983.3828041359275,2936.892957027379,2880.135733371315,2850.5844516330335,2848.8332645670616,2900.931079779735,2832.751595114326,2870.550960934026,2910.257322732147,2927.7509967580545,2939.777209659834,2950.17373045858,2956.376581991078,2960.3912847005563,2968.2084499071993,2979.587642901161,2993.9674670177574,3029.1898294495218
2022-02-20,2789.292904324006,2833.0725809733112,2898.7420959472697,2942.5217725965754,2957.114998146344,2958.5743207013206,2981.92348158095,2941.8963486444427,2886.7026848687105,2851.5573333363513,2845.330890435117,2891.445483172385,2789.132411394513,2828.8717165142502,2873.6475238304924,2894.616856924717,2909.8904432005825,2924.5911676105948,2942.7724946158282,2948.4536148657867,2957.3452683348823,2969.410494413054,2984.2241635141086,3019.8889572601674
2022-02-20,2745.5132276747004,2789.2929043240056,2854.962419297964,2903.1200636122003,2931.576853434249,2938.143804931645,2981.923481580951,2944.3980444529743,2893.269636366106,2852.5302150396697,2841.828516303173,2880.500564010059,2745.4329812099536,2786.4923280179646,2835.444418762693,2859.547164943022,2877.866305942861,2896.733965537445,2927.2215950293485,2934.746944652431,2944.8764040758833,2957.7723664396776,2973.1461002792566,3009.457632465567
2022-02-20,2701.7335510253947,2745.5132276747,2811.1827426486584,2854.9624192979636,2898.7420959472697,2917.713289161969,2977.5455139160194,2944.3980444529743,2896.553112114804,2853.503096742987,2838.3261421712277,2870.2853061252213,2701.6934277930213,2743.6461768040062,2796.0020755656706,2822.8938393853973,2844.0336241633577,2866.8864541422754,2909.8494840194608,2919.369551859301,2930.8801831149176,2944.7367798282175,2960.785620832074,2997.932919085565
2022-02-21,2657.953874376089,2701.7335510253943,2767.4030659993523,2811.1827426486584,2858.610725685406,2897.2827733922927,2970.2489011411362,2941.8963486444427,2900.9310797797352,2854.4759784463054,2834.8237680392836,2860.070048240383,2657.933812759902,2700.488850444932,2755.5958804903626,2784.944813629286,2808.6706354808075,2835.2974220903393,2890.7736590973523,2902.414254407494,2915.43111065696,2930.3644936498945,2947.1930160044158,2985.3506659262407
2022-02-25,2657.953874376089,2684.2216803656725,2740.040768093537,2780.5369689941444,2822.1276618109846,2876.852257622617,2964.411610921228,2940.6455007401764,2905.3090474446653,2858.367505259577,2833.948174506297,2852.04377418801,2679.833681892648,2700.9037506384193,2743.626473942592,2769.815493155851,2792.2187763338206,2818.6019382072213,2878.57752309271,2891.265326441822,2905.0068394554205,2920.424017883612,2937.5671546326894,2976.0517441261986
2022-02-25,2687.140325475626,2684.221680365672,2723.623389350047,2758.6471306694916,2796.5895170988897,2856.421741852941,2958.574320701321,2939.3946528359106,2909.6870151095964,2864.204795479484,2834.8237680392836,2845.4768226906144,2712.673454783674,2715.7735763171795,2744.045752549727,2765.3968994320053,2785.03330730934,2809.4658493906563,2869.9927298399357,2883.167987621426,2897.2266632709952,2912.819200918007,2930.0356280853175,2968.493104242532
2022-02-27,2701.7335510253947,2675.465745035811,2701.7335510253943,2732.379324679908,2767.4030659993527,2827.2352907534037,2948.3590628164825,2938.143804931645,2910.781507025829,2869.0692039960736,2834.8237680392836,2838.1802099157303,2685.3136645798813,2696.5003423368157,2724.9142240666965,2745.8618039672933,2765.482625319609,2790.526852513836,2856.3128036809776,2870.6560924411297,2885.5548199102677,2901.7380997640107,2919.365755390838,2958.3114901485355
2022-02-28,2716.326776575163,2692.977615695533,2696.261091444231,2719.2454216851165,2749.1615340621424,2800.9674847638203,2939.6031274866214,2936.8929570273785,2912.970490858294,2873.9336125126633,2837.450548638242,2833.0725809733117,2715.4134461272906,2712.837970782777,2729.491780424031,2745.7984264595493,2762.410410297315,2784.900149408944,2849.1644439386373,2863.703711065217,2878.723522728045,2894.945714020997,2912.5480092058915,2951.334497936269
2022-02-28,2730.920002124932,2728.0013570149777,2701.7335510253943,2714.867454020186,2738.2166148998162,2783.455614104098,2930.8471921567602,2935.642109123113,2915.1594746907595,2881.7166661392066,2841.828516303173,2829.424274585869,2752.353175225648,2738.3229486298533,2742.7809190684698,2753.706513343996,2766.5461786091137,2785.4492437733265,2845.3017639634995,2859.569777357372,2874.361053537604,2890.3521135993883,2907.7144756811117,2946.021658801433
2022-02-28,2789.292904324006,2754.2691630045615,2718.150929768884,2719.245421685117,2734.5683085123733,2771.781033664283,2922.091256826899,2934.3912612188474,2917.3484585232245,2888.526838062432,2847.9576710340752,2827.2352907534037,2792.71287809948,2769.9061594110062,2762.845732825101,2768.136707458417,2776.7810097420675,2791.402160923325,2844.5127844157455,2858.097710891591,2872.3469817051996,2887.861699137385,2904.7873425553157,2942.318410348047
2022-02-28,2833.0725809733117,2780.5369689941444,2745.5132276747,2732.379324679908,2738.2166148998153,2765.9437434443757,2913.3353214970384,2933.1404133145816,2919.53744235569,2895.337009985657,2855.8380128309495,2826.505629475915,2834.7825678610484,2805.5548588148763,2788.180516113438,2787.9031711246353,2792.176586339075,2802.0834230107366,2846.5992020419953,2859.139630154426,2872.5667512621467,2887.3830277671777,2903.691849028544,2940.1719791111454
2022-03-01,2876.852257622617,2833.0725809733112,2783.8204447428425,2754.269163004561,2749.1615340621415,2765.9437434443757,2904.5793861671773,2931.8895654103153,2925.0099019368527,2902.1471819088824,2865.469541693797,2827.2352907534037,2877.7072510664857,2843.913883967225,2817.614164593101,2812.0356735150513,2811.9389475595135,2816.901986918385,2851.375507347152,2862.5558692720647,2874.9113943357943,2888.8286323978186,2904.3561660969117,2939.5313219033014
2022-03-01,2920.631934271923,2876.852257622617,2816.6552022298215,2784.9149366590746,2767.4030659993527,2771.781033664283,2895.823450837316,2930.6387175060495,2929.3878696017837,2908.957353832108,2874.2254770236586,2829.424274585869,2921.059430993857,2884.0797929518926,2850.235819332685,2839.7403894070835,2835.396280384393,2835.3406899187407,2858.668159190641,2868.214521585907,2879.277258559474,2892.1148488553586,2906.7112815802184,2940.347069084218
2022-03-03,2920.631934271923,2894.364128282339,2833.0725809733112,2811.1827426486584,2781.9962915491215,2774.699678774237,2887.067515507455,2925.635325888986,2930.482361518016,2912.8488806453793,2882.9814123535198,2830.883597140846,2898.955844308237,2881.6706145088006,2856.1505833971146,2846.488001809908,2841.7741230364268,2840.5296358817254,2859.8413268314134,2868.6943958101688,2879.1589658308467,2891.451257932196,2905.540339464234,2938.265271987114
2022-03-04,2891.4454831723856,2894.3641282823396,2854.9624192979645,2824.31664564345,2796.5895170988897,2777.6183238841904,2878.311580177594,2918.130238463391,2929.3878696017837,2914.7946440520154,2889.1105670844227,2832.3429196958227,2866.014212640774,2865.471269996971,2851.0221384140477,2844.0488343850725,2840.435424257486,2839.597504018174,2858.1143109696004,2866.71540609701,2876.910849496333,2888.913054586157,2902.698466582237,2934.816331298133
2022-03-04,2833.0725809733117,2876.852257622617,2860.434878879127,2828.694613308381,2811.1827426486584,2780.5369689941444,2869.5556448477323,2908.123455229264,2926.104393853086,2914.7946440520154,2893.488534749353,2833.8022422507997,2827.6535584823896,2840.0784814393155,2837.304530838483,2834.0932107376057,2832.5673442677194,2833.3094290564027,2853.674220218272,2862.41415599851,2872.636803390366,2884.5817437051937,2898.2511896309334,2930.0450713973364
2022-03-04,2789.292904324006,2841.8285163031724,2854.962419297964,2837.450548638242,2814.8310490361005,2783.455614104098,2860.7997095178716,2895.614976186605,2920.6319342719225,2915.7675257553333,2896.115315348311,2835.2615648057763,2786.5833930785448,2808.5567301844435,2816.906463468754,2817.9877592716225,2819.174403253409,2822.33490388369,2846.696091667074,2855.919659980521,2866.4356533554555,2878.5352864864767,2892.2614656326496,2923.9948470129816
2022-03-04,2745.5132276747004,2789.2929043240056,2838.5450405544743,2833.0725809733112,2811.1827426486584,2786.374259214052,2852.04377418801,2880.6048013354143,2912.9704908582944,2913.821762348697,2896.990908881298,2836.7208873607533,2744.1584720519695,2772.949003798094,2791.3124829257854,2796.8506304995813,2801.1065798337145,2807.259734776403,2837.3436696901917,2847.3537650385692,2858.4014044613064,2870.8482545099077,2884.7897827068746,2916.707591406824
2022-03-04,2701.7335510253947,2745.5132276747,2811.1827426486584,2819.938677978519,2811.1827426486584,2789.292904324006,2843.2878388581494,2866.8454743884895,2903.1200636122003,2909.9302355354253,2896.1153153483115,2838.1802099157303,2701.056173214029,2734.617293990759,2761.677236581408,2771.596674840764,2779.0830866863876,2788.596502226364,2825.7701345086366,2836.8315488906537,2848.6234761644664,2861.5919771127856,2875.894256889981,2908.223862979579
2022-03-06,2657.953874376089,2701.7335510253943,2772.8755255805163,2798.0488396538667,2800.2378234863318,2783.455614104098,2830.1539358633577,2853.086147441565,2891.0806525336416,2904.092945315518,2893.4885347493528,2839.639532470707,2657.615185470406,2694.4695952361003,2728.898783502603,2742.974406274586,2753.7124883849096,2766.7937141639163,2812.1187837485168,2824.4616960482163,2837.1869259967743,2850.8346823568722,2865.630725158091,2898.5828903483307
2022-03-06,2614.1741977267834,2657.9538743760886,2723.623389350047,2767.4030659993527,2781.9962915491215,2771.7810336642838,2814.1013877586124,2839.3268204946403,2876.852257622617,2896.309891688975,2889.110567084422,2841.098855025684,2614.0048532739415,2653.111237183226,2693.6756140747975,2711.596245329657,2725.5097241837666,2742.2438150281114,2796.5236700278047,2810.346852994286,2824.1726623421746,2838.6416318664637,2854.052834801989,2887.822615945998
2022-03-07,2570.3945210774777,2614.174197726783,2679.8437127007414,2728.0013570149777,2756.4581468370266,2763.025098334422,2795.130194543913,2825.567493547716,2860.434878879127,2886.581074655796,2885.608192952478,2842.558177580661,2570.309848851057,2610.9457729315413,2656.55099859777,2677.963263347569,2694.9105119136752,2715.2901937031193,2779.1101974084736,2794.583963629502,2809.6576468341746,2825.075249803929,2841.212129297133,2875.979738191305
2022-03-09,2570.3945210774777,2596.6623270670607,2652.4814147949255,2692.977615695533,2734.5683085123733,2754.269163004561,2777.618323884191,2815.560710313589,2845.11199205187,2877.8251393259347,2882.1058188205334,2844.0175001356374,2592.24202328892,2612.021914529955,2647.133931737551,2666.365251416517,2682.489540500307,2702.6506942060773,2768.469165170945,2784.561198857128,2800.1218688289355,2815.905638844053,2832.3086810002565,2867.395949979346
2022-03-09,2599.5809721770147,2596.6623270670607,2636.064036051436,2671.0877773708803,2712.678470187721,2745.5132276747,2764.484420889399,2808.055622887994,2833.0725809733112,2869.0692039960736,2878.603444688589,2847.66580652308,2625.0979488325042,2627.3325678119995,2649.538363435004,2664.835910136439,2678.7148226350428,2697.063591727329,2761.3391464099864,2777.527458608181,2793.1868447092843,2809.038170823707,2825.4712376032303,2860.5289966808728
2022-03-09,2657.953874376089,2614.1741977267834,2630.5915764702727,2657.9538743760886,2690.7886318630676,2736.757292344839,2754.269163004561,2799.2996875581325,2823.222153727217,2860.3132686662125,2875.1010705566446,2850.5844516330335,2663.4157499289495,2652.132895549798,2661.1372940106467,2671.544572116249,2682.2561654643273,2697.647336639587,2757.4936241271093,2773.3166859646926,2788.7257084320217,2804.3727525716063,2820.61877930606,2855.3225886265905
2022-03-10,2657.953874376089,2622.930133056644,2619.646657307946,2640.4420037163663,2668.8987935384152,2719.2454216851165,2742.594582564746,2786.791208515474,2812.277234564891,2848.638688226398,2868.971915825742,2851.3141129105215,2638.794973827866,2639.4799962754596,2650.7010503920105,2661.113594954528,2671.7820165816283,2687.2131942754863,2748.2472095206363,2764.475436618142,2780.211000592742,2796.1032501870486,2812.5229133617745,2847.4160840069185
2022-03-11,2628.7674232765517,2631.686068386505,2608.70173814562,2622.930133056644,2647.008955213762,2695.8962608054867,2730.9200021249317,2771.7810336642833,2801.3323154025647,2835.0183443799474,2861.0915740288674,2850.5844516330335,2604.594747452672,2616.451504542799,2632.8551549887816,2644.6192178859733,2656.183940350221,2672.610860125735,2736.772842524303,2753.6931635325495,2769.976050372485,2786.2898271822846,2803.027682291802,2838.333409812504
2022-03-13,2570.3945210774777,2614.174197726783,2597.7568189832937,2605.418262396922,2625.119116889109,2666.7098097059497,2719.245421685117,2754.269163004561,2790.3873962402386,2819.4522371268604,2851.46004516602,2848.395467800568,2565.604795940422,2586.5059511712566,2609.246197086424,2623.163877257282,2636.25023328529,2654.36135816354,2723.214262001972,2741.077701360084,2758.1047720337383,2774.9996105408013,2792.187963159895,2828.113128980224
2022-03-15,2570.3945210774777,2605.418262396922,2603.2292785644563,2601.0402947319917,2614.174197726783,2649.197939046228,2711.9488089102324,2741.7606839619025,2782.72595282661,2807.7776566870457,2842.7041098361583,2846.9361452455914,2589.8894968336026,2595.7287000230986,2610.3413083398373,2621.5293900699185,2632.853920122443,2649.337963108945,2716.1794191455083,2734.0275067137895,2751.0837684090084,2768.0072012880178,2785.207031182126,2821.0987377915817
2022-03-16,2599.5809721770147,2596.6623270670607,2619.646657307946,2605.418262396922,2610.525891339341,2637.523358606413,2707.5708412453014,2731.7539007277755,2773.9700174967484,2798.0488396538667,2833.9481745062976,2845.4768226906144,2623.9216856048456,2616.4704248074286,2620.9218785701155,2628.1520235801313,2636.715451546081,2650.4149520173382,2712.422932386191,2729.8011938061395,2746.5408467488655,2763.222274030977,2780.2167113073792,2815.749725876316
2022-03-16,2657.953874376089,2614.1741977267834,2630.5915764702727,2618.552165391714,2614.174197726783,2631.6860683865048,2706.1115186903253,2724.24881330218,2765.2140821668877,2790.265786027324,2825.1922391764365,2844.017500135638,2662.82761831512,2644.891466880084,2638.880028004622,2641.5304831156336,2646.7182360813604,2656.8297768933453,2711.733294879043,2728.24188031832,2744.355125006257,2760.548851291604,2777.1389403159287,2812.0114906352997
2022-03-16,2701.7335510253947,2649.1979390462275,2641.536495632599,2640.4420037163663,2625.1191168891096,2631.6860683865048,2707.5708412453014,2719.2454216851165,2756.458146837026,2784.428495807416,2816.4363038465754,2844.747161413126,2704.17042299491,2678.4320538116226,2662.5762945979727,2660.436436671828,2661.9174655572588,2667.9152082410146,2713.912645381989,2729.201399615897,2744.4116178193517,2759.8951285256517,2775.8987162907824,2809.8312197185573
2022-03-17,2745.5132276747004,2701.7335510253943,2652.4814147949255,2657.9538743760886,2643.36064882632,2637.523358606413,2711.9488089102324,2716.7437258765844,2747.702211507165,2780.5369689941444,2807.6803685167133,2844.7471614131264,2746.731663659458,2715.3856706490837,2690.735541203758,2683.86488533586,2681.513686905989,2683.0874202513883,2718.7758878943773,2732.5398165441256,2746.6009488683594,2761.1732926907976,2776.423978566595,2809.1578323285717
2022-03-18,2789.292904324006,2745.5132276747,2679.843712700742,2675.465745035811,2668.898793538415,2649.197939046228,2719.245421685117,2716.7437258765844,2742.229751926002,2778.5912055875087,2801.5512137858113,2844.747161413126,2789.9021223163845,2754.6146407571596,2722.3659944858814,2710.993557269942,2704.830439839423,2701.835565341629,2726.1498680930185,2738.124970123525,2750.819077263723,2764.299348703081,2778.6454923864662,2809.9419224480716
2022-03-18,2833.0725809733117,2789.292904324005,2718.1509297688835,2692.977615695533,2690.7886318630676,2666.7098097059497,2725.0827119050236,2719.2454216851165,2738.946276177304,2775.6725604775547,2797.1732461208803,2844.7471614131264,2833.3771899695007,2795.3605130456453,2756.696275182934,2741.1496846067917,2731.2953348829915,2723.7126518767523,2735.8726029013797,2745.8320416512524,2756.96703728123,2769.1929534387127,2782.496738082002,2812.1357039292056
2022-03-18,2876.852257622617,2833.0725809733112,2767.4030659993527,2723.623389350047,2712.6784701877204,2690.0589705855796,2730.920002124931,2724.24881330218,2737.8517842610718,2772.7539153676016,2794.546465521922,2844.7471614131264,2877.004562120712,2837.1176534544043,2793.126421647154,2773.7828209095424,2760.424042481289,2748.3275621761486,2747.7925597639955,2755.5431467968456,2764.9506907929713,2775.7772569532003,2787.913804599254,2815.692957383067
2022-03-22,2920.631934271923,2876.852257622617,2811.1827426486584,2763.025098334422,2734.5683085123733,2719.2454216851165,2741.1352600097694,2731.753900727775,2738.946276177304,2769.835270257647,2793.670871988936,2844.747161413126,2920.70808652097,2879.548972610012,2831.189797041393,2808.4426009116673,2791.8067453182025,2775.3380682692837,2761.767982419301,2767.146950359311,2774.6804917748373,2783.9787506039843,2794.8352872001165,2820.5689788105506
2022-03-23,2964.4116109212287,2920.6319342719225,2854.962419297964,2811.1827426486584,2767.4030659993527,2745.5132276747,2749.8911953396305,2741.760683961902,2742.229751926002,2766.9166251476936,2794.546465521922,2844.7471614131264,2964.449687045752,2922.4297442635193,2870.523461603425,2844.7605439405525,2825.0966748954843,2804.44472068194,2777.6662601709936,2780.538302426601,2786.0712623014565,2793.727121776443,2803.2021891754266,2826.7205299174384
2022-03-24,3008.1912875705343,2964.4116109212277,2898.7420959472697,2854.9624192979636,2807.5344362612163,2771.781033664283,2758.647130669492,2754.269163004561,2747.702211507165,2766.9166251476936,2797.173246120881,2844.747161413126,3008.2103256327955,2965.6101509156265,2910.8451288515175,2882.435165809514,2860.000411714616,2835.3855011241776,2795.363337851564,2795.6178947484477,2799.041979468207,2804.9551149261556,2812.957827412463,2834.1057900585047
2022-03-24,3051.9709642198395,3008.191287570534,2942.5217725965754,2898.74209594727,2854.9624192979645,2798.0488396538667,2767.4030659993527,2765.5267941429543,2755.363654920794,2768.8623885543298,2798.9244331868526,2844.7471614131264,3051.9804832509703,3008.990314233466,2951.935242633213,2921.219797638538,2896.2696777383894,2867.9311435922987,2814.7431638526987,2812.291936199598,2813.5155727072774,2817.5983986628075,2824.047741665666,2842.684309757218
2022-03-26,3095.7506408691456,3051.9709642198395,2986.301449245881,2942.521772596575,2898.7420959472697,2833.0725809733112,2776.159001329214,2776.7844252813466,2765.2140821668872,2772.753915367601,2800.6756202528254,2844.7471614131264,3095.755400384711,3052.503648661794,2993.623037052155,2960.9126194348855,2933.6943915507068,2901.8810403330676,2835.697173766618,2830.4718462728674,2829.4187309907497,2831.595438613053,2836.4196073853827,2852.416965749394
2022-03-27,3139.5303175184513,3095.750640869145,3030.081125895187,2986.301449245881,2942.5217725965754,2873.9336125126633,2784.9149366590746,2791.794600132537,2777.2534932454464,2778.5912055875087,2802.4268073187973,2844.747161413126,3139.5326972762336,3096.1057638304483,3035.7756941889556,3001.3485057499533,2972.09679195333,2937.059659562404,2858.1238073408854,2850.073965600361,2846.681719438409,2846.8873758110835,2850.023151965084,2863.2659175008203
2022-03-27,3183.309994167757,3139.5303175184504,3073.860802544493,3030.0811258951867,2986.301449245881,2920.6319342719225,2793.670871988936,2805.553927079462,2791.4818881564706,2786.374259214052,2804.1779943847696,2844.7471614131264,3183.311184046648,3139.7670661593197,3078.289911217424,3042.392353943973,3011.3264656246733,2973.313410969236,2881.928056597413,2871.0192825568442,2865.238204871514,2863.4179103765605,2864.8100742730044,2875.1945651505384
2022-03-27,3227.089670817062,3183.3099941677565,3117.640479193798,3073.8608025444923,3030.0811258951867,2964.4116109212277,2806.804774983728,2819.3132540263864,2807.8992668999604,2796.1030762472305,2808.5559620496997,2846.9361452455914,3227.090265756508,3183.4678265950024,3121.0853414949675,3083.9336254934997,3051.2561397541645,3010.5079030313773,2907.0210431050878,2893.233175051818,2885.025089876141,2881.1331902500306,2880.7339673394113,2888.1675088330303
2022-03-28,3270.8693474663683,3227.089670817062,3161.4201558431037,3117.640479193798,3073.8608025444923,3008.191287570534,2822.857323088473,2833.0725809733112,2823.2221537272176,2807.7776566870457,2814.685116780603,2850.5844516330335,3270.8696449360905,3227.194892435226,3164.0994931884584,3125.8818797884405,3091.778121963627,3048.5255431669143,2933.3196225251254,2916.6451666664766,2905.982354960996,2899.981704765928,2897.7502440757353,2902.150509334106
2022-03-29,3314.649024115674,3270.869347466368,3205.1998324924093,3161.4201558431037,3117.640479193798,3051.97096421984,2841.828516303173,2846.831907920236,2838.5450405544743,2821.398000533496,2822.565458577478,2855.692080575452,3314.649172850535,3270.9394952118105,3207.2837615387966,3168.163119965993,3132.801287933066,3087.2634378666726,2960.7460146696317,2941.1886963386155,2928.0529084148484,2919.9141828528436,2915.816065906686,2917.1104500367637
2022-04-01,3358.4287007649796,3314.649024115673,3248.979509141715,3205.199832492409,3161.4201558431037,3095.7506408691456,2863.718354627825,2860.591234867161,2857.1514031304296,2836.9641077865826,2832.1969874403253,2862.2590320728486,3358.42877513241,3314.695789279302,3250.600342844461,3210.7168031384094,3174.248532468638,3126.631555310124,2989.227457427351,2966.80090084282,2951.182443487992,2940.883495659863,2934.8902742011014,2933.0153001147214
2022-04-01,3402.2083774142848,3358.428700764979,3292.7591857910206,3248.9795091417154,3205.1998324924098,3139.530317518451,2888.526838062432,2874.350561814085,2874.663273790152,2854.475978446305,2843.579703369144,2870.2853061252213,3402.208414598,3358.4598775407317,3294.0198342264903,3253.493394215715,3216.054612714015,3166.5511176543073,3018.695883016786,2993.422409355085,2975.3193025404603,2962.844563416547,2954.9333243917877,2949.8340789327235
2022-04-03,3445.988054063591,3402.2083774142848,3336.5388624403263,3292.7591857910206,3248.9795091417145,3183.3099941677565,2916.253966606992,2891.8624324738075,2892.175144449874,2873.9336125126633,2856.7136063639364,2879.7709027325704,3445.9880726554484,3402.229161931453,3337.5193667790254,3296.45236448793,3258.164323175381,3206.953194286631,3049.0876151262123,3020.9971494305196,3000.414347817165,2985.7542663424747,2975.9072226788894,2967.536821614047
2022-04-06,3445.988054063591,3419.7202480740075,3363.9011603461427,3323.4049594455346,3281.8142666286944,3218.3337354872006,2942.521772596576,2908.123455229264,2906.4035393608983,2889.49971976575,2868.9719158257417,2886.3378542299665,3424.0982250348666,3402.2222337590633,3351.89470247575,3315.6807304745403,3280.324946904443,3231.360092177588,3071.8695997899595,3042.1755509851737,3020.0140565780002,3003.860966823858,2992.624915021454,2981.7883480337314
2022-04-06,3416.8016029640535,3419.7202480740066,3380.3185390896315,3345.294797770187,3307.3524113407893,3247.520186586738,2968.7895785861588,2924.3844779847204,2918.4429504394575,2903.1200636122003,2881.230225287547,2891.4454831723856,3391.263462899923,3387.6243894277018,3353.346702095579,3323.4530887091655,3292.340909036833,3247.243668251012,3090.3572837238316,3059.745170417385,3036.522088001755,3019.2769552560803,3006.9701615212,2994.1372120577107
2022-04-06,3358.4287007649796,3402.2083774142848,3385.790998670795,3358.428700764979,3325.5939432779996,3270.869347466368,2995.0573845757417,2940.6455007401764,2928.293377685551,2917.713289161969,2893.4885347493528,2895.0937895598277,3352.9562435077983,3363.299267657026,3344.747218100045,3321.8523496921666,3295.7729267412697,3255.669337734095,3104.8277185878214,3073.9064956228453,3050.089255617068,3032.119219119541,3019.0359992700032,3004.6457960596144
2022-04-06,3314.649024115674,3367.1846360948402,3380.318539089632,3362.8066684299097,3336.5388624403263,3288.3812181260896,3016.947222900395,2956.906523495633,2935.9548210991793,2929.387869601784,2905.7468442111585,2897.2827733922927,3311.912795487083,3332.48929426014,3328.329913514784,3312.5827129238396,3291.941606852823,3257.5693389506287,3115.540081741276,3084.848876280819,3060.8590161950824,3042.4996594824465,3028.911816846332,3013.374437089347
2022-04-06,3270.8693474663683,3314.649024115673,3363.901160346142,3358.428700764979,3340.187168827768,3300.0557985659048,3035.918416115094,2973.167546251089,2944.710756429041,2939.1166866349627,2918.0051536729643,2900.2014185022467,3269.5012331520725,3297.356086445781,3305.8320818041793,3297.0385234498804,3281.964385924244,3253.7593804339326,3122.736829423585,3092.7511426439432,3068.967828615667,3050.525312149169,3036.6834973942036,3020.3814939328804
2022-04-06,3227.089670817062,3270.869347466368,3336.5388624403263,3345.294797770187,3336.538862440326,3305.8930887858123,3051.970964219839,2989.428569006546,2953.466691758902,2946.8997402615055,2927.6366825358114,2903.1200636122003,3226.4056136599147,3259.3407223531062,3278.604951218308,3276.360609034949,3266.786787192477,3244.9532071506605,3126.6447755361123,3097.7821899508217,3074.545495227964,3056.2985591934553,3042.4335560912054,3025.7234119733694
2022-04-11,3183.309994167757,3227.089670817062,3298.231645372184,3323.4049594455346,3325.5939432779996,3305.893088785813,3069.482834879562,3005.6895917620022,2962.222627088763,2952.737030481413,2935.5170243326866,2906.038708722154,3182.9679655891828,3219.403920741554,3247.699477062785,3251.482374213768,3247.2088687810883,3231.7753459466344,3127.476100825296,3100.1015303712456,3077.715486559207,3059.9173312945422,3046.2412722256076,3029.454785925668
2022-04-11,3139.5303175184513,3183.3099941677565,3248.979509141715,3292.7591857910206,3307.3524113407893,3300.0557985659048,3086.994705539284,3021.9506145174587,2970.978562418624,2956.628557294685,2944.2729596625477,2908.9573538321074,3139.3593032291637,3178.186160784084,3213.9330690197544,3223.167513605654,3223.907602948482,3214.772257811948,3125.429296957157,3099.859814287796,3078.595250184082,3061.4753012760466,3048.1828160939817,3031.628420513979
2022-04-11,3095.7506408691456,3139.530317518451,3205.1998324924093,3253.3574768066455,3281.8142666286944,3288.38121812609,3104.506576199006,3034.4590935601177,2979.7344977484854,2958.574320701321,2950.40211439345,2911.875998942062,3095.6651337245016,3136.114428596002,3177.941490175329,3192.040868262779,3197.4558123748443,3194.422096112934,3120.690049683781,3097.1993226173536,3077.2965045272895,3061.0620692301245,3048.331370922447,3032.2953891600732
2022-04-11,3051.9709642198395,3095.750640869145,3161.420155843103,3205.1998324924093,3248.979509141715,3270.869347466368,3117.6404791937975,3044.465876794244,2988.490433078346,2961.492965811274,2954.780082058381,2914.794644052015,3051.9282106475175,3093.473381587513,3140.219222929819,3158.61367177328,3168.3381931741815,3171.143245045134,3113.4320650313134,3092.254431781419,3073.925518334277,3058.763339592751,3046.757250006686,3031.5050907473014
2022-04-13,3051.9709642198395,3078.238770209423,3134.0578579372877,3174.5540588378954,3219.793058042178,3256.276121916599,3132.2337047435667,3055.723507932637,3000.5298441569053,2967.3302560311818,2960.0336432562976,2919.902272994434,3073.8394257583313,3094.2324680147235,3130.3373158052254,3147.1840297907106,3157.170877434945,3161.719169523135,3112.2913279885934,3092.4486656196264,3074.9901584579293,3060.3714831265074,3048.678559452272,3033.6115022267063
2022-04-17,3037.3777386700713,3051.9709642198395,3101.2231004503083,3139.530317518451,3179.661687780315,3232.9269610369693,3142.4489626284044,3066.98113907103,3011.474763319232,2972.1946645477715,2962.660423855256,2924.2802406593646,3041.0153566644326,3065.552074533327,3103.1937539752944,3121.9126221143147,3134.2509405327282,3142.52818427906,3105.5751963487182,3087.7677001724546,3071.731676951227,3058.1027789718996,3047.0908233000473,3032.778052565848
2022-04-19,3066.564189769608,3051.9709642198395,3084.805721706819,3117.6404791937975,3154.123543068219,3212.496445267294,3154.1235430682195,3081.991313922221,3025.703158230256,2979.9777181743148,2966.162797987201,2930.8471921567607,3068.3829987667887,3075.618263311933,3101.539728840595,3117.155898251557,3128.327817507561,3136.6809913528205,3104.941354059714,3088.2111968778268,3072.903333727711,3059.739642532649,3048.999051440012,3034.842727592186
2022-04-21,3037.3777386700713,3043.2150288899784,3062.9158833821657,3091.3726732042146,3124.9370919686826,3183.3099941677565,3161.4201558431037,3095.750640869145,3035.5535854763502,2986.78789009754,2967.0383915201865,2936.684482376668,3038.2871431686613,3053.1426047314667,3080.7956307805816,3097.3441508550077,3109.8452744403266,3120.619778380035,3098.699414286218,3083.7656463607545,3069.746648549312,3057.4984097082092,3047.398746974542,3033.9689098865574
2022-04-23,3022.784513120303,3034.459093560117,3041.026045057513,3065.1048672146308,3095.7506408691456,3148.286252848312,3165.798123508034,3105.7574241032726,3043.2150288899784,2993.598062020765,2968.789578586159,2942.521772596576,3001.349377044945,3023.56560679472,3054.932515256281,3073.174598139775,3087.4708646681574,3101.0937574476843,3090.035685036864,3077.134866614114,3064.6083540308687,3053.4511575870365,3044.144349482255,3031.688342707366
2022-04-26,2964.4116109212287,2999.4353522406727,3019.13620673286,3038.837061225048,3066.5641897696078,3116.1811566388214,3167.2574460630112,3113.2625115288674,3048.687488471142,3000.408233943991,2970.540765652131,2946.170078984018,2960.9906556584338,2989.254382620454,3025.087941704202,3045.43956834562,3061.80333691489,3078.536029550714,3079.106410793964,3068.44025926177,3057.585114042627,3047.6764087472493,3039.3007253563596,3028.04714898817
2022-04-26,2920.631934271923,2973.1675462510893,2997.246368408207,3012.5692552354644,3037.377738670071,3084.0760604293305,3165.7981235080347,3118.265903145931,3055.2544399685376,3007.218405867216,2972.291952718103,2948.359062816483,2918.9214566405253,2951.7870076211752,2992.1466785749612,3014.7873300323467,3033.349324716079,3053.325558059702,3066.0577557506513,3057.796481392928,3048.76887714409,3040.2492717418313,3032.930197209939,3023.0899394352
2022-04-26,2876.852257622617,2920.6319342719225,2975.3565300835544,2986.301449245881,3008.1912875705343,3051.970964219839,3161.4201558431037,3120.7675989544628,3061.821391465933,3014.028577790441,2974.0431397840757,2951.277707926436,2875.9970188069183,2912.215532071887,2956.7968791079284,2981.7482847488855,3002.5375179864227,3025.793935923903,3051.0264541521133,3045.311820258505,3038.247106599174,3031.241589534505,3025.092643632032,3016.8598621085794
2022-04-28,2876.852257622617,2903.1200636122003,2953.4666917589016,2973.1675462510893,2989.949755633323,3028.62180334021,3158.50151073315,3124.52014266726,3071.671818712027,3020.838749713666,2978.421107449006,2954.1963530363896,2898.3144765394204,2915.020999471899,2948.7602246999277,2970.636221025801,2989.9366589534225,3012.6486857174054,3042.6139044824235,3038.3851599259174,3032.5097811197957,3026.4324740883053,3020.9961452257535,3013.7048480811472
2022-04-29,2862.2590320728486,2876.852257622617,2931.5768534342487,2955.655675591367,2968.0599173086703,3002.3539973506267,3151.204897958266,3124.52014266726,3077.1442782931904,3024.7302765269383,2981.9234815809505,2954.926014313879,2865.6935287563656,2887.70485997237,2923.0518594273467,2945.624650107167,2965.803723879559,2990.2016726243937,3029.0951094173197,3026.9789055396614,3022.7811372102115,3018.0255222137407,3013.6265936864424,3007.7824786677747
2022-04-30,2847.6658065230804,2850.5844516330335,2893.269636366106,2925.009901936853,2946.170078984018,2976.086191361043,3140.989640073428,3122.018446858728,3080.427754041888,3026.6760399335744,2985.425855712895,2954.1963530363905,2827.4932165401856,2854.900874756249,2893.32764718216,2917.2006963284102,2938.6482131787047,2965.0880765868455,3013.6239994112993,3013.7741276943475,3011.3914673133236,3008.080625783752,3004.829194103602,3000.6188860663383
2022-04-30,2789.292904324006,2824.31664564345,2860.4348788791276,2898.7420959472697,2924.280240659365,2949.8183853714595,3127.855737078636,3117.015055241665,3081.522245958121,3029.594685043528,2988.9282298448397,2952.0073692039246,2786.5032221074425,2818.438325729066,2860.4799984027245,2885.9847929368266,2908.9351384857805,2937.641220472827,2996.326530267003,2998.870744359923,2998.4217970870495,2996.6646519529236,2994.6599405181546,2992.25476611907
2022-05-02,2789.292904324006,2824.3166456434506,2844.0175001356374,2872.4742899576863,2902.390402334712,2932.3065147117377,3116.181156638821,3113.2625115288674,3083.711229790586,3035.4319752634356,2995.057384575742,2950.548046648948,2809.787901540377,2823.316410810481,2854.3894611961887,2876.3643907616415,2897.2639757915545,2924.570140535388,2985.794017409345,2989.6597352828885,2990.355981666867,2989.5519532146795,2988.3231813203174,2987.0356780815036
2022-05-04,2818.4793554235425,2815.560710313589,2838.5450405544743,2859.3403869628946,2891.4454831723856,2920.6319342719225,3104.506576199006,3109.50996781607,3085.9002136230515,3043.2150288899784,3000.310945773659,2949.088724093971,2843.320079581497,2841.161693081193,2859.3811937353953,2876.4530938272733,2894.1237114578717,2918.6054051712917,2978.7655167779435,2983.3926531906513,2984.8192146403185,2984.651966449808,2983.951772547858,2983.423106918917
2022-05-04,2876.852257622617,2833.0725809733112,2844.017500135638,2854.9624192979636,2876.852257622617,2914.7946440520154,3092.831995759191,3105.7574241032726,3088.089197455517,3050.0252008132034,3005.564506971576,2949.8183853714595,2881.9760069267095,2867.6517734781028,2872.9924694101796,2884.485610271755,2898.20189958311,2918.8587213088704,2975.0149630678775,2979.9059465840555,2981.6881277930797,2981.8684867899,2981.4686416350764,2981.3643799468837
2022-05-05,2876.852257622617,2841.8285163031724,2844.0175001356374,2846.206483968103,2862.2590320728486,2897.2827733922927,3076.779447654446,3098.252336677677,3086.994705539284,3053.9167276264757,3008.191287570534,2949.81838537146,2857.5242939500104,2856.125375976506,2864.1213830908755,2875.1377867629467,2888.1820044123715,2908.135453766926,2965.8573900295182,2971.748537383459,2974.438588923823,2975.399099580483,2975.6491882757914,2976.502353751028
2022-05-05,2847.6658065230804,2850.5844516330335,2827.600121392148,2837.450548638242,2847.66580652308,2882.6895478425245,3057.808254439747,3088.2455534435503,3083.711229790586,3055.862491033111,3011.6936617024785,2949.8183853714595,2823.408599137008,2833.8478854256723,2847.4928322537935,2859.5296263195028,2872.9682967064696,2893.2801350865607,2954.4661328872276,2961.6121133246,2965.4070921140756,2967.3075258736794,2968.341098709054,2970.3643390157144
2022-05-06,2789.292904324006,2833.0725809733112,2816.6552022298215,2828.6946133083807,2833.072580973311,2859.3403869628946,3035.918416115094,3075.7370744008913,3078.238770209423,3055.862491033111,3015.1960358344227,2949.8183853714595,2784.4609134058537,2804.4029995086817,2824.8306979028844,2838.799372020448,2853.3598245477356,2874.809271660078,2940.985300292871,2949.6066196773836,2954.6805621414233,2957.664295517202,2959.6027508253537,2962.992171430762
2022-05-06,2745.5132276747004,2798.0488396538667,2805.7102830674953,2806.804774983728,2818.4793554235425,2838.909871193219,3011.109932680488,3060.7268995497006,3070.5773267957943,3053.916727626475,3018.6984099663673,2949.8183853714595,2743.097232215624,2770.1798500142527,2797.4757763745533,2813.8783136577113,2830.032705544298,2853.174806580743,2925.549703565937,2935.835893641162,2942.3416835503976,2946.536871843645,2949.4902331861394,2954.4263150240276
2022-05-07,2701.7335510253947,2745.5132276747,2794.7653639051687,2789.292904324005,2803.886129873774,2818.479355423543,2983.3828041359275,3043.215028889979,3060.7268995497006,3050.0252008132034,3019.5740034993532,2949.8183853714595,2700.5255532958563,2732.771191468198,2766.4709092637836,2785.528415606507,2803.5590392107274,2828.7721900551614,2908.2854565214307,2920.3980036819908,2928.4691074931143,2933.9897849972294,2938.0574348014316,2944.7059071339304
2022-05-08,2657.953874376089,2701.7335510253943,2767.4030659993523,2771.7810336642833,2778.3479851616794,2798.0488396538663,2957.1149981463436,3023.201462421724,3048.6874884711415,3044.187910593296,3018.6984099663673,2949.8183853714595,2657.3498755113196,2693.23886022106,2732.627195588895,2754.3731032647393,2774.4229097516586,2801.9474410141142,2889.310536599195,2903.3855700178124,2913.1376484801226,2920.084759463732,2925.3561313867394,2933.8688019074652
2022-05-08,2614.1741977267834,2657.9538743760886,2729.09584893121,2754.269163004561,2756.4581468370266,2777.6183238841904,2930.8471921567607,3000.6862001449385,3034.4590935601173,3036.404856966753,3016.0716293674086,2949.8183853714595,2613.8721982943985,2652.290747173199,2696.5754901419136,2720.9224519579643,2743.0339268787075,2773.003326022035,2868.7353097913424,2884.886067298905,2896.418471533652,2904.880836055634,2911.4360682373567,2921.9516123720546
2022-05-08,2570.3945210774777,2614.174197726783,2679.8437127007414,2723.623389350047,2734.5683085123733,2757.187808114514,2904.5793861671773,2975.6692420596205,3018.0417148166275,3026.6760399335735,3011.693661702478,2949.8183853714595,2570.2435213612853,2610.398779591523,2658.8064577610826,2685.593796043456,2709.738683424779,2742.204765822802,2846.6630217033958,2864.982110472753,2878.3792702114333,2888.434488593571,2896.3450398526825,2908.989751127991
2022-05-09,2526.614844428172,2570.3945210774773,2636.0640360514362,2684.221680365672,2712.6784701877204,2728.001357014977,2878.3115801775934,2948.150588165772,2999.4353522406727,3015.0014594937593,3005.564506971576,2947.6294015389944,2526.5393445700756,2567.877575653971,2619.7017266539237,2648.72859090444,2674.830450248485,2709.7835660673104,2823.1902569340714,2843.7517247675373,2859.08443594643,2870.799735514671,2880.128966438023,2895.0174697067064
2022-05-09,2482.8351677788664,2526.6148444281716,2592.28435940213,2636.064036051436,2679.8437127007414,2701.7335510253947,2852.04377418801,2918.130238463391,2978.640005832253,3001.3811156473084,2997.6841651747004,2943.9810951515524,2482.797417849818,2524.9368808125005,2579.5581187596213,2610.6062091271892,2638.557379614804,2675.942556700092,2798.407368817652,2821.2686006765384,2838.595219126095,2852.0282466283616,2862.831967406318,2880.0678966386017
2022-05-09,2439.055491129561,2482.835167778866,2548.5046827528245,2592.28435940213,2639.712342438878,2675.4657450358113,2825.775968198427,2889.3607366652755,2955.655675591367,2985.8150083942214,2988.0526363118533,2938.873466209133,2439.0366161650363,2481.7165253684184,2538.6064955864285,2571.455228282292,2601.1294465171813,2640.8592139226125,2772.3988814410454,2797.602334776745,2816.969882314103,2832.169445230618,2844.496431997453,2864.1730742727527
2022-05-09,2395.275814480255,2439.0554911295603,2504.725006103519,2548.5046827528245,2592.28435940213,2649.1979390462275,2799.5081622088433,2860.5912348671604,2930.4823615180167,2968.303137734499,2976.669920383034,2934.4954985442027,2395.2663769979927,2438.3097295225953,2497.026416085211,2531.4626663820477,2562.724322103915,2604.688829411155,2745.243865724265,2772.818657168645,2794.263845997851,2811.270605778458,2825.163087128178,2847.363994389413
2022-05-09,2351.4961378309495,2395.2758144802547,2460.945329454213,2504.7250061035184,2548.5046827528245,2614.174197726783,2773.2403562192603,2831.8217330690454,2903.1200636122003,2948.8455036681416,2963.5360173882423,2930.117530879272,2351.491419089818,2394.7786400756113,2454.9575372177524,2490.7815381637924,2523.492343500488,2567.5672833824665,2717.016291237644,2746.979646280478,2770.5298272263285,2789.3769473177267,2804.871062581255,2829.6706326448943
2022-05-09,2307.716461181644,2351.496137830949,2417.165652804907,2460.945329454213,2504.725006103519,2573.313166187431,2746.972550229677,2803.0522312709304,2873.5687818739193,2927.442106195148,2948.6509273274783,2925.739563214342,2307.714101811078,2351.1646882278533,2412.508481065438,2449.5370375035277,2483.5607190438495,2529.6134710262004,2687.7853553211726,2720.1439317389145,2745.817971485158,2766.5317228487966,2783.6579536381605,2811.1219818871036
2022-05-11,2263.936784532338,2307.7164611816434,2373.385976155602,2417.1656528049075,2460.945329454213,2526.6148444281716,2720.704744240093,2774.2827294728154,2841.8285163031724,2904.0929453155186,2932.0146502007424,2919.1726117169455,2263.935604847055,2307.4954947795795,2369.763731469348,2407.8315957543464,2443.03708655757,2490.931425633304,2657.6157909703247,2692.366885969143,2720.1759781387127,2742.776304806807,2761.5598812556063,2791.7460843787717
2022-05-11,2220.1571078830325,2263.9367845323377,2329.606299506296,2373.385976155602,2417.1656528049075,2482.835167778866,2690.0589705855796,2745.5132276747,2811.1827426486584,2878.7980210292526,2913.6271860080333,2911.146337664573,2220.1565180403904,2263.7894735976283,2326.7889980836544,2365.749020386961,2402.0125242000554,2451.6121763333567,2626.568154858286,2663.7008051505086,2693.6492197531034,2718.150266825369,2738.611549882199,2771.5700629641783
2022-05-11,2176.377431233727,2220.157107883032,2285.8266228569905,2329.606299506296,2373.385976155602,2439.0554911295603,2660.8725194860426,2716.7437258765844,2780.5369689941444,2851.5573333363513,2893.4885347493528,2901.6607410572237,2176.3771363124056,2220.0589005932256,2283.635388417158,2323.3578811501357,2360.5640981053425,2411.7353736147397,2594.6990967761017,2634.195080119059,2666.2808555985334,2692.6914619453273,2714.8463030077764,2750.6201512140206
2022-05-11,2132.597754584421,2176.3774312337264,2242.046946207685,2285.8266228569905,2329.606299506296,2395.275814480255,2627.3081007215746,2687.97422407847,2749.89119533963,2822.3708822368144,2871.5986964247,2890.715821894897,2132.59760712376,2176.3119597071886,2240.3426527544825,2280.7142805655863,2318.7570180791536,2371.3707116547866,2562.0616116895862,2603.896357775507,2638.111939614952,2666.4360974231445,2690.296176534339,2728.9217225819234
2022-05-12,2088.8180779351155,2132.5977545844207,2198.267269558379,2242.046946207685,2285.8266228569905,2351.4961378309486,2595.2030045120837,2659.2047222803544,2719.2454216851165,2791.2386677306413,2847.9576710340752,2878.3115801775934,2088.8180042047848,2132.5541069000624,2196.941707983666,2237.864120696536,2276.646461649408,2330.579172858664,2528.705275534504,2572.8486935260794,2609.1815231110913,2639.418806286739,2664.9919500540045,2706.499318605
2022-05-12,2045.0384012858096,2088.818077935115,2154.4875929090736,2198.267269558379,2242.046946207685,2307.7164611816434,2563.097908302593,2630.4352204822394,2688.599648030603,2758.1606898178325,2822.565458577478,2864.4480159053137,2045.0383644206443,2088.788979478876,2153.456600573186,2194.84495777653,2234.2791174935765,2289.4141168308943,2494.6764657991494,2541.093695254436,2579.5267524537944,2611.6727157802065,2638.9631961160635,2683.3766761798015
2022-05-15,2045.0384012858096,2071.306207275393,2127.1252950032576,2167.6214959038653,2209.2121887207054,2272.692719862199,2535.370779758033,2601.6657186841244,2661.2373501247866,2728.9742387182955,2798.048839653867,2851.3141129105215,2066.9282211778795,2088.798678964289,2139.092484431392,2175.567343259909,2211.900496023044,2264.339611968922,2468.492053678889,2515.967272070029,2555.589743940688,2588.9399054391156,2617.3888777560264,2663.8829516471874
2022-05-15,2074.224852385347,2071.306207275393,2110.707916259768,2145.7316575792124,2183.6740440086105,2243.506268762662,2510.562296323426,2576.648760598807,2636.064036051436,2701.7335510253947,2773.532220730256,2838.18020991573,2099.7629878811504,2103.3983708376663,2137.6492111320654,2167.7546907734563,2199.700074263256,2247.871879795859,2446.8214537373105,2494.668965543051,2534.9559883623333,2569.0989423584765,2598.377461161061,2646.463764858243
2022-05-16,2088.8180779351155,2062.5502719455317,2088.818077935115,2119.463851589629,2154.4875929090736,2211.4011725531705,2484.2944903338425,2546.6284108964255,2609.7962300618524,2673.519981629175,2746.388821207686,2822.8573230884735,2072.40069458348,2083.945047653714,2117.069031166231,2145.442638139338,2175.905970728264,2222.517694982103,2420.8999664823755,2469.689489750982,2511.0575694805516,2546.3137014422737,2576.677890185561,2626.7449004788173
2022-05-18,2059.631626835578,2053.7943366156705,2066.9282396104622,2093.1960456000456,2125.301141809536,2179.29607634368,2453.648716679329,2517.8589090983105,2583.528424072269,2645.306412232956,2717.4942346191447,2806.0751137062393,2036.8297096099918,2056.3829399813108,2091.3334074929585,2119.227381138823,2149.037163637224,2194.860323688903,2393.8263379761906,2443.665558355733,2486.189333146696,2522.6156589724574,2554.1124327130487,2606.237157008576
2022-05-18,2001.258724636504,2045.0384012858092,2045.0384012858094,2066.9282396104622,2096.114690709999,2147.1909801341894,2424.4622655797916,2489.089407300196,2557.2606180826856,2617.092842836737,2686.8484609646302,2787.833581769029,1997.154378798595,2023.4149759832733,2061.5879942694564,2089.8185932930733,2119.5666843064505,2165.18766422619,2365.6748999123843,2416.655196668592,2460.398587529159,2498.0445019730982,2530.715045076741,2584.966399335743
2022-05-26,1957.4790479871983,2010.0146599663647,2023.1485629611566,2040.6604336208788,2066.9282396104622,2115.0858839246985,2395.2758144802547,2460.31990550208,2527.7093363444046,2588.8792734405174,2657.0782808431027,2768.132727276841,1955.4268750682436,1986.8431077681464,2028.72385584022,2057.796916573949,2087.8947900035955,2133.7516276151528,2336.515188391449,2388.713206372442,2433.7303330808045,2472.6381919454807,2506.518351988943,2562.9576443194187
2022-05-26,1913.6993713378927,1957.4790479871983,2001.2587246365038,2014.3926276312955,2037.741788510925,2082.9807877152075,2366.0893633807177,2431.550403703965,2499.2525465223557,2560.665704044298,2627.3081007215746,2746.9725502296765,1912.6732848784152,1947.8686367416267,1993.4340422509683,2023.6374216857016,2054.3601599551325,2100.772635999332,2306.4122533138448,2359.891344612228,2406.227375110452,2446.433039890833,2481.553698761478,2540.2350885938163
2022-05-26,1869.919694688587,1913.6993713378924,1979.368886311851,1988.1248216417123,2008.5553374113879,2050.875691505717,2332.5249446162497,2402.78090190585,2467.512280951609,2532.4521346480788,2597.537920600047,2724.3530506275356,1869.406651458848,1907.2924305075114,1956.257592426149,1987.7288028408977,2019.2493688911554,2066.4435587543257,2275.42694781226,2330.238493135953,2377.930430863078,2419.4637780712,2455.8512014782546,2516.822135460879
2022-05-27,1826.1400180392814,1869.9196946885866,1941.0616692437084,1961.8570156521287,1979.3688863118512,2018.7705952962258,2296.0418807418287,2370.258856394937,2436.8665072970953,2504.2385652518597,2567.767740478519,2700.2742284704173,1825.8834964244118,1865.6484008016662,1917.613758862555,1950.3890825770934,1982.804903121743,2030.933156583782,2243.6161990108226,2299.8008180389543,2348.8782313765855,2391.7636286502775,2429.439795200283,2492.7414209011754
2022-05-27,1782.3603413899757,1826.1400180392811,1891.8095330132396,1935.5892096625453,1950.1824352123137,1986.6654990867353,2256.6401717574536,2338.9876587882904,2406.220733642581,2476.0249958556406,2537.997560356991,2674.736083758323,1782.2320805825407,1823.292488781334,1877.8286268354698,1911.8784611522892,1945.2319433708087,1994.389095103393,2211.033261315974,2268.621920633494,2319.107618369955,2363.3643693498598,2402.347280280298,2468.014838731977
2022-05-30,1782.3603413899757,1808.6281473795589,1864.4472351074237,1909.3214036729619,1931.940903275103,1963.3163382071057,2223.0757529929856,2311.4690048944412,2378.858435736765,2447.8114264594215,2510.8541608344217,2649.927600323716,1804.186049310911,1824.2416652006498,1866.342269325206,1896.2896533135604,1926.9101087044198,1973.3579604703789,2186.2014391690905,2244.0395927115933,2295.060418353825,2340.0067888580957,2379.7509170551602,2446.969762643691
2022-05-30,1811.5467924895129,1808.6281473795589,1848.029856363934,1883.0535976833785,1920.9959841127766,1945.8044675473832,2192.4299793384716,2286.4520468091237,2353.685121663414,2422.516502173156,2485.4619483778242,2625.119116889109,1837.0528719997487,1839.4676750299623,1867.137252739291,1891.4951153817467,1918.1423527019838,1960.4281772476547,2165.796165331639,2223.2551539325373,2274.3218464677157,2319.568219546378,2359.7575357858827,2428.0500882845063
2022-05-30,1869.919694688587,1826.1400180392811,1842.5573967827709,1869.919694688587,1906.402758563008,1934.1298871075683,2164.7028507939117,2260.18424081954,2330.7007914225287,2396.2486961835725,2461.8209229871995,2600.3106334545023,1875.3761216688206,1864.2115737992724,1877.484390205647,1895.5322528283186,1917.4588171075084,1954.5870765089344,2149.53185604172,2206.057610455057,2256.7305062174805,2301.921747885139,2342.2650587487065,2411.18613035183
2022-05-30,1913.6993713378927,1861.1637593587257,1848.029856363934,1865.5417270236562,1891.8095330132398,1928.2925968876611,2139.894367359305,2233.9164348299564,2306.621969265411,2372.8995353039427,2439.9310846625463,2575.502150019896,1916.4275848280095,1895.300731861914,1895.2609808237696,1906.7953064935698,1923.6157757043836,1954.9485729437174,2137.141352296267,2192.247690317953,2242.132874108686,2286.945978324359,2327.1754112678627,2396.3104883070873
2022-06-01,1913.6993713378927,1887.4315653483093,1848.029856363934,1856.785791693795,1877.2163074634711,1919.5366615577998,2113.6265613697215,2203.8960851275756,2282.543147108293,2348.5774927209955,2417.1656528049075,2548.504682752825,1893.1736397582981,1886.8403861374718,1889.6295839048405,1900.0906498017548,1915.3548401634914,1944.3199631618263,2119.901245353836,2174.340579449655,2223.976133649169,2268.814400774978,2309.2438145392634,2379.051773762218
2022-06-01,1884.5129202383557,1887.4315653483093,1848.029856363934,1848.0298563639342,1862.6230819137024,1902.0247908980775,2087.358755380138,2175.1265833294606,2258.4643249511746,2324.2554501380478,2391.77344034831,2522.236876763241,1859.6568288987896,1866.6069301047417,1875.520791490272,1886.645080390396,1901.629482913613,1929.5474700215082,2100.948908107736,2154.9961038157453,2204.5694938633205,2249.5676884821214,2290.2985676176954,2360.923519476219
2022-06-03,1826.1400180392814,1869.9196946885866,1848.029856363934,1839.2739210340726,1848.0298563639342,1878.6756300184477,2061.0909493905547,2146.3570815313456,2234.3855027940563,2299.9334075551,2367.256821424699,2495.9690707736577,1821.0085851443826,1838.524733866486,1854.818469245762,1867.684218753956,1883.280384217669,1911.1490789425666,2080.394807029171,2134.2941170143135,2183.9739254499864,2229.2543255650717,2270.379421491118,2341.9542349488
2022-06-10,1782.3603413899757,1834.895953369142,1848.029856363934,1830.5179857042117,1833.4366308141653,1858.2451142487719,2034.8231434009715,2117.58757973323,2207.0232048882403,2275.6113649721524,2340.1134219021296,2469.7012647840743,1779.7946249425263,1805.2100441578805,1828.9878460224083,1844.2108452969949,1861.0188889135152,1889.5780271673295,2058.3422817202354,2112.3100363324443,2162.247424927581,2207.9206881379237,2249.5245682852183,2322.1714949419757
2022-06-10,1738.58066474067,1782.3603413899757,1831.6124776204442,1821.7620503743503,1818.843405264397,1837.814598479096,2008.555337411388,2088.818077935115,2177.471923149959,2248.370677279251,2313.8456159125462,2443.433458794491,1737.2978065169452,1768.4070254690416,1799.1685442599542,1817.0454167141531,1835.4469041716457,1865.2308972828341,2034.8880047119212,2089.11508920794,2139.4451597160582,2185.6111359619863,2227.7707023952635,2301.6019701272007
2022-06-11,1694.8009880913644,1738.5806647406698,1804.2501797146283,1813.0061150444894,1804.250179714628,1817.38408270942,1982.2875314218045,2060.048576137,2145.7316575792124,2222.1028712896677,2287.577809922963,2417.1656528049075,1694.159558979502,1729.2784541267138,1766.2469369670887,1786.8592157555902,1807.0737360594014,1838.4546990527372,2010.1224115977366,2064.776545998724,2115.619606141717,2162.368100113294,2205.1530792206277,2280.271456727687
2022-06-11,1651.0213114420587,1694.800988091364,1765.9429626464857,1791.1162767198366,1789.6569541648596,1796.9535669397442,1956.0197254322213,2031.2790743388846,2115.0858839246985,2195.8350653000844,2261.310003933379,2390.897846815324,1650.7005968861274,1688.5995143487269,1730.912425372792,1754.2014737623472,1776.3303358645326,1809.5530660202394,1984.13010341677,2039.357939820614,2090.82068071006,2138.232166838488,2181.705571596005,2258.2049051888357
2022-06-11,1607.241634792753,1651.0213114420585,1716.690826416017,1760.4705030653226,1775.0637286150913,1776.5230511700681,1929.751919442638,2002.50957254077,2084.4401102701845,2169.5672593105014,2235.042197943796,2364.6300408257407,1607.0812775147874,1646.8869956136339,1693.7012104329378,1719.5215618316379,1743.5813546766733,1778.7916775356402,1956.9902230765556,2012.9192741718825,2065.0958649751033,2113.2421577647906,2157.46072400963,2235.4264479086587
2022-06-12,1563.4619581434474,1607.2416347927528,1672.9111497667113,1721.0687940809476,1749.5255839029962,1756.092535400392,1903.4841134530545,1973.7400707426548,2053.7943366156705,2140.380808210964,2208.7743919542127,2338.3622348361578,1563.3817795044645,1604.4854242404697,1655.0303373354277,1683.1871472248204,1709.135343417822,1746.4030030304527,1928.7768074905932,1985.5172190231192,2038.4903243174954,2087.4352066225883,2132.449804695297,2211.9594260590015
2022-06-12,1519.6822814941418,1563.4619581434472,1629.1314731174057,1672.9111497667113,1716.6908264160168,1735.662019630716,1877.216307463471,1944.970568944539,2023.1485629611566,2109.2485937047913,2179.879805365671,2312.094428846574,1519.64219217465,1561.6244844419252,1615.2241745597407,1645.499048610278,1673.2533836373627,1712.5904532572506,1899.5591169973186,1957.2052960132146,2011.0470209285852,2060.8468326322513,2106.7028556815535,2187.8264155273887
2022-06-13,1475.902604844836,1519.6822814941415,1585.3517964681,1629.1314731174057,1676.5594561541536,1715.23150386104,1850.9485014738877,1916.201067146424,1992.5027893066424,2076.170615791982,2151.8608123101153,2285.8266228569905,1475.8825601850901,1518.4572990264603,1574.5350087010274,1606.7033903530512,1636.1563904924653,1677.5320126245354,1869.4019435262355,1928.0340533566766,1982.8068212830703,2033.51101070022,2080.2487408781803,2163.0492520083103
2022-06-13,1432.1229281955304,1475.9026048448359,1541.5721198187944,1585.3517964681,1629.1314731174054,1686.045052761503,1824.6806954843041,1887.4315653483093,1961.8570156521287,2044.0655195824918,2123.8418192545596,2257.369833034942,1432.1129058656575,1475.085949866382,1533.1590626666268,1567.0015469336283,1598.0312921930438,1641.3834174897465,1838.3658988823638,1898.0512310338738,1953.808598369078,2005.4602385630897,2053.1151922769272,2137.649055271848
2022-06-13,1388.3432515462248,1432.1229281955302,1497.7924431694887,1541.5721198187944,1585.3517964681002,1651.0213114420585,1798.4128894947207,1858.6620635501938,1931.2112419976147,2011.9604233730006,2095.822826199004,2229.6427044903817,1388.3382403812882,1431.5784915432275,1491.2489542733585,1526.5582792905902,1559.0362587628708,1604.2809371656429,1806.5076844316898,1867.301916804043,1924.0893289314117,1976.7256010123867,2025.3288543404565,2111.6462526366035
2022-06-13,1344.5635748969191,1388.3432515462246,1454.012766520183,1497.7924431694887,1541.5721198187941,1610.1602799027066,1772.1450835051376,1829.8925617520788,1900.565468343101,1979.8553271635099,2065.17705254449,2199.726592113356,1344.5610693144508,1387.980293778023,1448.9233862676376,1485.5083918282307,1519.305126375908,1566.343807300889,1773.880343387556,1835.828693550908,1893.6841859712263,1947.3368313269616,1996.9153266505411,2085.0606016730294
2022-06-13,1300.7838982476135,1344.563574896919,1410.2330898708774,1454.012766520183,1497.7924431694885,1563.4619581434474,1745.8772775155542,1801.1230599539638,1869.9196946885866,1947.750230954019,2032.7800918240039,2170.540141013819,1300.7826454563792,1344.3216030514511,1406.2746830077867,1443.9621790591536,1478.951141025508,1527.6763590880662,1740.5334968205077,1803.6717784424302,1862.626626733523,1917.322370034411,1967.8992048837868,2057.911212162382
2022-06-13,1257.0042215983078,1300.7838982476133,1366.4534132215717,1410.2330898708774,1454.0127665201833,1519.6822814941415,1719.6094715259708,1772.3535581558485,1839.2739210340726,1915.645134744528,1998.6319440375455,2141.353689914282,1257.0035952026906,1300.622583683968,1363.374652328057,1402.0098819482168,1438.070126244507,1488.3698823206832,1706.513564441701,1770.869154359462,1830.9484764025703,1886.709421117654,1938.3041201804617,2030.216567335713
2022-06-16,1213.2245449490022,1257.0042215983076,1322.673736572266,1366.4534132215717,1410.2330898708776,1475.9026048448359,1688.9636978714566,1743.5840563577333,1808.6281473795589,1883.5400385350374,1965.359389784073,2112.167238814745,1213.2242317511934,1256.8966785558775,1320.2791447661991,1359.7253340121222,1396.743163483767,1448.50425556806,1671.8639711422168,1737.4566940228083,1798.6800077146252,1855.5240057777426,1908.1527769694515,2001.9945444164987
2022-06-16,1169.4448682996965,1213.224544949002,1278.8940599229604,1322.673736572266,1366.4534132215715,1432.1229281955302,1655.399279106989,1714.8145545596183,1777.982373725045,1851.4349423255467,1932.0868355306009,2082.9807877152075,1169.4447117007921,1213.152849587382,1277.031599629353,1317.1689444918075,1355.038860124786,1408.1493725783514,1636.6253402072603,1703.4682772243407,1765.8500166871015,1823.791013859162,1877.4669893098803,1973.2624344897401
2022-06-16,1125.6651916503909,1169.4448682996963,1235.1143832736548,1278.8940599229604,1322.6737365722659,1388.3432515462243,1623.294182897498,1686.045052761503,1747.3366000705312,1819.3298461160557,1898.8142812771287,2053.7943366156705,1125.6651133509386,1169.3970713919496,1233.6658030452936,1274.3901391298577,1313.0152685672936,1367.3663903811932,1600.8356740649265,1668.9359015452708,1732.4858946536372,1791.5342530392454,1846.2677158075746,1944.0369617196197
2022-06-18,1081.8855150010852,1125.6651916503906,1191.334706624349,1235.1143832736548,1278.8940599229607,1344.5635748969187,1591.1890866880074,1657.2755509633878,1716.6908264160168,1787.2247499065647,1865.5417270236564,2022.418901683668,1081.885475851359,1125.6333270452262,1190.2080331134018,1231.4293571702071,1270.7215100725991,1326.2088213775166,1564.5305233737556,1633.88978692341,1698.6136967852538,1758.776495878921,1814.5750931622492,1914.3343019370668
2022-06-18,1038.1058383517795,1081.885515001085,1147.5550299750435,1191.334706624349,1235.1143832736548,1300.7838982476133,1559.0839904785169,1628.5060491652728,1686.045052761503,1755.1196536970742,1832.269172770184,1991.7731280291541,1038.1058187769163,1081.8642719309753,1146.678728355418,1188.3196852669828,1228.1991487848875,1284.7234889181366,1527.7431452014148,1598.3584744111356,1664.2582072690204,1725.5395248277712,1782.408468399121,1884.1701006178992
2022-06-19,1038.1058383517795,1064.3736443413627,1120.1927320692275,1160.6889329698352,1202.2796257866755,1265.7601569281687,1531.3568619339562,1599.7365473671575,1658.682754855687,1725.933202597537,1801.6233991156698,1963.3163382071057,1059.9956668890006,1081.8713529543452,1132.2802364988995,1168.9680179459103,1205.6893589719948,1259.3687421785048,1498.9781368013935,1569.6655322216884,1635.8497832559503,1697.5545678787848,1754.9369800305703,1857.8656879747243
2022-06-19,1067.2922894513167,1064.3736443413627,1103.7753533257378,1138.7990946451823,1176.7414810745804,1236.5737058286318,1506.5483784993498,1570.9670455690423,1633.5094407823362,1698.6925149046356,1772.728812527128,1936.3188709400338,1092.8304292696957,1096.4692991863603,1130.8102265325645,1161.0947768012704,1193.3779486148248,1242.6557983624905,1474.893430662619,1544.998846634394,1610.9627300068985,1672.6898123905937,1730.2596549960535,1833.8591143247456
2022-06-24,1125.6651916503909,1081.885515001085,1098.3028937445747,1125.6651916503906,1158.4999491373699,1213.2245449490022,1484.658540174697,1545.950087483725,1610.5251105414507,1673.3975906183705,1745.5854130045586,1908.5917423954734,1131.137648784696,1120.7944888908057,1139.395702480816,1162.6129752555298,1189.6959362586513,1233.5044321046412,1455.187071800495,1524.134736726911,1589.4252733382543,1650.8095974301198,1708.266918262863,1812.0750406845793
2022-06-24,1169.4448682996965,1116.9092563205295,1103.7753533257378,1121.28722398546,1147.5550299750435,1195.7126742892797,1465.687346959998,1523.4348252069392,1589.7297641330306,1650.0484297387409,1720.1932005479614,1880.8646138509132,1172.181096866849,1151.6045075768711,1155.8021119181908,1171.815078836161,1193.315722211013,1230.969446210186,1439.5765861971731,1506.8619482948047,1571.074018294876,1631.7841603657234,1688.853491858398,1792.440598201445
2022-06-29,1169.4448682996965,1143.177062310113,1103.7753533257378,1112.531288655599,1132.961804425275,1175.2821585196036,1445.256831190322,1499.6687150258876,1567.8399258083778,1625.726387155793,1693.925394558378,1850.9485014738877,1148.9231442586197,1142.958068934711,1149.1050185253464,1163.4241902569302,1182.9079482786096,1217.8064143902116,1419.3242381618968,1485.6843507034484,1549.3467584585596,1609.7789878128829,1666.7676761639664,1770.5791094620656
2022-06-30,1140.2584172001596,1143.177062310113,1103.7753533257378,1103.7753533257378,1118.3685788755065,1154.8516427499276,1420.4483477557153,1475.9026048448357,1542.666611735027,1601.4043445728455,1667.6575885687948,1821.7620503743506,1115.4043296298523,1122.6005509568356,1134.1673510755106,1148.5989765740492,1167.3660354666827,1200.8163019665708,1397.5539979579737,1463.2510820533173,1526.5437709728292,1586.8270976906308,1643.8311208242455,1747.9989916108855
2022-07-06,1125.6651916503909,1151.932997639974,1120.1927320692275,1108.1533209906684,1114.7202724880642,1143.1770623101131,1397.0991868760857,1455.8890383765818,1518.587789577909,1580.0009470998516,1644.0165631781697,1794.7645831072784,1142.4245989647743,1138.2153234044558,1142.006799347552,1152.389138705985,1167.6858559025309,1196.8948727582115,1382.837279915504,1446.9285146225604,1509.1243123058468,1568.6800442388512,1625.2277383723024,1729.0300039613378
2022-07-07,1154.851642749928,1160.6889329698352,1147.5550299750435,1121.28722398546,1118.3685788755063,1137.3397720902055,1373.7500259964559,1438.3771677168595,1497.7924431694887,1560.5433130334936,1622.1267248535169,1769.226438395184,1177.8245719568881,1163.218397252638,1157.8329650367632,1163.450121659261,1174.6918080635264,1198.9360817820602,1371.8945228208909,1433.944960751807,1494.69017731283,1553.2254573132057,1609.0707503949182,1712.1183495674902
2022-07-11,1169.4448682996965,1143.177062310113,1153.0274895562065,1130.0431593153212,1118.3685788755063,1128.5838367603442,1346.0228974518957,1419.6144491528714,1475.9026048448359,1540.1127972638176,1599.3612929958776,1742.9586324056004,1151.7448818036394,1150.700662051889,1150.6845709509028,1156.580134384921,1167.1492516922747,1189.7772205156014,1356.0087595195682,1416.8183069128395,1476.6889585000279,1534.6358805452571,1590.1136696598387,1692.8903771767652
2022-07-12,1140.2584172001596,1134.4211269802518,1147.5550299750435,1138.7990946451823,1118.3685788755065,1119.8279014304833,1319.7550914623125,1400.8517305888834,1454.012766520183,1519.6822814941415,1576.595861138239,1716.690826416017,1116.815198402362,1127.7622797016209,1135.3958918509431,1142.9992944969508,1154.0317537397839,1176.290757326287,1338.3233889054727,1398.2109295844086,1457.430253939104,1514.9510820433366,1570.183153790868,1672.8574308759228
2022-07-14,1125.6651916503909,1151.932997639974,1147.5550299750435,1147.5550299750435,1129.3134980378327,1119.8279014304833,1297.8652531376597,1382.0890120248953,1435.4064039442283,1499.2517657244655,1556.4572098795581,1692.6120042588989,1143.1300333510292,1141.6564759009793,1142.9623310617774,1147.8075806429047,1156.4030021336166,1175.4350211979631,1327.4280004792936,1385.5017039574802,1443.3821863469377,1499.9290727501348,1554.4679269088613,1656.3521009553904
2022-07-15,1154.851642749928,1160.6889329698352,1147.5550299750435,1156.3109653049046,1147.5550299750435,1125.6651916503906,1278.8940599229604,1363.3262934609072,1418.9890252007385,1478.8212499547894,1538.0697456868497,1669.9925046567578,1178.1772891500154,1165.512498916987,1158.5761563700496,1159.7015741531043,1165.1447779513683,1180.158711666843,1320.0600356063717,1375.9307506792313,1432.1549843275263,1487.4636584979114,1541.0858334986706,1641.8233286273119
2022-07-16,1213.2245449490022,1169.4448682996963,1163.9724087185332,1165.0669006347657,1162.1482555248122,1137.3397720902055,1262.8415118182152,1344.5635748969187,1404.760630289714,1461.3093792950674,1521.4334685601136,1648.8323276095932,1217.5907553741615,1196.0097398107605,1180.449059754107,1177.3929645976866,1179.2770000508974,1189.7644004082758,1315.9919185735935,1369.3237212858467,1423.6110446821986,1477.4436829805375,1529.9453781300288,1629.2063087247213
2022-07-16,1257.0042215983078,1204.4686096191408,1191.334706624349,1173.8228359646268,1176.7414810745806,1154.8516427499276,1249.7076088234232,1325.8008563329308,1392.7212192111551,1445.7432720419808,1506.5483784993496,1629.131473117406,1259.1873268108875,1230.9344592897114,1207.1901349748864,1199.8276798067643,1197.9703690042384,1203.641837638193,1315.0107559719174,1365.5159533392782,1417.6194765634382,1469.762822774758,1520.9586534287575,1618.4383608402259
2022-07-16,1300.7838982476135,1257.0042215983076,1213.224544949002,1195.7126742892797,1191.334706624349,1178.2008036295572,1239.4923509385853,1310.7906814817404,1382.8707919650615,1432.1229281955302,1493.4144755045581,1610.889941180195,1301.8754508539032,1268.8108311587805,1237.7175660686714,1226.1432970958833,1220.5231699108047,1221.2570547955338,1316.9173894509497,1364.3519323147027,1414.0557740431202,1464.3193772148518,1514.0411993686855,1609.4588596617568
2022-07-18,1344.5635748969191,1300.7838982476133,1235.1143832736548,1226.3584479437936,1205.9279321741176,1198.6313193992332,1232.1957381637012,1298.2822024390814,1371.9258728027348,1420.4483477557153,1479.4049789767805,1594.1077317979612,1345.1093512000639,1308.6549712879284,1271.1899406192388,1255.6341979050362,1246.3416440085616,1242.14282938937,1321.5255095861287,1365.6847833831207,1412.801504653028,1461.0160674031722,1509.1118680815302,1602.209167592395
2022-07-18,1388.3432515462248,1344.563574896919,1273.4216003417973,1252.626253933377,1231.4660768862125,1219.0618351689093,1227.8177704987704,1288.2754192049545,1360.9809536404086,1410.7195307225363,1465.3954824490024,1578.7848449707044,1388.616139697797,1349.8109569237956,1306.9528267473036,1287.7230579578534,1274.923380037326,1265.8903417401398,1328.6608269157675,1369.3757914282546,1413.7440131185158,1459.7598439593617,1506.0926939683538,1596.632569579383
2022-07-18,1432.1229281955304,1388.3432515462246,1322.673736572266,1278.8940599229604,1264.3008343731917,1239.4923509385853,1226.3584479437936,1280.7703317793591,1350.036034478082,1402.9364770959933,1454.012766520183,1564.921280698424,1432.2593722713164,1391.8415062308093,1344.4972218800888,1321.937521028214,1305.843260776943,1292.141874628227,1338.1602964595784,1375.2939477291757,1416.7761395441898,1460.4617031282953,1504.9087689046864,1592.6742100798895
2022-07-18,1475.902604844836,1432.1229281955302,1366.4534132215717,1318.2957689073355,1293.487285472729,1259.9228667082614,1227.8177704987706,1275.7669401622957,1339.0911153157556,1397.0991868760857,1444.381237657336,1552.5170389811208,1475.970826882729,1434.4550979852531,1383.4272351276563,1357.891113840201,1338.7415716565122,1320.5844254864662,1349.8713922682598,1383.3155218272293,1421.7959513466265,1463.0365108833323,1505.488122339567,1590.2810320934714
2022-07-18,1519.6822814941418,1475.9026048448359,1410.2330898708774,1366.4534132215717,1322.673736572266,1289.1093178077983,1232.195738163701,1273.265244353764,1331.4296719021272,1393.207660062814,1436.5008958604608,1541.5721198187944,1519.716392513088,1477.457384704651,1423.4349513533878,1395.2676309862456,1373.3139388083482,1350.9441170685889,1363.6514287763364,1393.3236571781301,1428.7064882635445,1467.4028346772504,1507.761606096582,1589.4017181934703
2022-07-25,1519.6822814941418,1493.4144755045581,1437.5953877766933,1397.099186876086,1351.8601876718033,1315.3771237973817,1235.114383273655,1269.5127006409664,1322.673736572266,1385.4246064362708,1427.7449605305997,1529.8975393789794,1497.809498678962,1476.9391247513795,1435.0944299070431,1409.9285353241712,1389.0968105062695,1366.5639280406199,1370.8934401355943,1397.911376492947,1431.0087378528758,1467.7723899019281,1506.5122334984744,1585.680435788597
2022-07-27,1534.2755070439105,1519.6822814941415,1470.4301452636726,1432.12292819553,1391.9915579336666,1341.6449297869653,1242.4109960485391,1269.5127006409664,1317.201276991103,1378.6144345130456,1421.6158057996968,1520.4119427716298,1530.6357284112046,1505.7800692154021,1463.620547292911,1437.843703109494,1415.922217835066,1391.1761818034734,1383.3172154909398,1407.108631029086,1437.4698705499768,1471.932805912429,1508.7455560335713,1584.9519611117066
2022-07-27,1548.868732593679,1545.950087483725,1503.2649027506518,1467.1466695149747,1428.4746218080882,1367.9127357765485,1252.626253933377,1272.014396449498,1313.917801242405,1371.8042625898202,1417.2378381347662,1512.3856687192572,1568.9386816019787,1539.600591074519,1495.5363445150983,1468.6433270519049,1445.3559742900945,1418.1843634271333,1397.763952220089,1418.2271312381786,1445.7514200252342,1477.8157984724432,1512.6081473574607,1585.6827700848555
2022-07-28,1607.241634792753,1572.2178934733083,1536.0996602376313,1502.1704108344193,1464.9576856825095,1402.9364770959933,1265.7601569281687,1277.0177880665615,1312.8233093261724,1364.9940906665947,1414.611057535808,1505.8187172218613,1609.9799965220186,1576.740831197032,1530.0885593877565,1501.8029605773875,1476.9967953903968,1447.288981928999,1414.1031366860227,1431.1601412495054,1455.7645854602013,1485.346472949383,1518.0361145764648,1587.8250173424688
2022-07-28,1651.0213114420587,1598.4856994628917,1568.9344177246103,1537.1941521538636,1501.440749556931,1443.797508635345,1281.8127050329142,1284.5228754921566,1313.917801242405,1361.1025638533233,1413.7354640028218,1500.7110882794425,1652.3904923066914,1616.0942168284762,1566.6913213218916,1536.8935110344742,1510.505132729007,1478.2279826992947,1432.212675486367,1445.806854962942,1467.4248977836726,1494.4531909990344,1524.9680704005787,1591.332426219482
2022-08-08,1694.8009880913644,1651.0213114420585,1601.7691752115895,1572.2178934733085,1537.923813431352,1481.7398950647432,1300.7838982476133,1294.529658726284,1317.201276991103,1359.1568004466874,1411.9842769368497,1494.873798059535,1695.4855785236805,1656.9230327992075,1604.8889531927314,1573.5639026174185,1545.5936761154167,1510.7720679544666,1451.9783522124512,1462.0720666172601,1480.6520083669407,1505.0674289878013,1533.3450348845038,1596.1602373185374
2022-08-10,1738.58066474067,1694.800988091364,1634.6039326985688,1607.2416347927528,1574.4068773057736,1519.6822814941415,1322.673736572266,1307.0381377689425,1322.673736572266,1359.1568004466874,1410.2330898708772,1489.0365078396276,1738.922959956828,1698.7354689961303,1644.3270394587857,1611.526891485156,1582.0193169268875,1544.720602133905,1473.2933192561625,1479.8658596601888,1495.369488026601,1517.1236425705047,1543.1103410219732,1602.2651587635028
2022-08-10,1782.3603413899757,1738.5806647406698,1667.4386901855482,1642.2653761121976,1610.8899411801951,1557.6246679235398,1347.4822200068727,1322.0483126201332,1330.3351799858945,1361.1025638533233,1408.481902804905,1485.3882014521855,1782.5314889980546,1741.203652010514,1684.729923587785,1650.5474599495426,1619.5763478672557,1579.898029122077,1496.0576224034605,1499.1033129034718,1511.5046358320976,1530.5591371561036,1554.2095440422597,1609.6053180840202
2022-08-11,1826.1400180392814,1782.3603413899757,1716.690826416017,1677.2891174316421,1647.3730050546164,1595.567054352938,1375.2093485514329,1339.5601832798554,1340.1856072319883,1364.994090666595,1406.730715738933,1483.19921761972,1826.2255918433207,1784.1089995698715,1725.88320605463,1690.4333208111868,1658.0907089166913,1616.1507373178908,1520.1777560992753,1519.704223002645,1528.9882972397313,1545.313944005342,1566.5903342636843,1618.1402156776126
2022-08-12,1869.919694688587,1826.1400180392811,1760.4705030653226,1712.3128587510862,1683.8560689290377,1633.5094407823365,1405.8551222059468,1359.5737497481093,1352.2250183105473,1370.8313808865023,1407.606309271919,1482.4695563422317,1869.9624815906066,1827.3057901592117,1767.620131673133,1731.0271481796785,1697.415118519953,1653.344316570391,1545.5662474049923,1541.5928423546034,1547.7546910981782,1561.3307017154527,1580.2024533646336,1627.8306797976218
2022-08-13,1913.6993713378927,1869.9196946885866,1804.2501797146283,1760.4705030653226,1720.3391328034593,1671.4518272117343,1435.041573305484,1382.0890120248953,1366.4534132215717,1378.6144345130454,1410.2330898708774,1483.1992176197202,1913.7207647889022,1870.6968761018736,1809.8110019651476,1772.2002208719546,1737.4249538226063,1691.3611579974915,1572.1412667973927,1564.6976315564143,1567.7412450927648,1578.5545428577022,1594.9976139380674,1638.6388230169523
2022-08-17,1913.6993713378927,1887.4315653483093,1831.6124776204442,1791.1162767198366,1745.877277515554,1700.6382783112715,1459.8500567400904,1403.3534263974152,1379.5873162163634,1385.424606436271,1411.9842769368497,1483.1992176197202,1891.8202297387445,1870.4378156307782,1823.168489237023,1789.9673979295242,1757.8087601096802,1713.6809750838786,1591.352778274244,1581.6544128415348,1582.4816572681707,1591.222592937306,1605.7788720067153,1646.2218024160222
2022-08-19,1884.5129202383557,1887.4315653483093,1848.029856363934,1813.0061150444894,1775.0637286150911,1723.9874391909013,1481.7398950647432,1424.617840769935,1392.7212192111551,1392.2347783594962,1413.7354640028218,1483.1992176197202,1858.9801238890127,1855.6718831002793,1823.8288289708582,1796.5442379494798,1768.321261329619,1727.738355453304,1606.5003421300528,1595.2369464636317,1594.3674309643225,1601.4363940286964,1614.42048557662,1652.1207603053097
2022-08-19,1826.1400180392814,1869.9196946885866,1853.502315945097,1826.1400180392811,1793.305260552302,1741.4993098506234,1500.7110882794425,1445.8822551424548,1405.8551222059468,1399.0449502827214,1415.4866510687941,1483.1992176197202,1820.670232639494,1831.234702530178,1814.61360950844,1793.9653476659335,1770.4811198004431,1734.5661036953877,1617.846148533919,1605.6326906262066,1603.5378168387444,1609.3026526096216,1621.006362275183,1656.390910504807
2022-08-19,1782.3603413899757,1834.895953369142,1848.029856363934,1830.5179857042117,1804.2501797146285,1753.1738902904385,1521.1416040491183,1467.146669514975,1418.9890252007385,1405.8551222059468,1417.2378381347664,1483.1992176197202,1779.625448690082,1800.3500232670085,1797.7173995600467,1783.8954053158855,1765.573357483555,1735.067923826048,1625.6354721601608,1613.0186891881215,1610.1252728339605,1614.9234357457544,1625.617119234614,1659.085656545327
2022-08-19,1738.58066474067,1782.3603413899757,1831.6124776204442,1826.1400180392811,1807.8984861020706,1767.767115840207,1541.5721198187941,1484.658540174697,1432.1229281955302,1412.6652941291723,1418.9890252007388,1481.010233787255,1737.2132183907231,1765.1670115417937,1774.8470859003396,1767.6964203659725,1754.6853006539868,1730.0345568592122,1630.097763510561,1617.5621502383017,1614.2557955294437,1618.3963728042593,1628.3302121309573,1660.2566510222466
2022-08-19,1694.8009880913644,1738.5806647406698,1804.2501797146283,1813.0061150444894,1804.2501797146285,1773.6044060601141,1557.6246679235398,1499.6687150258876,1445.256831190322,1419.4754660523975,1420.7402122667108,1477.3619273998127,1694.117264916391,1727.118444841882,1747.3302471318327,1746.4827641979882,1738.7369946213823,1720.157901182068,1631.4476698287222,1619.4209925273992,1616.049235330059,1619.8148483972072,1629.2200591627652,1659.9538530032241
2022-08-20,1651.0213114420587,1694.800988091364,1765.9429626464857,1791.1162767198366,1793.305260552302,1773.6044060601141,1570.7585709183315,1512.1771940685464,1458.3907341851136,1426.2856379756229,1422.4913993326832,1472.2542984573936,1650.6794498545719,1687.1595081588391,1716.1994443898152,1721.1661952152178,1718.506939263132,1706.0433678834036,1629.8859901489823,1618.7443615421412,1615.6195962794586,1619.2681869361438,1628.3581601678627,1658.2255835537003
2022-08-25,1651.0213114420587,1677.2891174316421,1733.1082051595065,1773.6044060601143,1786.0086477774175,1776.523051170068,1589.7297641330306,1525.9365210154708,1474.8081129286034,1436.0144550088016,1426.8693669976135,1467.876330792463,1672.740218972968,1689.7066681363474,1711.4442318790484,1716.372521192699,1714.8598698520907,1704.6380704093988,1634.0740545323617,1622.9697296837646,1619.4821031971128,1622.5522217689797,1630.963761262902,1659.4247771450991
2022-08-26,1636.4280858922903,1651.0213114420585,1700.2734476725273,1742.9586324056004,1767.767115840207,1770.6857609501606,1607.2416347927528,1539.6958479623954,1490.1309997558603,1444.770390338663,1430.3717411295577,1463.4983631275327,1639.9909268828605,1662.2183236884823,1688.288099193205,1696.530541847254,1698.3032183045004,1692.463515957318,1632.3429306781934,1622.095946634264,1618.885007177388,1621.886544074361,1630.0334817934843,1657.713854445022
2022-08-26,1621.8348603425218,1624.753505452475,1667.4386901855482,1703.5569234212253,1742.2289711281119,1759.0111805103456,1620.3755377875448,1553.4551749093202,1502.1704108344193,1453.5263256685241,1433.8741152615025,1459.1203954626021,1601.7264425131539,1629.2995351734705,1660.5489567377035,1672.3362539011073,1677.558409048954,1676.338321230584,1627.8989969662741,1618.8385028292184,1616.1814438098786,1619.3463446860603,1627.4228338072082,1654.6236283367734
2022-08-26,1563.4619581434474,1598.4856994628917,1634.6039326985688,1668.5331821017808,1709.3942136411326,1741.4993098506236,1630.5907956723827,1563.461958143447,1512.020838080513,1462.2822609983853,1437.3764893934467,1454.7424277976713,1560.7043620036477,1592.760450613694,1629.2452511280233,1644.5809861907496,1653.2697740405213,1656.7563162635286,1620.9172733874268,1613.3298238661587,1611.4741675993548,1615.0131245472812,1623.1977141086566,1650.1993218829166
2022-08-28,1519.6822814941418,1572.2178934733083,1601.7691752115898,1633.5094407823362,1669.2628433792695,1718.150148970994,1637.8874084472668,1570.9670455690423,1519.6822814941415,1471.0381963282464,1440.8788635253916,1450.3644601327408,1518.3034834242417,1553.807835357408,1595.1691075095373,1613.9121895824014,1625.982517241185,1634.149602336192,1611.5614883201629,1605.694978364974,1604.8609206357198,1608.9648410819575,1617.4214353139969,1644.4846754226514
2022-08-28,1475.902604844836,1519.6822814941415,1568.9344177246103,1598.4856994628917,1632.779779504848,1688.9636978714566,1642.2653761121974,1579.7229808989034,1525.1547410753046,1479.7941316581073,1444.3812376573355,1445.9864924678104,1475.213205809886,1513.246199636782,1558.9366232175357,1580.8595966029702,1596.157965080315,1608.8962680686093,1599.9848070217995,1596.052086688894,1596.434677102052,1601.2760622608084,1610.154827191704,1637.5219951856966
2022-08-29,1475.902604844836,1502.1704108344193,1552.5170389811208,1576.595861138239,1607.2416347927526,1662.6958918818734,1648.102666332105,1592.2314599415622,1535.0051683213983,1491.4687120979224,1450.5103923882386,1443.797508635345,1497.4477436520137,1515.3915602559018,1550.2134361678927,1569.736448401365,1584.3924752978269,1597.7445197468007,1594.803998923241,1591.80931973363,1592.6906578041053,1597.728506575301,1606.606884223172,1633.6583980154815
2022-09-01,1505.0890559443733,1502.1704108344193,1547.0445793999577,1563.4619581434472,1589.0001028555423,1636.42808589229,1653.939956552012,1603.4890910799552,1547.0445793999577,1502.1704108344193,1458.3907341851136,1443.0678473578564,1530.4548508977305,1531.4150262184169,1553.1575521624607,1568.5956319908344,1581.1723957356146,1593.4591995463816,1592.7819317761573,1590.2344663119534,1591.2648675767562,1596.2386566434811,1604.9149263376926,1631.356875396726
2022-09-05,1563.4619581434474,1519.6822814941415,1536.0996602376313,1559.0839904785166,1578.0551836932157,1618.9162152325675,1659.7772467719196,1614.7467222183482,1557.9894985622839,1512.8721095709159,1468.022263047961,1443.7975086353451,1568.8482428452417,1556.6905624098624,1565.1762371914147,1575.6221779548198,1585.1830478982515,1595.1820039521779,1593.7148158417442,1591.1793090053313,1592.0442220750974,1596.7170469977973,1605.0061698065183,1630.5662117703662
2022-09-09,1607.241634792753,1554.706022813586,1541.5721198187944,1563.4619581434472,1574.4068773057736,1607.2416347927528,1665.614536991827,1626.004353356741,1568.9344177246105,1523.5738083074132,1479.4049789767803,1445.9864924678104,1609.93477714365,1588.1341454205947,1584.2529203582246,1589.331111316136,1595.3120115203756,1602.161917388413,1597.4120091062805,1594.5038646962607,1594.9211532637296,1599.078101973635,1606.810685164775,1631.2368707759954
2022-09-09,1651.0213114420587,1607.2416347927528,1557.989498562284,1563.4619581434472,1578.0551836932157,1601.4043445728455,1671.4518272117343,1637.261984495134,1583.1628126356347,1534.27550704391,1492.5388819715718,1449.6347988552525,1652.3678826175071,1623.6897596441843,1608.8191576322558,1608.5074525479956,1610.6180079159124,1613.7418012262817,1603.695169040802,1600.0759271070997,1599.7933403284921,1603.2399665874495,1610.2612852795432,1633.3209401961715
2022-09-10,1694.8009880913644,1651.0213114420585,1585.3517964681,1576.595861138239,1589.0001028555423,1601.4043445728455,1677.289117431642,1648.5196156335267,1599.5801913791242,1547.8958508903606,1507.4239720323358,1454.7424277976716,1695.4742736790886,1661.9867280096794,1637.6550481007923,1632.1571274921182,1630.3045705043367,1629.3466591655801,1612.3974590859548,1607.770634753409,1606.563453714452,1609.1243447680242,1615.2934178074306,1636.7720787058272
2022-09-13,1694.8009880913644,1668.5331821017808,1607.2416347927528,1585.3517964681,1585.3517964681002,1598.485699462892,1683.1264076515495,1656.024703059122,1611.6196024576834,1560.5433130334934,1518.8066879611551,1459.1203954626021,1673.2477925605735,1658.331589153806,1640.625328843296,1635.58697911938,1633.4917614178323,1632.05599070014,1614.889320528284,1610.1734501250007,1608.7321297011647,1610.9459520147216,1616.6945116754555,1637.239266664392
2022-09-13,1665.6145369918274,1668.5331821017808,1629.1314731174057,1594.1077317979612,1585.3517964680998,1595.567054352938,1684.5857302065263,1661.0280946761857,1621.4700297037773,1570.2721300666724,1528.4382168240027,1463.4983631275327,1640.2447136766632,1641.3016043667883,1633.2067301653979,1630.4332801509026,1629.4532803985892,1628.9541962117166,1614.3959214485724,1610.0105714954313,1608.6594226324614,1610.7848947442012,1616.3238106212316,1636.2557377505677
2022-09-15,1607.241634792753,1651.0213114420585,1634.6039326985688,1602.8636671278223,1585.3517964681002,1592.6484092429844,1683.1264076515492,1663.5297904847173,1629.1314731174057,1578.055183693216,1536.3185586208776,1467.8763307924632,1601.8533359100552,1615.3550556256748,1617.7078919382977,1618.256676149547,1619.3007692824135,1620.767666453183,1611.1098592998544,1607.4245374203213,1606.4546682671437,1608.7273757615599,1614.2507967985734,1633.8690564519734
2022-09-15,1563.4619581434474,1615.997570122614,1629.1314731174057,1611.6196024576834,1585.3517964681002,1580.9738288031695,1678.7484399866187,1663.5297904847173,1634.6039326985688,1586.811119023077,1542.4477133517805,1472.2542984573936,1560.7678087020984,1583.4641309151637,1595.9244229507076,1600.3340589394734,1603.974848084218,1608.1319933333027,1605.2113058930343,1602.5499676466445,1602.221868912363,1604.855849923846,1610.5422275709486,1630.1252277648314
2022-09-15,1519.6822814941418,1563.4619581434472,1612.714094373916,1607.241634792753,1585.3517964681002,1572.2178934733083,1671.4518272117343,1661.0280946761854,1637.8874084472668,1595.5670543529377,1549.4524616156693,1476.6322661223244,1518.3352067734672,1547.6102888917212,1569.2529078160696,1577.7101581949937,1584.27142604739,1591.6033197722443,1596.868809051215,1595.5140030465438,1596.059953591996,1599.249187094324,1605.262242366003,1625.0687483248314
2022-09-18,1475.902604844836,1519.6822814941415,1585.3517964681,1594.1077317979612,1585.3517964681002,1563.4619581434474,1661.2365693268964,1659.7772467719196,1638.9819003634996,1601.4043445728455,1556.4572098795581,1481.010233787255,1475.2290674844987,1509.1145019929909,1538.7795790115056,1551.239752740546,1560.8639648394114,1571.6682708251549,1586.2400425443968,1586.4367211103765,1588.0630255238757,1591.9828280117677,1598.4724653397097,1618.7426558615757
2022-09-18,1432.1229281955304,1475.9026048448359,1547.0445793999575,1572.2178934733083,1574.4068773057736,1554.7060228135858,1648.102666332105,1654.7738551548562,1637.8874084472668,1605.2958713861174,1560.835177544489,1485.3882014521853,1431.7861595153618,1468.8574185107354,1505.349284019221,1521.6222070688511,1534.3223166404598,1548.7526434152885,1573.4725076412888,1575.4315283568126,1578.3205975249657,1583.1289333828308,1590.232104014475,1611.1885770315641
2022-09-18,1388.3432515462248,1432.1229281955302,1497.7924431694887,1541.5721198187944,1556.165345368563,1545.950087483725,1632.0501182273595,1647.2687677292608,1634.6039326985688,1607.241634792753,1563.4619581434474,1489.766169117116,1388.1748672061403,1427.42613730613,1469.6191264364872,1489.429728492136,1505.1286640645305,1523.2290098504925,1558.7041893997164,1562.6055309423741,1566.9178159333537,1572.756526492139,1580.5980440490807,1602.4467736828872
2022-09-21,1344.5635748969191,1388.3432515462246,1454.012766520183,1502.1704108344195,1530.627200656468,1537.1941521538638,1613.0789250126604,1637.261984495134,1629.1314731174057,1607.241634792753,1566.9643322753918,1494.1441367820466,1344.4793827268768,1385.2120576199577,1432.1001868389599,1455.1304866294954,1473.6910077850046,1495.4233709001326,1542.0641706157098,1548.059884681554,1553.93567360722,1560.931629611942,1569.6249402921603,1592.556187603042
2022-09-21,1300.7838982476135,1344.563574896919,1410.2330898708774,1454.012766520183,1497.7924431694885,1519.6822814941415,1591.1890866880071,1624.753505452475,1621.470029703777,1605.295871386117,1570.4667064073362,1498.5221044469772,1300.7418021625922,1342.4761122794077,1393.1899723410374,1419.1075293510976,1440.3545791408974,1465.6209772374043,1523.6732061629743,1531.8901256213737,1539.4512125336146,1547.7173944809142,1557.3653042649503,1581.5544837996079
2022-10-04,1300.7838982476135,1327.0517042371966,1382.8707919650615,1423.366992865669,1468.6059920699518,1505.089055944373,1570.7585709183315,1613.4958743140824,1618.1865539550793,1604.3229896827988,1573.9690805392806,1502.9000721119078,1322.6526885297556,1343.1719331519114,1382.3841062423446,1405.5540830867014,1425.6175015649007,1450.4888019448438,1512.1177460812933,1521.4830950255707,1529.9444985025564,1538.8846197163928,1549.0201384073803,1573.7842900650935
2022-10-25,1329.9703493471507,1327.0517042371966,1366.4534132215717,1401.4771545410163,1439.4195409704146,1490.4958303946044,1554.706022813586,1602.2382431756894,1613.8085862901487,1603.3501079794814,1577.4714546712253,1507.278039776838,1355.49797003799,1358.229039283349,1383.708360754318,1402.424840988433,1419.8830015620274,1442.7206081450165,1504.132294820966,1514.086437054496,1523.0371206022473,1532.339342839429,1542.7190840206683,1567.7042560152945
2022-10-25,1388.3432515462248,1344.563574896919,1360.9809536404086,1388.3432515462246,1421.1780090332038,1475.9026048448359,1541.5721198187944,1590.9806120372964,1609.4306186252184,1602.3772262761634,1580.9738288031697,1511.656007441769,1393.81044911676,1382.8603355874093,1394.467153519032,1407.8244932079053,1421.766067197951,1441.3958981513308,1499.4865292322283,1509.5329087845535,1518.6022819482612,1527.982107420129,1538.3819798706631,1563.258966578581
2022-10-26,1432.1229281955304,1379.5873162163634,1366.4534132215717,1383.965283881294,1410.2330898708772,1461.3093792950674,1531.3568619339565,1579.7229808989034,1605.0526509602873,1601.4043445728455,1584.476202935114,1516.0339751066995,1434.856526980798,1413.8744253398847,1412.563920480322,1420.2023316873474,1430.094765297472,1445.709236488019,1497.9649857233644,1507.6645585656802,1516.5193708700451,1525.7177812212035,1535.9318083010228,1560.3948235709174
2022-10-26,1475.902604844836,1432.1229281955302,1382.8707919650615,1388.3432515462246,1406.5847834834356,1446.7161537452987,1524.060249159072,1568.465349760511,1600.6746832953572,1600.4314628695274,1587.9785770670583,1522.6009266040953,1477.2694042374696,1449.1437107246372,1436.3680007056153,1438.2895952885826,1443.8774600969593,1454.9558671137845,1499.3661015795435,1508.3322098394835,1516.6736591931717,1525.455368189592,1535.2945719556549,1559.0599861257772
2022-10-26,1519.6822814941418,1475.9026048448359,1410.2330898708774,1401.4771545410163,1410.2330898708776,1440.8788635253914,1519.6822814941415,1557.2077186221177,1596.2967156304264,1602.3772262761634,1591.4809511990027,1530.627200656468,1520.3656811904584,1487.249793197574,1464.611102358467,1461.0482067167397,1462.2750751810343,1468.5191284924924,1503.5013181320533,1511.394973634148,1518.9560152395266,1527.1078286223683,1536.399175335568,1559.204313077176
2022-10-29,1563.4619581434474,1519.6822814941415,1448.54030693902,1423.366992865669,1421.1780090332038,1440.8788635253911,1518.2229589391645,1549.7026311965226,1591.9187479654959,1603.3501079794812,1594.983325330947,1537.9238134313523,1563.8036579916056,1527.2470737293004,1496.3067762327528,1487.6288300032875,1484.5776228136065,1485.8594417800252,1510.1942417875823,1516.7197881429595,1523.2626308274887,1530.5919071515154,1539.1773110005556,1560.7793072317852
2022-11-08,1563.4619581434474,1537.1941521538638,1481.375064425999,1440.8788635253914,1428.474621808088,1437.9602184154378,1515.3043138292112,1540.9466958666612,1584.2573045518673,1601.4043445728455,1595.8589188639335,1543.0314423737711,1541.7429697428736,1524.7254763175806,1501.5013329575058,1493.456730274352,1489.9783395336888,1490.08729674429,1510.8063733815536,1516.8843711069142,1523.087979640496,1530.1175756011949,1538.4128000395197,1559.4318637649772
2022-11-08,1534.2755070439105,1537.1941521538638,1497.7924431694887,1458.3907341851136,1435.7712345829725,1435.041573305484,1508.0077010543268,1532.1907605368,1574.4068773057736,1597.5128177595739,1594.9833253309473,1548.8687325936785,1508.8227872938546,1508.4511858266658,1495.812726710246,1490.2650711053493,1487.8128418892497,1488.3142102568581,1508.5545173469268,1514.6076063145765,1520.7862540407077,1527.7604029596139,1535.9614198358065,1556.6931995380874
2022-11-08,1475.902604844836,1519.6822814941415,1503.2649027506518,1475.9026048448359,1443.0678473578566,1432.1229281955302,1502.1704108344193,1523.4348252069392,1562.3674662272147,1591.6755275396663,1592.3565447319886,1554.706022813586,1470.4728577446924,1483.0084332829538,1481.6594381514203,1479.6937723944732,1479.2451628594465,1481.2902999991923,1503.6234470790948,1510.0251241968517,1516.461213755577,1523.6022518829145,1531.8893221244232,1552.608928346528
2022-11-08,1432.1229281955304,1484.658540174697,1497.7924431694887,1480.2805725097664,1450.3644601327408,1429.2042830855764,1496.3331206145117,1514.678889877078,1548.1390713161902,1583.8924739131232,1590.6053576660167,1558.3543292010281,1429.4080546454584,1451.453372704044,1460.9225077947103,1463.0845867857008,1465.260253426643,1469.6719189425712,1496.1860151092321,1503.265020160706,1510.2115570624378,1517.7214257813196,1526.2600644546899,1547.223168451436
2022-11-08,1388.3432515462248,1432.1229281955302,1481.375064425999,1475.9026048448359,1457.6610729076249,1426.2856379756226,1490.4958303946044,1505.922954547217,1535.0051683213985,1574.1636568799443,1586.2273900010862,1560.5433130334934,1386.9858147711886,1415.823440101669,1435.0649671507567,1441.5353118968312,1446.691533652839,1454.0333759368648,1486.4039221923085,1494.4482732016068,1502.13116768851,1510.1928235689545,1519.1347119230127,1540.578591613583
2022-11-09,1344.5635748969191,1388.3432515462246,1454.012766520183,1462.7687018500442,1454.0127665201828,1423.3669928656689,1484.6585401746968,1497.1670192173558,1521.8712653266068,1562.4890764401293,1580.0982352701833,1561.272974310982,1343.8848565094008,1377.476926150317,1405.224729616725,1415.9441457787916,1424.2442051289581,1434.8771912257084,1474.4284367765217,1483.6891412597183,1492.3093496670028,1501.088087685418,1510.571934916134,1532.7164705196167
2022-11-09,1300.7838982476135,1344.563574896919,1415.7055494520405,1440.8788635253914,1443.0678473578566,1420.4483477557153,1478.8212499547894,1484.6585401746968,1508.7373623318151,1548.8687325936787,1572.2178934733083,1560.5433130334934,1300.4445390538542,1337.3193579663139,1372.2868389459657,1387.0459777459764,1398.5149768934732,1412.6430700222834,1460.4010680553467,1471.0955346118621,1480.8310507368226,1490.4757456816305,1500.6281030213172,1523.676724653344
2022-11-09,1257.0042215983078,1300.7838982476133,1366.4534132215717,1410.2330898708774,1424.8263154206459,1417.5297026457615,1468.6059920699515,1473.4009090363043,1495.6034593370234,1533.3026253405924,1562.5863646104613,1558.3543292010283,1256.834542001428,1295.9544202938766,1336.9396625021961,1355.4420808737993,1370.0087565943238,1387.7157543881233,1444.454195596873,1456.769368519481,1467.777074844734,1478.421345649777,1489.3573752537754,1513.4979646630377
2022-11-09,1213.2245449490022,1257.0042215983076,1322.673736572266,1370.8313808865023,1399.2881707085508,1405.8551222059468,1455.4720890751598,1462.1432778979113,1482.4695563422317,1515.7907546808697,1551.2036486816414,1554.706022813586,1213.1397051505621,1253.78456962915,1299.718597123863,1321.624405860326,1339.1527737797658,1360.43189362707,1426.711658351894,1440.8068962850484,1453.2242842815613,1464.987585764991,1476.8117867457722,1502.2175352740755
2022-11-09,1169.4448682996965,1213.224544949002,1278.8940599229604,1322.673736572266,1366.4534132215715,1388.3432515462248,1439.4195409704146,1450.8856467595185,1469.33565334744,1499.2517657244655,1538.06974568685,1549.5983938711672,1169.4024484004763,1211.078110302897,1261.0400625742025,1285.995457822156,1306.3085303752466,1331.086055879985,1407.2893056614744,1423.2990238053453,1437.2457919580895,1450.2344381947912,1463.0413320361495,1489.8715567946103
2022-11-10,1169.4448682996965,1195.7126742892797,1251.5317620171443,1292.0279629177523,1337.2669621220346,1373.7500259964559,1424.8263154206459,1443.3805593339232,1459.4852261013461,1485.6314218780149,1525.8114362250444,1545.2204262062367,1191.313496674739,1211.7935885182653,1250.4143919908247,1272.7643827543097,1291.9879172327473,1316.3533670136121,1394.768998518734,1411.628219424437,1426.317926250329,1439.929660227583,1453.244595287634,1480.8011629636067
2022-11-10,1198.6313193992337,1195.7126742892797,1235.1143832736548,1270.1381245930993,1308.0805110224976,1359.1568004466874,1410.2330898708776,1438.3771677168597,1448.54030693902,1473.9568414382,1513.5531267632387,1540.8424585413059,1224.1588591365235,1226.863799544946,1251.8787985702656,1269.898898907764,1286.6058102120642,1308.9347238366993,1385.8809483948355,1403.0379973229856,1418.0587211453524,1431.9763802871798,1445.5488943586408,1473.4635583286788
2022-11-20,1213.2245449490022,1186.9567389594185,1213.224544949002,1243.870318603516,1278.8940599229604,1335.8076395670578,1391.2618966561784,1428.3703844827328,1437.5953877766935,1461.3093792950674,1498.6680367024749,1534.27550704391,1196.8018637181099,1207.7241557965294,1233.560147399028,1251.6345297062971,1268.5810499178538,1291.498491894574,1371.9173303241814,1390.0606012661362,1405.931216128491,1420.5619667225064,1434.7212854935842,1463.4957324260893
2022-11-21,1184.0380938494652,1178.2008036295574,1191.334706624349,1217.6025126139325,1249.7076088234232,1306.6211884675206,1373.7500259964559,1415.8619054400738,1426.6504686143671,1448.6619171519344,1482.0317595757388,1528.438216824003,1161.2335276842502,1180.3711677478166,1209.5834905659974,1228.7310136961323,1246.5939947997824,1270.769329364051,1356.0300955710336,1375.3719673985947,1392.2597027393153,1407.7403678063274,1422.601438676204,1452.4193212531154
2022-11-29,1169.4448682996965,1195.7126742892797,1185.8622470431858,1204.468609619141,1231.4660768862127,1280.3533824779372,1360.6161230016644,1404.604274301681,1418.9890252007385,1438.9331001187556,1468.897856580947,1522.6009266040953,1187.2290363166262,1191.322293481545,1210.3926137622207,1225.9116557421087,1241.4602332842776,1263.5762313121697,1346.81683424058,1366.3637772625061,1383.5262804080805,1399.2831581168784,1414.3905800986665,1444.5768695710133
2022-11-30,1198.6313193992337,1204.4686096191408,1191.334706624349,1200.0906419542102,1220.5211577238863,1262.8415118182152,1350.4008651168265,1393.346643163288,1413.5165656195754,1431.1500464922124,1457.5151406521275,1516.763636384188,1222.116628957467,1213.2162695204659,1220.7507488369067,1231.564849534145,1243.8516161018206,1262.7547300979368,1341.022472134627,1360.2882463922729,1377.3544726612624,1393.0971173986798,1408.2185660398288,1438.4269466866622
2022-12-13,1257.0042215983078,1213.224544949002,1207.7520853678388,1204.4686096191408,1216.872851336444,1251.1669313784,1343.1042523419421,1382.0890120248953,1410.2330898708774,1422.3941111623512,1447.8836117892802,1510.9263461642804,1261.45026360254,1242.4054790961816,1238.5358931503972,1244.150131118412,1252.610428739635,1267.5083761166463,1338.4264351096583,1356.9824492731252,1373.619322689865,1389.0834991747204,1404.0054418126833,1433.914059852595
2022-12-16,1257.0042215983078,1221.980480278863,1218.697004530165,1204.4686096191408,1209.5762385615599,1236.5737058286315,1334.348317012081,1367.0788371737046,1402.571646457249,1413.63817583249,1437.3764893934467,1502.9000721119078,1237.337404275771,1232.6785010471217,1232.9111491056428,1238.5272972694283,1246.5510620026143,1260.7228972206906,1330.3488938089708,1348.995899032896,1365.7951871903106,1381.4374576866455,1396.5238380141075,1426.6783380524773
2022-12-16,1227.8177704987709,1230.7364156087242,1213.224544949002,1204.4686096191406,1202.2796257866755,1221.980480278863,1325.5923816822199,1353.31951022678,1392.7212192111551,1404.882240502629,1426.8693669976135,1493.4144755045584,1203.3911362877336,1211.6006234646466,1218.807531148766,1225.966855638568,1234.6885706637038,1249.313143605566,1319.9679889374047,1339.0208417699405,1356.217122854183,1372.220388582865,1387.6187803782482,1418.2444537982876
2023-01-06,1213.2245449490022,1239.4923509385853,1213.224544949002,1217.6025126139325,1205.9279321741178,1216.1431900589557,1321.2144140172893,1343.312726992653,1383.965283881294,1399.0449502827214,1418.9890252007383,1484.6585401746968,1230.1976789430205,1226.735156175867,1227.2956845819974,1231.6100130857933,1238.1217477305659,1250.2745283546587,1315.9058103993984,1334.4643628715164,1351.377469134384,1367.210990018319,1382.4966408182502,1412.9578888081242
2023-01-09,1242.4109960485393,1248.2482862684465,1229.6419236924917,1226.3584479437936,1216.872851336444,1216.1431900589557,1319.7550914623123,1335.8076395670578,1375.2093485514329,1395.15342346945,1412.8598704698356,1475.9026048448359,1265.4907885953169,1251.4180701997823,1243.6263987299121,1244.187083115215,1247.7620785793424,1256.588199591278,1314.9302031637994,1332.5932259479664,1348.9094900667367,1364.3228555935057,1379.29221954097,1409.2800530520417
2023-01-11,1300.7838982476135,1257.0042215983076,1257.0042215983076,1235.1143832736548,1235.1143832736548,1221.980480278863,1321.2144140172893,1330.8042479499943,1366.4534132215717,1393.207660062814,1405.8551222059468,1467.1466695149747,1305.027181746118,1282.4665717654946,1266.0568823225803,1262.437354348252,1262.654616474354,1267.5851215044831,1316.8420335981941,1333.2582453340194,1348.6974942047943,1363.4637564327845,1377.9303119078702,1407.1582013092507
2023-01-12,1344.5635748969191,1292.0279629177521,1278.8940599229604,1257.0042215983078,1249.7076088234232,1233.655060718678,1325.59238168222,1328.3025521414625,1357.6974778917106,1390.2890149528603,1401.4771545410165,1458.3907341851138,1346.6852166461713,1317.7587983590713,1293.2316310389458,1285.3293356569743,1281.9913295623342,1282.679887759701,1321.455015401293,1336.3185234569198,1350.631433587303,1364.5454736116299,1378.3386624819234,1406.5413177104629
2023-01-13,1388.3432515462248,1344.563574896919,1300.7838982476133,1287.6499952528216,1264.300834373192,1251.1669313784,1328.5110267921734,1328.3025521414625,1352.2250183105475,1387.3703698429067,1398.850373942058,1449.6347988552525,1389.4040724208508,1355.8801749712243,1324.0963637404093,1312.0190797548935,1305.0884985828259,1301.36026781418,1328.5948807428567,1341.6409903868425,1354.606628446241,1367.4836238109299,1380.447849372653,1407.380059037842
2023-01-14,1432.1229281955304,1388.3432515462246,1322.673736572266,1313.917801242405,1289.8389790852868,1274.5160922580296,1331.429671902127,1330.804247949994,1348.9415425618495,1384.451724732953,1397.9747804090719,1443.0678473578564,1432.6533386328433,1395.8876515957616,1357.8310839858375,1341.816084316701,1331.3675918539045,1323.178059943012,1338.0986048784682,1349.0999689678422,1360.5235053437334,1372.1974925515344,1384.1911731166601,1409.626699883973
2023-01-14,1475.902604844836,1432.1229281955302,1360.9809536404086,1340.1856072319883,1322.673736572266,1294.946608027706,1334.348317012081,1335.8076395670578,1347.8470506456167,1381.5330796229994,1398.8503739420578,1437.9602184154376,1476.1678100634924,1437.1525282285547,1393.798016765461,1374.1553928944177,1360.3390825677873,1347.7410876369033,1349.8136807891567,1358.576764108192,1368.2873480827777,1378.6098746794737,1389.504549915777,1413.2350796088967
2023-01-16,1519.6822814941418,1475.9026048448359,1410.2330898708774,1366.4534132215717,1351.8601876718033,1315.3771237973817,1337.2669621220346,1343.312726992653,1348.9415425618495,1378.6144345130454,1401.4771545410163,1434.3119120279955,1519.81488410347,1479.2556715335188,1431.5011148494582,1408.5747683942413,1391.5887557332733,1374.7061964502213,1363.597440618466,1369.9592748879284,1377.808060768664,1386.646921786603,1396.32640906196,1418.160551036259
2023-01-20,1563.4619581434474,1519.6822814941415,1454.012766520183,1405.8551222059468,1381.0466387713404,1344.563574896919,1340.1856072319883,1353.31951022678,1352.2250183105475,1375.6957894030918,1403.2283416069884,1432.1229281955302,1563.5282594481114,1521.917659286597,1470.5545637257462,1444.6960168303344,1424.7661217424243,1403.7731262430377,1379.3164208877747,1383.1416282159742,1388.9999424283758,1396.2379962651312,1404.5975943847363,1424.3599308315538
2023-01-20,1607.241634792753,1563.4619581434472,1497.7924431694887,1454.012766520183,1410.2330898708776,1379.5873162163634,1343.1042523419421,1362.075445556641,1357.6974778917106,1375.6957894030918,1404.979528672961,1431.393266918042,1607.274785445085,1564.9522100050842,1510.6582854404824,1482.209706759739,1459.5746124654447,1434.6791493929154,1396.8457686654706,1398.0238328396454,1401.7814726241652,1407.3155317076064,1414.2612695634548,1431.7914515073082
2023-01-24,1607.241634792753,1580.9738288031695,1525.1547410753046,1484.658540174697,1439.4195409704143,1402.9364770959933,1341.6449297869653,1367.0788371737046,1362.0754455566412,1374.722907699774,1404.1039351399747,1429.933944363065,1585.368371794266,1564.4554593845387,1522.3924349300303,1496.9828433749587,1475.5572810312913,1450.7770004867318,1407.595200244695,1407.2148398009679,1409.668325576325,1414.1045067700343,1420.1122769587485,1436.108517298657
2023-02-03,1621.8348603425218,1607.2416347927528,1557.989498562284,1519.6822814941415,1479.550911232278,1429.2042830855764,1346.0228974518957,1373.3330766950342,1369.7368889702698,1376.6686711064096,1404.1039351399747,1430.6636056405534,1618.1948416181622,1593.310743403712,1550.9766297104811,1524.989837568977,1502.5517472483323,1475.8075393561478,1423.300110644525,1420.7596437810284,1421.4416419600193,1424.4052374079483,1429.1675332129962,1443.154838418113
2023-02-09,1592.6484092429846,1607.2416347927528,1574.4068773057734,1541.5721198187944,1505.089055944373,1446.7161537452987,1348.9415425618495,1375.834772503566,1376.3038404676656,1377.6415528097275,1401.4771545410165,1428.4746218080882,1590.8283998808047,1583.361148316957,1553.7511471400294,1531.9847685825168,1511.9225489245036,1486.7643417045601,1432.3428104831648,1428.6875501344964,1428.36946226165,1430.4511817877526,1434.4339812494843,1447.0993341468125
2023-02-10,1578.0551836932161,1589.7297641330306,1579.8793368869367,1554.7060228135858,1523.3305878815836,1467.1466695149747,1351.860187671803,1375.8347725035658,1382.8707919650615,1378.6144345130454,1397.099186876086,1427.0152992531112,1555.255340687473,1562.1348593760185,1546.18028810761,1529.747952748267,1513.1163539352174,1490.8790841782577,1437.9776150645182,1433.7428129878099,1432.8237461266494,1434.3307948184652,1437.777051847314,1449.4791029122987
2023-02-15,1563.4619581434474,1580.9738288031695,1590.824256049263,1572.2178934733083,1545.2204262062367,1496.333120614512,1359.1568004466874,1377.0856204078316,1389.437743462457,1382.5059613263172,1396.2235933430995,1427.7449605305997,1581.248487740113,1577.1704511815967,1559.7494762598642,1543.8377131199916,1527.5971663748385,1505.4244030050697,1448.8978744018236,1443.381636421418,1441.3319358176789,1441.8486574260428,1444.4227217667428,1454.651644941166
2023-02-15,1592.6484092429846,1598.4856994628917,1601.7691752115898,1589.7297641330306,1567.1102645308895,1522.6009266040953,1369.3720583315255,1378.3364683120976,1396.0046949598532,1388.3432515462243,1397.099186876086,1429.933944363065,1616.1348995910857,1601.7874046017507,1580.0321063003519,1563.32564008764,1546.58549638518,1523.6240165596932,1461.9380961463548,1454.9171739225646,1451.5606858481362,1450.9431206441304,1452.5246272442064,1461.089994662507
2023-02-20,1651.0213114420587,1607.2416347927528,1612.714094373916,1607.2416347927526,1589.0001028555423,1548.8687325936785,1382.5059613263172,1383.339859929161,1402.5716464572488,1396.1263051727678,1399.725967475044,1433.582250750507,1655.467943841225,1632.791932431622,1605.5363022539104,1587.2302488155901,1569.3878797245932,1545.0211380011522,1476.9615085299038,1468.244052487498,1463.426066445367,1461.5456366200974,1462.0256610029185,1468.7526501847647
2023-02-25,1651.0213114420587,1615.997570122614,1607.2416347927528,1611.6196024576834,1599.9450220178687,1566.380603253401,1394.180541766132,1387.092403641959,1405.8551222059468,1402.936477095993,1401.4771545410163,1436.5008958604606,1631.354789316989,1624.275166551999,1605.91526504032,1590.8686826296196,1575.211534350464,1552.7987001001022,1485.3666779662167,1475.9661403933455,1470.4414600232883,1467.8802452362997,1467.720405073108,1473.293272630928
2023-03-07,1621.8348603425218,1624.753505452475,1607.2416347927528,1607.2416347927528,1603.5933284053106,1578.0551836932157,1405.8551222059468,1390.8449473547564,1406.9496141221794,1409.7466490192185,1403.2283416069886,1437.230557137949,1597.408373730218,1604.0040970824818,1596.4811968410152,1585.885641813952,1573.4039072416922,1554.1316073555204,1490.405083138941,1480.82701915724,1474.9790452974426,1472.0359718844368,1471.4749757817488,1476.2496229756007
2023-03-09,1563.4619581434474,1607.2416347927528,1590.8242560492633,1594.1077317979612,1599.9450220178685,1583.892473913123,1417.5297026457617,1394.597491067554,1405.8551222059468,1413.63817583249,1404.979528672961,1436.5008958604608,1558.5453276121798,1575.8968252197017,1579.4147712083768,1573.84866721035,1565.1390417420687,1549.825441622848,1492.293934645728,1482.9856448426235,1477.1596909655743,1474.1075505631195,1473.3654583587052,1477.6736445663726
2023-03-09,1519.6822814941418,1572.2178934733083,1579.879336886937,1585.3517964681,1589.0001028555423,1583.8924739131232,1429.2042830855764,1398.3500347803515,1402.571646457249,1415.583939239126,1406.7307157389328,1434.3119120279955,1517.2239662285078,1542.56541842808,1556.4120675720344,1556.0402922348019,1551.4103591424944,1540.5850870255965,1491.2364294972836,1482.5921426205243,1477.098369691392,1474.1855964014549,1473.4649542993377,1477.6155776902567
2023-03-10,1475.902604844836,1519.6822814941415,1568.9344177246103,1563.4619581434472,1570.7585709183313,1578.0551836932157,1436.5008958604608,1402.1025784931492,1400.3826626247837,1415.583939239126,1408.481902804905,1430.6636056405537,1474.673447212019,1505.7512550172298,1528.7922588217002,1533.5098624094796,1533.0584466891155,1527.0273171718384,1487.422655219751,1479.7882973746914,1474.9044457159841,1472.3567847403276,1471.843698373698,1476.124015411741
2023-03-12,1475.902604844836,1502.1704108344193,1557.9894985622839,1559.0839904785166,1567.1102645308893,1575.136538583262,1445.256831190322,1409.6076659187445,1401.4771545410163,1416.556820942444,1412.8598704698356,1427.7449605305997,1497.1778643530802,1510.3949305095339,1526.7678194155762,1530.995756788509,1531.0005751206577,1526.1091877121264,1489.503921431002,1482.0046298257719,1477.0887303880893,1474.4144150339716,1473.7197212411666,1477.552155283295
2023-03-12,1505.0890559443733,1502.1704108344193,1547.0445793999577,1563.4619581434472,1559.8136517560051,1572.2178934733083,1458.3907341851134,1419.6144491528714,1404.7606302897143,1417.5297026457617,1418.9890252007388,1424.8263154206459,1530.3199112482637,1528.0839397208383,1534.9220724662146,1536.898702489407,1535.9946340472409,1530.7782840160414,1494.2754076705146,1486.5300369545319,1481.3020585712773,1478.2860473430792,1477.239024649099,1480.3688701311687
2023-03-13,1563.4619581434474,1519.6822814941415,1536.0996602376313,1563.4619581434472,1563.4619581434472,1569.2992483633545,1474.443282289859,1432.1229281955302,1410.2330898708774,1418.5025843490794,1424.2425863986552,1424.0966541431576,1568.7807730205081,1554.469838078143,1550.9930863165564,1549.6883265445606,1546.955711085012,1540.3362028631302,1501.5635513558204,1493.2362368344332,1487.4454525333003,1483.8928120148041,1482.33716622336,1484.5286329069581
2023-03-13,1607.241634792753,1554.706022813586,1541.5721198187944,1563.4619581434472,1574.4068773057736,1575.136538583262,1489.0365078396276,1447.1331030467206,1417.8945332845058,1419.4754660523975,1429.4961475965717,1424.826315420646,1609.9010422312833,1586.6536625327815,1573.2215807888904,1568.1125056168328,1562.9658034476342,1554.1718414354962,1511.2059874904164,1502.0020743126345,1495.4247627239715,1491.1592685116411,1488.9522307417403,1489.9874092523712
2023-03-14,1651.0213114420587,1607.2416347927528,1557.989498562284,1563.4619581434472,1581.7034900806577,1578.055183693216,1503.629733389396,1460.8924299936455,1427.7449605305997,1423.366992865669,1434.7497087944885,1427.0152992531112,1652.3510151613236,1622.702771052309,1600.2392268561068,1591.146775157657,1583.2481395466698,1571.7504847674797,1523.0508262388646,1512.7131250781194,1505.1504322540882,1500.0132563194554,1497.024731029961,1496.7026085585678
2023-03-17,1694.8009880913644,1651.0213114420585,1585.3517964681,1576.595861138239,1589.0001028555423,1589.7297641330306,1518.2229589391648,1474.6517569405698,1439.7843716091588,1429.2042830855764,1440.0032699924052,1430.6636056405534,1695.4658399509967,1661.3287356150959,1630.9817686082322,1617.952936900023,1607.1454511149777,1592.6042572641286,1536.9559771099491,1525.261321726039,1516.5372728631899,1510.385752337769,1506.4975127441066,1504.6330366301122
2023-03-17,1738.58066474067,1694.800988091364,1623.6590135362426,1598.4856994628917,1596.2967156304264,1607.241634792753,1537.194152153864,1492.163627600292,1454.012766520183,1436.9873367121197,1445.256831190322,1435.7712345829723,1738.913090670486,1701.6726042067223,1664.6214514486196,1647.8451922618324,1634.1015880803618,1616.3237677798595,1552.7885167409186,1539.5446005962576,1529.504251815716,1522.2107344704734,1517.3156628870818,1513.7388499009273
2023-04-04,1782.3603413899757,1738.5806647406698,1672.9111497667113,1629.1314731174057,1614.538247567637,1621.8348603425213,1559.0839904785166,1512.1771940685462,1470.4301452636726,1446.7161537452987,1450.5103923882386,1442.3381860803681,1782.5265543548835,1743.1617421509084,1700.5144662465445,1680.2624333122774,1663.6459619201955,1642.550799062287,1570.4240974698453,1555.4665682319812,1543.9742891924755,1535.425051147378,1529.426421912658,1523.981511151365
2023-04-04,1826.1400180392814,1782.3603413899757,1716.690826416017,1668.5331821017808,1640.0763922797323,1636.42808589229,1579.5145062481927,1530.9399126325343,1489.0365078396276,1458.3907341851138,1455.7639535861554,1450.3644601327408,1826.2231245217351,1785.4143929968013,1738.1600725669987,1714.7455717443338,1695.380382346102,1670.9719110155745,1589.7463940646028,1572.9361863684594,1559.8740650703346,1549.968296518735,1542.7790992764199,1535.3237466771757
2023-04-12,1869.919694688587,1826.1400180392811,1760.4705030653226,1716.690826416017,1672.9111497667116,1651.0213114420585,1599.9450220178687,1549.7026311965226,1506.5483784993498,1472.0110780315642,1463.6442953830303,1459.8500567400904,1869.961247929814,1828.1760524438316,1777.1688056271976,1750.9189898522536,1728.9679191140697,1701.3128435558642,1610.6465861467507,1591.867474422317,1577.1338361077767,1565.7826910760896,1557.3249922984382,1547.7295048627727
2023-04-13,1913.6993713378927,1869.9196946885866,1804.2501797146283,1760.4705030653226,1713.0425200285752,1674.370472321688,1620.3755377875445,1568.4653497605107,1524.060249159072,1487.5771852846506,1473.2758242458774,1470.7949759024168,1913.720147958506,1871.2770509582872,1817.2377483738646,1788.475364058607,1764.1234774022435,1733.3336191097808,1633.0228740074247,1612.179228509255,1595.6872610775047,1582.8129674635288,1573.0173082078013,1561.1639161127537
2023-04-13,1957.4790479871983,1913.6993713378924,1848.029856363934,1804.250179714628,1760.4705030653229,1703.556923421225,1640.8060535572206,1590.9806120372964,1544.8555955674922,1505.0890559443733,1484.658540174697,1483.19921761972,1957.4894362975049,1914.6042755176925,1858.1312986544515,1827.163247800043,1800.6058231305913,1766.824257300621,1656.7800256609137,1633.7947560718799,1615.4712349096512,1601.0062612536585,1589.8110892442207,1575.5932540971392
2023-04-14,2001.258724636504,1957.4790479871983,1891.8095330132396,1848.0298563639342,1804.2501797146285,1738.5806647406696,1661.2365693268964,1615.997570122614,1567.8399258083778,1524.5466900107308,1497.7924431694887,1494.873798059535,2001.263918791657,1958.0823174403984,1899.6662103503088,1866.7769120701823,1838.2108351544707,1801.6010252987699,1681.8289531205842,1656.6416252504316,1636.4257308304395,1620.3120064724478,1607.6631406968322,1590.9848982672595
2023-04-14,2045.0384012858096,2001.2587246365038,1935.5892096625453,1891.8095330132394,1848.0298563639342,1779.4416962800217,1681.6670850965725,1639.7636803036658,1589.7297641330306,1545.950087483725,1512.6775332302525,1506.5483784993498,2045.040998363386,2001.6609042719708,1941.6999587024882,1907.148033136534,1876.7657955822622,1837.5031568783131,1708.0863160118442,1680.6514281773586,1658.4936502013993,1640.681835666477,1626.5319617650005,1607.307297600632
2023-04-19,2045.0384012858096,2018.770595296226,1962.9515075683612,1922.4553066677533,1880.8646138509132,1817.38408270942,1697.719633201318,1659.7772467719196,1608.3361267089854,1563.4619581434472,1526.6870297580306,1516.0339751066995,2023.149861499945,2001.526844393482,1954.9352400211585,1924.2590679547104,1895.9185538982993,1857.972602848087,1727.0006649553707,1698.4629446473114,1675.213897734819,1656.3590917086522,1641.2271289364319,1620.2237378313164
2023-04-19,2015.8519501862727,2018.770595296226,1979.368886311851,1944.3451449924064,1906.402758563008,1846.5705338089572,1710.8535361961096,1677.289117431642,1624.753505452475,1579.0280653965335,1540.696526285808,1524.0602491590723,1990.3144547435716,1986.8442455913873,1955.5005306802784,1930.2990643242538,1905.3893991427453,1870.4109084904758,1741.8702380541984,1712.852728166194,1688.9829294544472,1669.4512637207627,1653.6291649776383,1631.2812889839681
2023-04-21,1957.4790479871983,2001.2587246365038,1984.841345893014,1957.4790479871983,1924.6442905002189,1869.9196946885868,1721.0687940809476,1692.2992922828325,1642.2653761121976,1595.5670543529382,1554.7060228135858,1530.6272006564682,1952.006913040732,1962.4626208402224,1946.2113841597484,1927.2809383267336,1906.6678564035371,1875.8219663464029,1752.9559885886304,1724.0108750090662,1699.944707107298,1680.0707466606377,1663.8279965996092,1640.5408982414738
2023-04-21,1913.6993713378927,1966.2349833170592,1979.368886311851,1961.8570156521287,1935.5892096625455,1887.431565348309,1728.3654068558317,1704.807771325491,1659.7772467719199,1612.1060433093423,1568.715519341364,1535.734829598887,1910.9633038646593,1931.6149787896773,1929.257675388379,1916.8516213016158,1901.0142930627758,1875.084182389176,1760.502034143466,1732.1169205468175,1708.2361699161413,1688.3250487488092,1671.9100239756474,1648.061514518428
2023-05-05,1913.6993713378927,1939.9671773274756,1979.368886311851,1970.6129509819898,1950.182435212314,1907.862081117985,1741.4993098506236,1718.567098272416,1677.2891174316417,1628.6450322657467,1585.3517964681002,1541.5721198187944,1934.2211759259287,1940.2363351888507,1935.52909152145,1924.23842615354,1909.7011784357637,1885.383540588929,1773.2102285849971,1744.6370387379498,1720.394359090339,1700.0273965417825,1683.1088092310024,1658.2063516813384
2023-05-08,1899.1061457881242,1913.6993713378924,1962.9515075683612,1966.2349833170592,1953.830741599756,1919.5366615577998,1748.795922625508,1728.5738815065429,1691.5175123426664,1642.2653761121974,1598.4856994628917,1547.4094100387017,1902.0704353072579,1916.797455022096,1920.9492255585917,1914.3622931599125,1903.580950166967,1883.4505598513865,1779.449548978777,1751.597186290763,1727.6882779000098,1707.4140182003393,1690.4347263077702,1665.1477727635433
2023-05-11,1884.5129202383557,1887.4315653483093,1935.5892096625453,1953.1010803222678,1950.1824352123137,1925.3739517777071,1757.5518579553689,1736.078968932138,1703.5569234212253,1653.9399565520123,1609.868415391711,1553.246700258609,1864.1052266732695,1886.5783093611578,1899.8805127765227,1898.3218795016157,1891.6669606088617,1876.2867421248734,1782.461837305261,1755.7384547212362,1732.4908018092426,1712.5760181933367,1695.756502454104,1670.426207034879
2023-06-10,1826.1400180392814,1861.1637593587257,1897.2819925944027,1931.2112419976147,1939.2375160499876,1925.3739517777071,1766.30779328523,1741.0823605492017,1713.407350667319,1666.587418695145,1622.1267248535169,1559.0839904785166,1823.2327840316225,1851.838986704097,1873.7649191350679,1877.2379634813174,1874.8505576521097,1864.5459420330112,1782.4552891816943,1757.217448425055,1734.9234622765953,1715.6101192018864,1699.1527314319812,1674.096178653079
2023-06-14,1782.3603413899757,1834.895953369142,1864.4472351074237,1900.5654683431007,1920.9959841127766,1919.5366615577998,1770.6857609501608,1743.584056357733,1721.0687940809476,1679.2348808382776,1634.3850343153224,1564.9212806984242,1780.9067243861462,1814.086212716288,1843.7239737140908,1852.0275455284723,1853.8859587426575,1848.8002823714687,1779.6246682500152,1756.1820715537003,1735.101862396794,1716.608838573138,1700.6989248950672,1676.210424098574
2023-06-14,1738.58066474067,1782.3603413899757,1831.6124776204442,1861.1637593587257,1895.4578394006815,1907.862081117985,1772.1450835051373,1747.336600070531,1726.5412536621104,1688.9636978714566,1644.0165631781697,1570.7585709183315,1737.8538562387553,1774.3244711746465,1810.6299769090406,1823.4408987217253,1829.4113478732277,1829.5503705864558,1774.1521727559086,1752.7720113613482,1733.1359660892122,1715.660671160887,1700.4676332557062,1676.8199507868624
2023-06-14,1694.8009880913644,1738.5806647406698,1798.7777201334652,1826.1400180392811,1862.6230819137024,1890.3502104582628,1770.6857609501608,1747.336600070531,1729.8247294108085,1696.7467514979999,1651.8969049750447,1576.595861138239,1694.437583840407,1733.2234179304505,1775.1613845830448,1792.091882852695,1801.966726883817,1807.234238193406,1766.2082462195312,1747.1191946991655,1729.1303731795947,1712.8502642165904,1698.528561812034,1675.9740937591637
2023-06-20,1694.8009880913644,1721.0687940809476,1782.3603413899755,1804.2501797146283,1833.4366308141653,1875.7569849084941,1775.0637286150911,1752.3399916875944,1734.2026970757393,1705.502686827861,1660.6528403049056,1584.6221351906117,1716.5091242905382,1735.0091668671903,1767.0323357291838,1782.3625704686908,1792.2150250156405,1798.6525415118142,1764.4258216079916,1746.6448319236938,1729.5913630118423,1713.9689772828547,1700.0992325151178,1678.0267682175738
2023-06-20,1723.9874391909016,1721.0687940809476,1760.4705030653226,1791.1162767198366,1815.195098876955,1861.1637593587257,1782.3603413899755,1759.8450791131897,1738.5806647406703,1714.2586221577221,1672.0355562337252,1594.1077317979612,1749.4347328402569,1750.7928917081188,1770.43855920936,1782.3621651816518,1790.6989198424615,1796.6160164965845,1765.5828874003778,1748.629026894043,1732.1654595180928,1716.9425148527293,1703.3251583533477,1681.4475411084723
2023-06-21,1782.3603413899757,1738.5806647406698,1754.9980434841596,1786.738309054906,1804.2501797146285,1846.5705338089572,1792.5755992748134,1766.099318634519,1742.9586324056006,1723.0145574875833,1685.169459228517,1605.0526509602873,1787.787375439769,1775.908600485173,1782.8166611715649,1790.3217747921296,1796.151396488126,1800.3065166894216,1769.4897990545005,1752.9351930687783,1736.7495843240044,1721.6902323825796,1708.141427360639,1686.191556745548
2023-06-21,1826.1400180392814,1773.6044060601143,1760.4705030653226,1777.982373725045,1800.601873327186,1831.9773082591885,1805.709502269605,1772.3535581558483,1750.6200758192288,1731.7704928174444,1697.4277686903224,1617.4568926775908,1828.8535350641778,1807.2456318863108,1802.1728908420143,1804.7941238642127,1807.500365442043,1809.0081639393175,1775.9691471599256,1759.4343320476564,1743.2456872686182,1728.1349916132756,1714.4856731382056,1692.2154301207297
2023-06-30,1869.919694688587,1826.1400180392811,1776.8878818088122,1782.3603413899757,1804.250179714628,1826.1400180392811,1821.7620503743506,1778.6077976771778,1757.1870273166246,1740.5264281473055,1709.6860781521284,1629.1314731174057,1871.276453201035,1842.7302117035044,1826.9565531744317,1824.5950779503362,1823.8386740414044,1822.0945648641393,1784.8549680746332,1768.0046120082252,1751.560501125656,1736.2030081230414,1722.2979750283894,1699.477198685227
2023-07-13,1913.6993713378927,1869.9196946885866,1804.2501797146283,1795.4942443847672,1804.250179714628,1826.1400180392811,1836.355275924119,1788.6145809113048,1767.0374545627187,1749.2823634771669,1721.9443876139337,1640.8060535572208,1914.3777505941166,1880.9798237980692,1855.9615520217133,1848.75579977522,1844.3987315715267,1839.0176252545216,1795.992005488347,1778.5309695626127,1761.6053082896335,1745.8237055084394,1731.5207622032444,1707.9362757115211
2023-07-13,1957.4790479871983,1913.6993713378924,1842.5573967827709,1817.3840827094202,1815.1950988769547,1831.9773082591885,1850.948501473888,1801.1230599539635,1779.0768656412777,1758.038298807028,1734.2026970757393,1654.6696178295008,1957.8182376153102,1921.0727907442142,1888.249812602778,1876.4836042954537,1868.531038196908,1859.2977626772695,1809.2350196269379,1790.9047337333845,1773.2957188431396,1756.929575905312,1742.0987215143527,1717.5534051844716
2023-07-17,1957.4790479871983,1931.2112419976147,1875.3921542697499,1834.895953369142,1822.491711651839,1834.8959533691423,1861.1637593587257,1812.3806910923565,1786.738309054906,1763.8755890269354,1743.8342259385868,1667.8035208242923,1935.7588044766012,1918.6149842754403,1893.90527009947,1883.250107394079,1875.48001252629,1866.0979637598475,1815.974655221193,1797.7266580447463,1780.1446775014203,1763.745653967598,1748.8281587623344,1723.9844204681901
2023-07-22,1928.2925968876614,1931.2112419976147,1891.8095330132396,1852.4078240288643,1829.7883244267232,1829.0586631492347,1868.46037213361,1823.6383222307495,1792.2107686360694,1770.6857609501606,1751.7145677354615,1678.7484399866187,1902.839249582594,1902.3832210798225,1888.575142230385,1880.8263959930805,1874.624579012797,1866.57568012594,1819.4549803481216,1801.7373823027374,1784.5239466325015,1768.361916607641,1753.576846445717,1728.7691835573835
2023-08-16,1869.919694688587,1913.6993713378924,1897.2819925944027,1869.9196946885866,1837.0849372016075,1826.1400180392811,1872.8383397985406,1834.8959533691423,1795.4942443847672,1774.5772877634324,1757.8437224663642,1688.234036593968,1864.4896338109374,1876.9688200663088,1874.7006701879177,1870.8834181832988,1867.1654157861024,1861.5212223651076,1819.88627310239,1803.093084288101,1786.553998896247,1770.874007974234,1756.4224610180136,1731.9616699338392
2023-08-17,1826.1400180392814,1878.675630018448,1891.8095330132396,1874.2976623535174,1844.3815499764921,1823.2213729293276,1874.2976623535174,1842.4010407947374,1799.8722120496975,1779.4416962800217,1762.221690131295,1696.260310646341,1823.4249876004565,1845.4326605075312,1854.1805971217084,1854.7883133117853,1854.1184812636216,1851.626112243216,1817.4652452499763,1801.941265238205,1786.3494302374045,1771.3734137749186,1757.439632797306,1733.6140853914176
2023-08-17,1782.3603413899757,1826.1400180392811,1875.3921542697499,1869.9196946885866,1851.6781627513758,1820.3027278193738,1872.8383397985406,1847.404432411801,1804.2501797146283,1784.3061047966114,1764.848470730253,1705.0162459762023,1781.0028261705631,1809.815328585244,1828.4917232592557,1833.6596499352188,1836.3434325677827,1837.495431305398,1812.3759174751824,1798.4212318772309,1784.0192465546372,1769.9476420777776,1756.700065422536,1733.776924058606
2023-08-17,1738.58066474067,1782.3603413899757,1848.029856363934,1856.785791693795,1848.0298563639342,1817.38408270942,1868.4603721336098,1849.9061282203327,1808.6281473795589,1786.251868203247,1765.7240642632394,1713.7721813060632,1737.9019071309635,1771.477215087284,1798.7826709997244,1808.4126205090638,1814.567671879103,1819.658625903644,1804.7904381600972,1792.6645516669048,1779.6671363856972,1766.6803962522813,1754.2726506252352,1732.4990245186966
2023-08-22,1694.8009880913644,1738.5806647406698,1809.7226392957914,1834.8959533691425,1837.0849372016073,1814.4654375994662,1861.1637593587257,1849.9061282203327,1813.0061150444894,1786.251868203247,1767.4752513292117,1720.3391328034593,1694.461609286511,1731.3252472055422,1765.946813320243,1779.7960188605173,1789.4066933503268,1798.5789615959459,1794.8698493395786,1784.7954827655244,1773.3917302908856,1761.6517403909675,1750.2235785004045,1729.8276240899545
2023-09-11,1651.0213114420587,1694.800988091364,1760.4705030653226,1804.250179714628,1818.8434052643968,1811.5467924895124,1850.9485014738877,1847.404432411801,1817.3840827094198,1784.3061047966114,1766.5996577962255,1725.4467617458781,1650.8516220396318,1689.9640430679458,1730.6789958696897,1748.42249448456,1761.3812997260848,1774.6617957455467,1782.7648032397835,1774.9313801003705,1765.2868475836597,1754.938257538871,1744.6164434530456,1725.8084113261118
2023-09-11,1607.241634792753,1651.0213114420585,1716.690826416017,1764.848470730253,1793.305260552302,1799.8722120496977,1837.814598479096,1842.4010407947376,1818.4785746256525,1783.3332230932933,1766.5996577962253,1729.0950681333204,1607.1567900915395,1647.7966814264462,1693.519654152747,1714.7933060589032,1730.9321702518328,1748.2618160452841,1768.616232588407,1763.1830788805412,1755.4417310256003,1746.6132010434176,1737.5123459899241,1720.4855767955326
2023-09-28,1607.241634792753,1633.5094407823362,1689.328528510201,1729.8247294108085,1771.4154222276493,1791.1162767198366,1826.1400180392811,1838.6484970819401,1820.6675584581178,1785.2789864999295,1769.2264383951835,1733.4730357982507,1629.0890507667991,1648.871558098317,1684.0755779948165,1703.1983979467495,1718.6381919734058,1736.1067529698807,1761.029463482191,1756.9518695784034,1750.3480520215253,1742.4570319303152,1734.120540713537,1718.2080598986975
2023-10-01,1636.4280858922903,1633.5094407823362,1672.9111497667113,1707.9348910861559,1749.5255839029962,1782.3603413899755,1814.4654375994662,1834.8959533691423,1822.856542290583,1789.170513313201,1770.9776254611559,1737.8510034631813,1661.9450194290816,1664.1813680959995,1686.4590024607162,1701.6715961548614,1714.970929837707,1730.9435323600662,1756.7566586182666,1753.4990428291233,1747.6384391468835,1740.385030024274,1732.5785974734517,1717.440614921408
2023-10-09,1651.0213114420587,1624.753505452475,1651.0213114420585,1681.6670850965725,1716.6908264160172,1764.8484707302532,1798.412889494721,1827.3908659435472,1821.7620503743503,1792.0891584231545,1770.10203192817,1740.0399872956468,1634.5933271109172,1645.2014569949172,1668.8551429789468,1684.5025122708419,1698.3971921384834,1715.4807951641521,1747.1105280488787,1745.373631271547,1740.7898145442427,1734.5961867533383,1727.6634224663653,1713.8275336057145
2023-10-12,1621.8348603425218,1615.997570122614,1629.1314731174057,1655.399279106989,1687.5043753164798,1741.4993098506234,1783.8196639449523,1817.38408270942,1818.4785746256525,1795.0078035331082,1767.4752513292115,1740.7696485731353,1599.027642627182,1617.9549573777604,1645.4344352377248,1662.4951387931337,1677.6379253700163,1696.478440536564,1735.26223321627,1735.2674272088748,1732.1396752076184,1727.1555681181255,1721.2241493556626,1708.897514738099
2023-10-22,1607.241634792753,1633.5094407823362,1623.6590135362426,1642.2653761121976,1669.262843379269,1721.0687940809478,1773.6044060601146,1808.6281473795589,1816.2895907931875,1797.926448643062,1768.3508448621976,1742.2289711281119,1625.0244770346203,1628.9770753991932,1646.6759632831324,1660.4089883656654,1673.543061688792,1690.7962993997508,1729.8273350372888,1730.5870874440518,1728.182681853201,1723.845383045253,1718.4710968884624,1706.9999343021634
2023-10-23,1636.4280858922903,1642.2653761121976,1629.1314731174057,1637.8874084472668,1658.3179242169426,1700.6382783112715,1766.30779328523,1799.872212049698,1814.1006069607222,1800.8450937530158,1770.9776254611559,1743.688293683089,1659.9127325629922,1650.9183796299167,1657.3704132405176,1666.6620792248832,1676.8135119045721,1691.2968854862022,1727.5675707181967,1728.5989708133468,1726.554306547746,1722.5825832646492,1717.542857327792,1706.5999688526292
2023-10-23,1694.8009880913644,1651.0213114420585,1645.5488518608952,1642.2653761121976,1654.6696178295006,1688.9636978714566,1761.9298256202997,1791.1162767198366,1811.911623128257,1803.7637388629694,1775.3555931260864,1745.1476162380654,1699.2466986518311,1680.1391413335011,1675.4171357961072,1679.7381856822988,1686.3161508024332,1697.2073578930106,1728.2780929131948,1729.153509364865,1727.140958166913,1723.2781520244762,1718.3678693831991,1707.6485162587944
2023-10-24,1738.58066474067,1686.045052761503,1672.9111497667113,1655.399279106989,1658.3179242169429,1683.1264076515495,1756.092535400392,1782.3603413899752,1809.7226392957914,1806.6823839729232,1781.4847478569895,1748.7959226255077,1740.8035200209033,1714.212874685659,1699.182292594745,1698.3967594473309,1701.0921801235936,1707.8514808301313,1731.7672702342775,1732.1094444773712,1729.8345866168183,1725.8469428664546,1720.8773780893473,1710.0980842958822
2023-11-01,1782.3603413899757,1738.5806647406698,1694.8009880913642,1677.2891174316421,1669.2628433792695,1683.1264076515495,1754.6332128454153,1777.356949772912,1807.533655463326,1809.6010290828767,1789.3650896538645,1751.7145677354615,1783.4717690300922,1751.5219224701996,1727.3951204713087,1721.6228064640493,1720.3303090336992,1722.637547981275,1737.8558346087939,1737.3333652308106,1734.5324125398654,1730.2075113522296,1725.0053247540504,1713.9027378612398
2023-11-05,1826.1400180392814,1782.3603413899757,1716.690826416017,1707.9348910861559,1687.5043753164798,1688.9636978714566,1756.092535400392,1774.8552539643802,1805.3446716308613,1812.5196741928305,1796.3698379177533,1756.8221966778804,1826.6957318593395,1790.9878465429954,1759.0672480751484,1748.5858770503287,1743.344060672913,1741.0478163196888,1746.3760836462,1744.6992724229092,1741.1366702056564,1736.2819541059841,1730.6882412220716,1719.0180479211529
2023-11-09,1869.919694688587,1826.1400180392811,1754.9980434841593,1734.2026970757393,1713.0425200285747,1700.6382783112715,1760.4705030653226,1774.8552539643802,1803.1556877983955,1815.4383193027843,1803.3745861816421,1763.3891481752764,1870.197551598616,1831.8916881412945,1793.4299421335363,1778.6065123753406,1769.5525700059868,1762.6292606969641,1757.1711344650187,1754.088166807075,1749.5543629438143,1743.9957548551974,1737.8651482854368,1725.4010421315377
2023-11-09,1913.6993713378927,1869.9196946885866,1804.2501797146283,1760.4705030653226,1745.877277515554,1718.1501489709938,1767.7671158402072,1777.356949772912,1800.9667039659303,1818.3569644127379,1810.3793344455312,1769.2264383951838,1913.838299792907,1873.7541414232626,1829.8852989899056,1811.1287915774967,1798.4643358492503,1786.985484108243,1770.094225659998,1765.3876602059709,1759.697030506906,1753.2776371652842,1746.4774580776627,1733.0101570776249
2023-11-09,1957.4790479871983,1913.6993713378924,1848.029856363934,1799.8722120496975,1775.0637286150911,1741.4993098506234,1777.982373725045,1778.6077976771778,1798.7777201334652,1821.2756095226916,1817.38408270942,1775.0637286150911,1957.5485122147054,1916.2556691610098,1867.9682824669276,1845.6978703154982,1829.6634725857507,1813.7696391742759,1785.0080643036436,1778.4916082298894,1771.4805277815203,1764.0594235770766,1756.4688802956564,1741.8051920795554
2023-11-09,2001.258724636504,1957.4790479871983,1891.8095330132396,1848.0298563639342,1804.250179714628,1770.6857609501608,1791.1162767198366,1783.6111892942413,1799.872212049698,1824.1942546326454,1824.388830973309,1780.9010188349987,2001.2934567502575,1959.183246535943,1907.3171977600125,1881.9416032191914,1862.7980770011443,1842.6782344382177,1801.7842150766865,1793.2997633996627,1784.8248142939246,1776.2759008687606,1767.785332099192,1751.7472645125474
2023-11-09,2045.0384012858096,2001.2587246365038,1935.5892096625453,1891.8095330132394,1844.3815499764917,1805.709502269605,1802.7908571596515,1791.1162767198366,1803.1556877983955,1827.1128997425992,1831.3935792371976,1788.9272928873716,2045.0557673426863,2002.3948570023338,1947.650726687813,1919.5555077129957,1897.57038483714,1873.44571487533,1820.3025288094884,1809.7174475405209,1799.6537539837389,1789.8646911759934,1780.374851543738,1762.798766591976
2023-11-14,2045.0384012858096,2018.770595296226,1962.9515075683612,1922.4553066677533,1880.8646138509132,1829.0586631492347,1810.0874699345359,1797.3705162411661,1805.3446716308608,1827.1128997425988,1835.7715469021286,1796.2239056622557,2023.1572459895951,2002.016146213724,1959.5636151208555,1934.4106380627245,1913.5224371139652,1889.4223410954767,1831.9771220886507,1820.358629601409,1809.4881427960693,1799.055736109059,1789.0369642140429,1770.6171258721245
2023-11-21,2015.8519501862727,2018.770595296226,1979.368886311851,1944.3451449924064,1906.4027585630083,1846.5705338089572,1814.4654375994662,1803.6247557624954,1807.533655463326,1825.1671363359635,1838.3983275010864,1803.52051843714,1990.3181469883966,1987.170446804882,1959.1003779800433,1938.6048944126285,1920.2849926329243,1897.9294294569418,1840.0740205337183,1827.9764306228417,1816.707211341978,1805.943706190717,1795.6425361267154,1776.74374626934
2023-11-22,2001.258724636504,2027.5265306260874,2001.2587246365038,1970.6129509819898,1935.589209662545,1875.7569849084941,1820.3027278193738,1813.6315389966223,1809.7226392957916,1824.1942546326454,1841.900701633031,1813.0061150444892,2017.678274137103,2006.4597649651912,1978.197716492436,1957.9564411168433,1939.4778247333684,1916.3180509355502,1853.297528969337,1840.0354289930065,1827.8453181685065,1816.3391277165906,1805.4227661329546,1785.5402923354536
2023-12-02,2030.4451757360412,2036.2824659559483,2023.1485629611566,1996.8807569715732,1964.7756607620825,1910.7807262279389,1826.1400180392811,1826.1400180392811,1815.1950988769545,1826.1400180392811,1845.4030757649757,1823.9510342068158,2053.248176036109,2033.912535955166,2002.780019035254,1981.7494659928927,1962.453248302868,1937.8805543104959,1868.4924030961613,1853.856687267568,1840.5756966937072,1828.186038595657,1816.5363077722552,1795.483826289541
2023-12-02,2088.8180779351155,2045.0384012858092,2045.0384012858094,2023.1485629611568,1993.9621118616194,1942.8858224374296,1831.9773082591885,1837.3976491776739,1822.856542290583,1830.0315448525528,1848.90544989692,1834.1662920916538,2092.9229653102648,2066.8076088315843,2031.628404712847,2009.1764275549888,1988.6293261923377,1962.2202043447364,1885.531458030888,1869.3423021185044,1854.8206751274004,1841.4213305951687,1828.9308743139088,1806.5367419713402
2023-12-03,2132.597754584421,2080.062142605254,2066.9282396104622,2049.4163689507395,2023.1485629611564,1974.9909186469201,1837.8145984790963,1848.6552803160669,1832.7069695366772,1835.86883507246,1852.4078240288645,1844.381549976492,2134.6501982719956,2103.3308829656316,2063.7948550508204,2039.576610042032,2017.513650044859,1988.9898577058602,1904.2957143665549,1886.3998092915726,1870.506370547221,1855.9846393185844,1842.556229487235,1818.6626662094513
2023-12-04,2176.377431233727,2132.5977545844207,2088.818077935115,2075.684174940324,2052.335014060694,2007.0960148564113,1848.029856363934,1859.9129114544596,1844.7463806152361,1843.6518886990036,1855.910198160809,1854.5968078613298,2177.403653077514,2142.2729579380984,2098.5420223468673,2072.4094278313046,2048.6895666353475,2017.8857639780067,1924.6738687869727,1904.9418814355427,1887.5625040757973,1871.818224908343,1857.3641070713838,1831.8264183954705
2023-12-05,2220.1571078830325,2176.3774312337264,2110.707916259768,2101.9519809299068,2081.521465160231,2039.2011110659018,1861.1637593587257,1871.1705425928528,1858.9747755262604,1850.4620606222286,1859.4125722927536,1864.812065746168,2220.6702188049258,2182.827566802845,2135.296413943639,2107.2325835951287,2081.8045232348845,2048.642141547298,1946.5617988350607,1924.886042718698,1905.9222250736773,1888.866857935473,1873.30813363848,1845.9939713835645
2023-12-07,2263.936784532338,2220.157107883032,2149.0151333279105,2128.21978691949,2110.707916259768,2071.306207275393,1877.216307463471,1882.4281737312458,1875.3921542697499,1860.1908776554076,1865.5417270236562,1875.0273236310059,2264.1933399932846,2224.4571982624443,2173.6119799965295,2143.684197701768,2116.560205995924,2081.026431501591,1969.8620996316145,1946.154399299973,1925.521943908212,1907.0777102505238,1890.3437543264472,1861.1324136720261
2023-12-07,2307.716461181644,2263.9367845323372,2198.267269558379,2154.4875929090736,2139.8943673593053,2103.411303484884,1896.1875006781702,1893.6858048696383,1890.7150410970069,1871.8654580952225,1873.4220688205314,1885.2425815158438,2307.8447389121166,2266.8035114519457,2213.141792848623,2181.4681868161647,2152.704195509005,2114.8351447927607,1994.4836504831844,1968.6733847739163,1946.3011728800527,1926.4002505801077,1908.4281615227023,1877.209912824778
2023-12-11,2307.716461181644,2281.44865519206,2225.629567464195,2180.755398898657,2158.1358992965156,2126.760464364513,1913.6993713378922,1901.1908922952339,1902.7544521755658,1882.5671568317196,1880.4268170844202,1893.2688555682166,2285.890761722227,2265.8479358120762,2224.429568778338,2196.4624773100145,2169.8169015125945,2133.4728497602077,2011.8677236476458,1985.0769069827174,1961.795592960652,1941.0757520562915,1922.3696761505312,1889.8894823889602
2023-12-12,2278.5300100821064,2281.44865519206,2242.046946207685,2207.0232048882403,2169.0808184588423,2144.272335024236,1931.2112419976147,1909.946827625095,1912.6048794216597,1893.2688555682166,1887.431565348309,1899.8358070656125,2253.02393480263,2250.6176598357283,2223.4801330238256,2200.770591959654,2177.561548646508,2144.3083820255606,2025.3057484370254,1998.136918143846,1974.398593688573,1953.2097240487585,1934.047614649845,1900.7179291264708
2023-12-14,2263.936784532338,2290.204590521921,2263.9367845323377,2233.291010877824,2194.618963170937,2164.7028507939112,1953.1010803222675,1922.4553066677533,1923.549798583986,1906.8891994146672,1894.436313612198,1907.1324198404968,2280.3701979921366,2269.6505936177,2242.1993170588967,2220.2152954545613,2197.5853813442213,2164.7343919200707,2043.5257944205493,2015.3357816459456,1990.6580018589666,1968.6230604458406,1948.7012949059938,1914.0621432922142
2023-12-15,2249.3435589825694,2272.692719862199,2269.409244113501,2246.4249138726154,2216.5088014955895,2176.3774312337264,1973.5315960919436,1933.7129378061463,1931.2112419976147,1919.5366615577998,1901.4410618760871,1912.2400487829157,2250.263652937584,2253.1527650394773,2237.3010483531493,2220.204715896102,2201.0579546578847,2171.662231415441,2054.921363031032,2026.7147442146727,2001.853080201604,1979.5593233778923,1959.3466209050935,1924.0980437706016
2023-12-22,2278.5300100821064,2263.936784532338,2280.3541632758274,2263.9367845323372,2238.398639820243,2190.970656783495,1998.3400795265502,1948.723112657337,1939.9671773274756,1932.1841237009326,1911.0725907389342,1918.077339002823,2278.9900570596137,2271.3406637535327,2252.9489178705926,2236.1159423116546,2217.46695566154,2188.6690101362165,2071.2307242020393,2042.3259507128375,2016.7732451274594,1993.8270250215335,1973.0081832688797,1936.675696800472
2023-12-27,2293.123235631875,2281.44865519206,2291.2990824381536,2281.44865519206,2260.288478144895,2214.319817663125,2021.6892404061796,1966.2349833170592,1948.723112657337,1944.8315858440656,1922.4553066677536,1923.9146292227306,2315.2430974452814,2298.0591551126713,2274.848300084005,2257.0941596787993,2238.086829841449,2209.0224010980583,2089.312363791001,2059.5020722193995,2033.1011911129956,2009.377856013247,1987.850848153667,1950.2763669981928
2024-01-03,2307.716461181644,2290.204590521921,2285.8266228569905,2285.8266228569905,2271.2333973072223,2234.7503334328007,2040.660433620879,1982.496006072516,1957.4790479871983,1954.5604028772445,1932.9624290635868,1927.5629356101724,2289.5899409888098,2286.6850315858933,2272.4235188503017,2258.3382732885334,2242.0637459477393,2215.886699027343,2100.5784554517327,2070.859556236785,2044.3614639627194,2020.445635514077,1998.677747619497,1960.5603151140665
2024-01-03,2278.5300100821064,2272.692719862199,2269.409244113501,2281.44865519206,2274.8817036946643,2246.4249138726154,2061.0909493905547,1998.7570288279721,1966.2349833170592,1962.3434565037876,1943.4695514594202,1929.7519194426377,2254.873524435921,2264.509057018273,2260.808760857575,2251.396243214806,2238.6934939377843,2216.4205001343043,2108.293207221494,2079.1538646615763,2052.936861227125,2029.1287430083792,2007.363212727871,1969.0716853687866
2024-01-08,2263.936784532338,2290.204590521921,2274.8817036946643,2281.44865519206,2282.1783164695485,2261.018139422384,2085.8994328251615,2018.7705952962262,1978.2743943956182,1971.0993918336487,1956.6034544542117,1934.859548385057,2281.294992808782,2278.9115250727295,2271.2326942629243,2261.6362828451397,2249.312411975301,2227.8324952652215,2121.1592236060196,2091.8517866904685,2065.365134395638,2041.241252494173,2019.141771490764,1980.1747927724869
2024-01-10,2293.123235631875,2298.9605258517818,2291.2990824381536,2281.44865519206,2289.4749292444326,2275.6113649721524,2109.248593704791,2041.285857573012,1992.5027893066429,1979.8553271635099,1968.8617639160177,1941.4264998824526,2316.3955653198655,2303.106395992136,2289.069015055819,2277.9744382971053,2265.0329851838624,2243.2904505859374,2136.019669685047,2106.27647286494,2079.322744319312,2054.7305953349023,2032.175276053124,1992.3492631022725
2024-01-10,2351.4961378309495,2307.7164611816434,2302.2440016004803,2294.5825581868517,2296.7715420193167,2290.204590521921,2132.5977545844207,2062.5502719455317,2008.9201680501324,1988.611262493371,1981.120073377823,1949.4527739348255,2355.83568990006,2333.8295354881757,2312.6705260390268,2299.3019612394964,2285.0703435371533,2262.288621072727,2152.7458725750607,2122.3319918435686,2094.735089205212,2069.536909210787,2046.4145128541882,2005.5599697048294
2024-01-10,2395.275814480255,2342.740202501088,2329.606299506296,2316.4723965115045,2304.068154794201,2304.7978160716893,2155.9469154640506,2083.814686318052,2027.5265306260874,2000.285842933186,1993.3783828396286,1958.938370542175,2397.44559051481,2368.9048540353037,2340.7560738369234,2324.711693946781,2308.7603662436777,2284.384479829831,2171.2174608688993,2139.927741803902,2111.5312063722536,2085.6029345116035,2061.812198276752,2019.7729376203945
2024-01-10,2439.055491129561,2395.2758144802547,2351.496137830949,2333.984267171227,2322.309686731412,2319.391041621458,2179.29607634368,2108.831644403369,2048.3218770345075,2013.9061867796363,2005.6366923014346,1967.694305872036,2440.1403791468383,2406.881625283158,2372.3292058240218,2353.4614164617055,2335.541104941399,2309.19081582346,2191.321829056639,2158.9781543580666,2129.6435947335517,2102.8739011753974,2078.3229029631098,2034.9553058223116
2024-01-10,2482.8351677788664,2439.05549112956,2373.385976155602,2364.6300408257403,2347.847831443507,2333.9842671712267,2202.64523722331,2136.350298297218,2071.306207275393,2029.4722940327229,2017.8950017632399,1978.6392250343627,2483.377611787505,2446.792698331496,2406.6149032916105,2384.9438579101543,2364.9370648624413,2336.368819399049,2212.953636499964,2179.402414917517,2149.008045938167,2121.297420447257,2095.902979098995,2051.075290694635
2024-01-10,2526.614844428172,2482.835167778866,2411.6931932237444,2390.8978468153246,2369.73766976816,2348.577492720995,2225.9943981029396,2162.6181042868016,2096.4795213487437,2046.9841646924453,2030.1533112250454,1991.043466751666,2526.886066432491,2487.9933059134896,2443.010373910692,2418.662160304213,2396.545904280139,2365.622032108852,2236.0143387307717,2201.12419859307,2169.5634837498405,2140.823381344223,2114.5104905491316,2068.1021507071873
2024-01-11,2570.3945210774777,2526.6148444281716,2460.9453294542127,2417.1656528049075,2402.5724272551392,2371.9266536006253,2249.343558982569,2188.885910276385,2120.5583435058616,2066.441798758803,2042.4116206868507,2004.907031023946,2570.530132079637,2530.0536031845872,2481.046779203157,2454.2098034719534,2430.0271801950075,2396.691052811093,2260.411748988579,2224.071420767165,2191.251811260911,2161.4038516217256,2134.105145732569,2086.0061522488136
2024-01-12,2570.3945210774777,2544.126715087894,2488.307627360029,2443.433458794491,2420.8139591923496,2392.357169370301,2268.3147521972683,2211.401172553171,2141.353689914282,2084.9265511218437,2054.6699301486565,2018.0409340187375,2548.5724882539043,2528.907350265782,2491.173015919827,2467.374356373084,2444.8868208462636,2412.931526763228,2277.586142242746,2240.8793887483316,2207.6109836105334,2177.282590439397,2149.4976829363177,2100.4523388776447
2024-01-14,2541.2080699779403,2544.1267150878944,2504.725006103519,2469.7012647840743,2431.758878354676,2404.0317498101153,2284.367300302014,2231.4147390214252,2163.243528238935,2103.4113034848833,2066.9282396104622,2031.1748370135292,2515.703828016385,2513.5499561034767,2489.3201607773913,2470.1854129923177,2450.725028066664,2421.6694818901824,2290.8280148579797,2254.3213764722504,2221.0365535699643,2190.5674851063304,2162.5697411654373,2112.9894808088325
2024-01-16,2526.614844428172,2552.882650417755,2526.6148444281716,2495.9690707736577,2457.297023066771,2427.3809106897456,2301.879170961736,2252.679153393945,2188.4168423122856,2124.8147009578774,2081.8133296712263,2046.4977238407862,2543.049174546931,2532.4981444281434,2507.3366852885215,2488.405250825983,2469.1357192990968,2440.260111788594,2308.8645636463343,2271.8809956169853,2238.0784056435014,2207.081704061598,2178.5628697894385,2127.9863673750174
2024-01-18,2512.0216188784034,2535.3707797580328,2532.0873040093347,2509.1029737684494,2479.186861391424,2439.0554911295603,2315.013073956528,2270.191024053667,2209.2121887207054,2145.2452167275533,2095.822826199004,2058.9019655580896,2512.9421711628984,2515.9438188783843,2501.89190361971,2487.3925084537796,2471.243326757523,2445.5819937873775,2320.0884735903687,2283.6006718482013,2250.017759894007,2219.0709850927838,2190.495116769416,2139.620754273504
2024-01-22,2497.4283933286347,2500.3470384385882,2526.6148444281716,2513.4809414333804,2490.13178055375,2444.8927813494674,2329.6062995062966,2285.2011989048574,2227.81855129666,2162.7570873872755,2109.832322726782,2069.846884720416,2475.9988311462293,2490.314376295443,2487.928256399677,2478.603959849376,2466.291352045529,2444.76618095515,2327.7637650445104,2292.237050697166,2259.239112637205,2228.635528833513,2200.2425824305983,2149.4382866294404
2024-01-22,2439.055491129561,2474.079232449005,2510.197465684682,2509.1029737684494,2493.7800869411926,2453.648716679329,2344.199525056065,2297.7096779475164,2244.2359300401504,2178.323194640362,2123.8418192545596,2079.3324813277654,2435.637322813242,2458.63485569038,2467.338824862028,2463.4533879640812,2455.3658847277943,2438.579885145788,2332.119381137139,2297.9614264628935,2265.8750493124758,2235.880758644241,2207.8909444717615,2157.4985334442213
2024-01-22,2395.275814480255,2447.8114264594215,2482.835167778866,2495.969070773658,2490.1317805537506,2462.4046520091897,2354.414782940903,2307.716461181643,2258.4643249511746,2194.8621835967665,2137.851315782337,2087.358755380138,2393.5667303220953,2422.9219497372364,2441.5960055217884,2443.0975243035114,2439.3859236667413,2427.6944167314327,2333.369494472224,2300.9355770944526,2270.0516877767914,2240.9075142610545,2213.522520681926,2163.8591106372287
2024-01-23,2351.4961378309495,2395.2758144802547,2444.527950710724,2474.0792324490044,2479.1868613914235,2462.4046520091897,2361.711395715787,2315.2215486072387,2270.503736029734,2211.401172553171,2151.8608123101153,2093.925706877534,2350.6415957518693,2384.5201202187054,2411.844995668423,2418.482785554081,2419.1290832844184,2412.6971722877092,2331.7144600663796,2301.3122928770745,2271.88899379654,2243.812251083689,2217.2164007015226,2168.575745081308
2024-01-23,2307.716461181644,2351.496137830949,2411.693193223744,2443.433458794491,2460.945329454213,2456.5673617892826,2366.0893633807177,2320.224940224302,2280.354163275827,2225.0215163996218,2165.8703088378934,2099.033335819953,2307.2891901421035,2344.325674989916,2378.9765043048487,2390.3835126410368,2395.2533450148676,2394.1021238182875,2327.341706806119,2299.2358757468114,2271.501081149506,2244.6872307988474,2219.0485726164566,2171.702336538719
2024-01-25,2263.936784532338,2307.7164611816434,2378.8584357367654,2404.031749810116,2435.4071847421183,2444.8927813494674,2367.5486859356943,2326.4791797456314,2288.0156066894556,2236.6960968394364,2177.2530247667128,2102.6816422073953,2263.723149012568,2302.9361526209545,2343.6833051000012,2359.43325723049,2368.3154623792007,2372.3589968263805,2320.426571391726,2294.8426108654903,2268.9964970877268,2243.620703715551,2219.092044587695,2173.2910175664015
2024-01-29,2263.936784532338,2290.204590521921,2346.023678249786,2382.141911485463,2413.5173464174654,2436.136846019607,2370.4673310456483,2336.4859629797584,2296.771542019317,2249.343558982569,2189.511334228518,2109.248593704791,2285.7198050971056,2304.529588807851,2335.6906731181443,2350.030203403427,2358.9925391180377,2364.2786798707884,2319.606564281398,2295.557824771943,2270.885275824015,2246.4074757792937,2222.5675119051048,2177.6984091603435
2024-02-06,2293.123235631875,2290.204590521921,2329.606299506296,2369.0080084906713,2391.6275080928126,2427.3809106897456,2373.385976155602,2345.2418983096195,2305.527477349178,2261.991021125702,2204.396424289282,2117.274867757164,2318.6079714640273,2320.1851051488834,2339.2029986098787,2350.296736935704,2357.839246612332,2362.6808621158084,2321.6639561233046,2298.665508830777,2274.817512995085,2250.976548042409,2227.6235364512163,2183.396695346265
2024-02-07,2351.4961378309495,2307.7164611816434,2324.1338399251326,2351.496137830949,2380.682588930486,2418.6249753598845,2376.3046212655554,2353.997833639481,2314.2834126790394,2274.6384832688345,2221.0327014160184,2126.760464364513,2356.941892972141,2345.2153415926737,2351.6636243588514,2358.4747510347133,2363.598718592012,2366.755231161364,2326.413108275366,2304.032748033526,2280.6935277016787,2257.2504291918804,2234.19813558961,2190.343551711314
2024-02-09,2395.275814480255,2342.740202501088,2329.606299506296,2347.1181701660184,2377.034282543044,2409.8690400300234,2379.22326637551,2362.7537689693418,2323.0393480089,2287.285945411967,2236.7933850097684,2137.70538352684,2397.998692050851,2376.4953914383027,2371.0840391967868,2373.125794688322,2375.207452828558,2375.7927636573886,2333.6803587820887,2311.5340115388613,2288.418501527429,2265.1549971022146,2242.231757375491,2198.4980415283057
2024-02-09,2439.055491129561,2395.2758144802547,2346.023678249786,2351.496137830949,2369.73766976816,2401.113104700162,2386.5198791503935,2371.509704299203,2335.0787590874597,2299.9334075551,2252.5540686035183,2150.109625244143,2440.4169299148584,2411.941983551824,2395.9176233261383,2393.072953432057,2391.765562820913,2389.173064172573,2343.3032496851065,2321.050742441084,2297.9022413445723,2274.6193523490256,2251.6671852344466,2207.820570257832
2024-02-12,2482.8351677788664,2439.05549112956,2373.385976155602,2364.6300408257403,2373.385976155602,2401.113104700162,2396.7351370352317,2380.265639629064,2349.307153998484,2312.5808696982326,2268.3147521972683,2163.973189516423,2483.515887171515,2450.1662705106064,2424.9614502377012,2417.3532972495327,2412.5116061451067,2406.353286704523,2355.129804184659,2332.4709703292556,2309.058953690114,2285.575678091597,2262.4494463792985,2218.2728415421057
2024-02-12,2526.614844428172,2482.835167778866,2411.6931932237444,2386.5198791503935,2384.330895317928,2406.950394920069,2405.491072365093,2389.021574958925,2362.441056993275,2325.2283318413656,2284.075435791018,2179.29607634368,2526.955204124496,2490.242354032897,2457.2799104243186,2445.178974309159,2436.8012853654714,2426.8584410011417,2369.017850435808,2345.6889453708236,2321.807030148034,2297.959106047505,2274.5257238184427,2229.817814641626
2024-02-12,2570.3945210774777,2526.6148444281716,2460.9453294542127,2417.1656528049075,2402.572427255139,2409.8690400300234,2418.6249753598845,2397.7775102887867,2375.5749599880673,2337.875793984498,2299.836119384768,2196.0782857259137,2570.5647009256395,2531.5529685975257,2492.145307602644,2475.905378566909,2464.08942572875,2450.272910591847,2384.8343889707094,2360.6047927239324,2336.0688432006555,2311.70758829443,2287.8452718148483,2242.4196632673684
2024-02-12,2614.1741977267834,2570.3945210774773,2504.725006103519,2456.5673617892826,2428.1105719672337,2421.5436204698376,2430.2995557996987,2406.5334456186474,2388.7088629828586,2350.523256127631,2315.5968029785186,2214.3198176631245,2614.2592876508643,2573.6866038570465,2528.9916557745205,2509.005105077669,2493.9147255206485,2476.233031064877,2402.4550009323466,2377.124186149052,2351.7705520384816,2326.7617746458063,2302.359334660387,2256.0437357627366
2024-02-14,2657.953874376089,2614.1741977267825,2548.5046827528245,2504.725006103519,2460.945329454213,2439.0554911295603,2441.9741362395143,2419.0419246613064,2401.8427659776507,2366.0893633807177,2331.3574865722685,2231.831688322847,2657.9964193381293,2616.3689195798293,2567.3787436080484,2544.0466407045283,2525.886852521379,2504.4205960599415,2421.7632944867364,2395.1580397532935,2368.8419178427216,2343.0648953579625,2318.021068635486,2270.65651659102
2024-02-14,2701.7335510253947,2657.9538743760886,2592.2843594021306,2548.5046827528245,2501.0766997160767,2462.4046520091897,2458.026684344259,2434.0520995124966,2414.976668972442,2383.6012340404395,2347.1181701660184,2249.343558982569,2701.7548235064146,2659.4170222781195,2606.964184511749,2580.6769292445597,2559.67552562189,2534.557175011786,2442.6503869504763,2414.6222168600384,2387.216128078428,2360.562648936951,2334.7854670291804,2286.225589085567
2024-02-15,2745.5132276747004,2701.7335510253943,2636.064036051436,2592.28435940213,2548.5046827528245,2491.5911031087276,2476.9978775589584,2447.8114264594215,2428.110571967234,2400.1402229968444,2362.8788537597684,2269.0444134747568,2745.5238639152103,2702.7089829600814,2647.481677803362,2618.607106531732,2595.001276191446,2566.399141175814,2465.014420329414,2435.437255052481,2406.8296293587,2379.2030948233446,2352.6092880995657,2302.719599421254
2024-02-18,2789.292904324006,2745.5132276747,2679.8437127007414,2636.064036051436,2592.28435940213,2526.6148444281716,2494.509748218681,2465.323297119144,2441.244474962026,2416.679211953249,2378.6395373535183,2290.204590521921,2789.298222444261,2746.163515631158,2688.7241007300177,2657.6008291574735,2631.6276307732714,2599.7333211505015,2488.7601081128914,2457.528106492527,2427.621968461852,2398.9365507429084,2371.4509858593206,2320.108221767223
2024-02-18,2833.0725809733117,2789.292904324005,2723.623389350047,2679.843712700741,2636.064036051436,2567.4758759675237,2512.021618878403,2481.5843198746,2454.3783779568175,2433.2182009096528,2394.4002209472687,2310.6351062915974,2833.0752400334386,2789.7264296283115,2730.530357817262,2697.464725242045,2669.354496442402,2634.3731882095162,2513.7983113070673,2480.8238926664208,2449.53564110384,2419.715494520287,2391.270643575528,2338.362124582154
2024-02-19,2876.852257622617,2833.0725809733112,2767.4030659993527,2723.623389350047,2679.8437127007414,2614.174197726783,2529.533489538125,2497.8453426300566,2470.795756700307,2449.757189866057,2412.787685139977,2331.065622061273,2876.8535871526806,2833.3615978428484,2772.775152584965,2738.040581429296,2708.0125638007894,2670.155531467317,2540.045641820929,2505.257672755615,2472.515948087649,2441.4944701616623,2412.0299098773476,2357.4529380146055
2024-02-20,2920.631934271923,2876.852257622617,2811.182742648658,2767.4030659993527,2723.623389350047,2657.9538743760886,2547.0453601978475,2517.8589090983105,2489.402119276262,2466.2961788224616,2432.9263363986574,2351.4961378309495,2920.632599036954,2877.044935535642,2815.3610322152463,2779.198950427829,2747.458571050088,2706.937541399056,2567.424091440303,2530.766224875927,2496.510858469775,2464.229998020774,2433.6919373692645,2377.3532223721995
2024-02-20,2964.4116109212287,2920.6319342719225,2854.962419297964,2811.1827426486584,2767.4030659993527,2701.7335510253947,2564.55723085757,2540.374171375096,2506.9139899359843,2482.835167778866,2452.189394124352,2371.926653600625,2964.411943303744,2920.760386213939,2858.2122000719773,2820.833920817412,2787.5712966686183,2744.594259670491,2595.8606847390274,2557.289839470072,2521.470879401519,2487.880488870763,2456.2213236516673,2398.036437624604
2024-02-25,3008.1912875705343,2964.4116109212277,2898.7420959472697,2854.962419297964,2811.1827426486584,2745.5132276747,2582.069101517292,2561.638585747616,2527.7093363444046,2499.3741567352704,2471.452451850046,2392.357169370301,3008.1914537617918,2964.497245549239,2901.2697032159467,2862.8588377996716,2828.248168599576,2783.0163477391598,2625.287154382951,2584.7721241783925,2547.3489323194863,2512.4061617120274,2479.5840546543404,2419.476913906415
2024-02-25,3051.9709642198395,3008.191287570534,2942.521772596576,2898.7420959472697,2854.9624192979645,2789.292904324006,2599.5809721770142,2582.903000120136,2547.410190836592,2515.913145691675,2490.715509575741,2412.787685139977,3051.9710473154682,3008.248377322541,2944.4876893611017,2905.2028019941213,2869.4023951025865,2822.108134380408,2655.6396373820603,2613.159819550101,2574.1002351755674,2537.768965153641,2503.747450192176,2441.64982298716
2024-02-26,3095.7506408691456,3051.9709642198395,2986.301449245881,2942.5217725965754,2898.7420959472697,2833.0725809733112,2617.0928428367365,2604.167414492656,2567.1110453287793,2535.3707797580328,2509.9785673014353,2433.2182009096528,3095.7506824169595,3052.0090240545105,2987.8304956182906,2947.8078048167267,2910.960537012719,2861.7859072726637,2686.858390939247,2642.4026249927874,2601.682190411806,2563.932502212981,2528.680111655952,2464.5311506767107
2024-02-27,3139.5303175184513,3095.750640869145,3030.0811258951867,2986.301449245881,2942.5217725965754,2876.852257622617,2638.9826811613893,2625.4318288651757,2590.0953755696646,2556.7741772310264,2529.24162502713,2453.648716679329,3139.530338292358,3095.7760140922596,3031.270384184839,2990.626384698732,2952.8604534981096,2901.9764181345504,2718.887526631409,2672.453034391397,2630.0542783999012,2590.861958384928,2554.351871754454,2488.0976701354334
2024-02-27,3183.309994167757,3139.5303175184504,3073.8608025444923,3030.0811258951862,2986.301449245881,2920.6319342719225,2663.7911645959957,2646.696243237696,2615.2686896430155,2577.2046930007027,2548.5046827528245,2474.079232449005,3183.31000455471,3139.5472330005273,3074.7857812142224,3033.619709447519,2995.0495638548714,2942.6155747198645,2751.6747617401606,2703.2661808594894,2659.1779560787872,2618.5240328384994,2580.7337462274977,2512.3269160594214
2024-02-28,3227.089670817062,3183.3099941677565,3117.640479193798,3073.8608025444923,3030.0811258951867,2964.4116109212277,2687.1403254756256,2667.960657610216,2639.347511800134,2600.5538538803326,2567.767740478519,2494.5097482186807,3227.089676010539,3183.3212711558076,3118.3599070480327,3076.756007269128,3037.4833767181785,2983.6472963131773,2785.1711866257224,2734.799690115427,2689.016560536718,2646.8868726049286,2607.7978874525515,2537.1971597121083
2024-02-28,3270.8693474663683,3227.089670817062,3161.420155843103,3117.640479193798,3073.8608025444923,3008.191287570534,2714.8674540201855,2689.2250719827352,2663.4263339572517,2622.930133056644,2587.030798204213,2514.9402639883565,3270.869350063106,3227.0971888090958,3161.979710840842,3120.009283059409,3080.1242455485626,3025.022512288489,2819.331047108945,2767.0135420043293,2719.535217296667,2675.9200096271347,2635.5175398707133,2562.68738477452
2024-02-28,3314.649024115674,3270.869347466368,3205.1998324924093,3161.4201558431037,3117.640479193798,3051.97096421984,2745.5132276747,2710.4894863552554,2687.50515611437,2645.306412232956,2608.9206365288665,2537.5597635904983,3314.6490254140426,3270.874359461057,3205.635041935095,3163.358268096785,3122.9403155818577,3066.6982858480505,2854.111540893205,2799.869939713254,2750.7007530756086,2705.5943005461713,2663.866997160684,2588.7772639873224
2024-03-01,3358.4287007649796,3314.649024115673,3248.979509141715,3205.1998324924093,3161.4201558431037,3095.7506408691456,2779.0776464391674,2735.506444440573,2711.583978271488,2670.601336519221,2632.5616619194916,2561.6385857476166,3358.4287014141637,3314.6523654454663,3249.318005374915,3206.785560699967,3165.9046327868464,3108.6370472938297,2889.4726271203713,2833.3331862522,2782.4816127994463,2735.881869105655,2692.821561092198,2615.4471365586983
2024-03-03,3402.2083774142848,3358.428700764979,3292.759185791021,3248.979509141715,3205.1998324924098,3139.530317518451,2815.560710313589,2763.025098334422,2735.6628004286063,2697.842024212123,2655.3270937771304,2584.9877466272455,3402.208377738877,3358.430928318174,3293.0224606390657,3250.276923129717,3208.9943899063455,3150.80592314005,2925.3768482134824,2867.3695677972773,2814.8477806659903,2766.756051060348,2722.357501993037,2642.677986312957
2024-03-03,3445.988054063591,3402.2083774142848,3336.5388624403263,3292.7591857910206,3248.9795091417145,3183.3099941677565,2854.9624192979636,2789.2929043240056,2759.741622585724,2724.109830201706,2680.7193062337274,2608.3369075068754,3445.9880542258866,3402.2098624497485,3336.7436317665843,3293.8207063266586,3252.190288491968,3193.176149086655,2961.7891632134447,2901.947243514812,2847.7707050585227,2798.191341480024,2752.4520207663645,2670.4514205555774
2024-03-04,3489.7677307128965,3445.9880540635904,3380.318539089632,3336.5388624403263,3292.7591857910206,3227.089670817062,2897.2827733922927,2819.313254026387,2783.8204447428425,2750.377636191289,2705.2359251573384,2631.6860683865048,3489.767730794044,3445.989044087233,3380.4778041211666,3337.407379242212,3295.4759990873886,3235.7225563710986,2998.676791868203,2937.0361415063335,2881.223227122117,2830.1633443444666,2783.083212397574,2698.749649631204
2024-03-04,3533.547407362202,3489.7677307128956,3424.0982157389376,3380.3185390896315,3336.5388624403263,3270.869347466368,2942.521772596576,2851.8352995372998,2807.899266899961,2776.645442180873,2729.7525440809495,2655.0352292661346,3533.5474074027757,3489.768390728658,3424.2220885412426,3381.02914374572,3338.83770446033,3278.4231223261495,3036.0090687806746,2972.607860534399,2915.1795128240383,2862.64872432999,2814.230030892238,2727.55546715187
2024-03-04,3577.3270840115074,3533.5474073622013,3467.8778923882433,3424.098215738937,3380.318539089632,3314.6490241156735,2986.301449245881,2886.859040856744,2835.2615648057767,2802.9132481704564,2756.8959436035198,2678.384390145765,3577.3270840317946,3533.5478473727094,3467.9742379011473,3424.6796195484644,3382.263713106558,3321.2585771179824,3073.75730696649,3008.6355772080888,2949.6149883282715,2895.6251606921996,2845.872255589045,2756.8522308734746
2024-03-06,3621.1067606608135,3577.3270840115074,3511.6575690375485,3467.8778923882433,3424.098215738937,3358.428700764979,3030.0811258951867,2924.3844779847204,2864.8128465440577,2829.18105416004,2785.790530192061,2701.7335510253947,3621.1067606709566,3577.3273773518463,3511.7325044364748,3468.35358641422,3425.744132214798,3364.2120596419995,3111.894670214466,3045.0939583248683,2984.5062785225077,2929.0713031538485,2877.990458793793,2786.6238441992664
2024-03-06,3664.886437310119,3621.106760660813,3555.4372456868546,3511.657569037549,3467.8778923882433,3402.208377414285,3073.8608025444923,2964.4116109212277,2893.2696363661066,2855.4488601496228,2813.8095232476167,2725.0827119050236,3664.8864373151905,3621.106956221039,3555.495528774908,3512.0467732406205,3469.2705909447404,3407.268816431678,3150.396053681882,3081.9590780823437,3019.8311485438207,2962.9667297106125,2910.5659746826414,2816.8547382897636
2024-03-06,3708.666113959425,3664.8864373101183,3599.21692233616,3555.437245686854,3511.6575690375485,3445.9880540635904,3117.6404791937975,3006.940439666268,2925.009901936853,2881.716666139206,2841.8285163031724,2748.431872784654,3708.66611396196,3664.886567683603,3599.2622536268686,3555.755685489368,3512.836006277662,3450.415938203809,3189.2379721932916,3119.208339889365,3055.568448156743,2997.2919062714,2943.5808694248412,2847.5298547592383
2024-03-06,3752.44579060873,3708.6661139594244,3642.9965989854663,3599.2169223361607,3555.4372456868546,3489.7677307128965,3161.4201558431037,3051.97096421984,2958.939151340065,2907.9844721287895,2869.8475093587276,2773.970017496749,3752.445790609998,3708.6662008750804,3643.0318566560168,3599.477463992762,3556.434384890027,3493.6421293355875,3228.398455745856,3156.820402520958,3091.6980588446113,3032.0281480534272,2977.017912477123,2878.634628939527
2024-03-07,3796.225467258036,3752.44579060873,3686.7762756347715,3642.996598985466,3599.21692233616,3533.5474073622017,3205.1998324924093,3095.7506408691447,2995.0573845757417,2937.170923228327,2897.8665024142833,2800.9674847638207,3796.2254672586696,3752.4458485525006,3686.803698267422,3643.2097694317763,3600.0606555080753,3536.9375061570568,3267.8569517562746,3194.775110375757,3128.200843481818,3067.1575826557714,3010.8605490037985,2910.1549736925704
2024-03-08,3840.005143907342,3796.2254672580357,3730.555952284077,3686.7762756347715,3642.9965989854663,3577.3270840115074,3248.979509141715,3139.530317518451,3033.3646016438847,2968.3031377345,2925.885495469839,2827.2352907534037,3840.0051439076583,3796.225505887216,3730.5772809983614,3686.9506878181164,3643.710527054009,3580.2934204570056,3307.594233614363,3233.0534276080284,3165.0585984610784,3102.663114738418,3045.0928733784194,2942.0772637536875
2024-03-11,3883.7848205566474,3840.005143907341,3774.335628933383,3730.5559522840776,3686.7762756347715,3621.106760660813,3292.7591857910206,3183.3099941677565,3073.8608025444923,2998.462470537355,2953.9044885253948,2855.692080575452,3883.7848205568052,3840.005169660128,3774.352217933382,3730.6986531613593,3687.3803686158467,3623.702305050624,3347.592315136401,3271.6373759190246,3202.2540081559505,3138.5283922370063,3079.699603724597,2974.3883205881884
2024-03-11,3927.5644972059526,3883.7848205566465,3818.1153055826885,3774.3356289333833,3730.555952284077,3664.8864373101183,3336.5388624403267,3227.089670817062,3116.5459872775655,3031.5404484501637,2981.9234815809505,2883.4192091200125,3927.564497206032,3883.7848377251717,3818.1282081382433,3774.4523841966134,3731.067107883448,3667.1575386512036,3387.8343705376174,3310.5099758043707,3239.7706016046973,3174.737774046496,3114.6660574552116,3007.075397744486
2024-03-11,3971.3441738552588,3927.5644972059526,3861.8949822319937,3818.1153055826885,3774.335628933383,3708.6661139594244,3380.318539089632,3270.869347466368,3161.420155843104,3066.5641897696078,3009.9424746365057,2911.146337664573,3971.344173855298,3927.5645086516356,3861.9050175529815,3818.2108326162415,3774.768145209773,3710.6533276328737,3428.304659567743,3349.6551910654925,3277.59271130713,3211.2762991098903,3149.9781277708726,3040.1261666874393
2024-03-11,4015.1238505045644,3971.3441738552583,3905.6746588813,3861.8949822319946,3818.1153055826885,3752.4457906087305,3424.0982157389376,3314.6490241156735,3205.199832492409,3103.533694495689,3040.58824829102,2941.062450041599,4015.123850504584,3971.3441814857138,3905.6824641309568,3861.973140713992,3818.4812808934803,3754.1846025729983,3468.988457476525,3389.057876403736,3315.7054340313607,3248.1296568509333,3185.62226108001,3073.528703096175
2024-03-14,4015.1238505045644,3988.8560445149806,3933.0369567871157,3892.540755886508,3850.9500630696675,3787.4695319281745,3463.4999247233127,3354.6761570521817,3245.6960333930174,3139.530317518451,3070.358428412548,2970.248901141136,3993.234012179921,3971.3441789422286,3920.273955180802,3881.8587831033133,3841.998649041446,3781.329548983281,3501.398503694508,3421.407115151043,3347.687811583746,3279.5737662859046,3216.4348851104123,3102.965275907948
2024-03-14,3985.937399405027,3988.8560445149806,3949.454335530605,3914.4305942111614,3876.4882077817624,3816.6559830277115,3499.9829885977338,3392.201594180158,3284.003250461159,3175.526940541213,3097.501827935118,2997.2463684082077,3960.3992546929367,3956.7509516968034,3921.8940756308357,3890.168912940157,3855.1626256821396,3799.608917511115,3528.8930839210525,3449.526969709649,3375.9744791750736,3307.7472763259066,3244.322320878865,3130.001315950506
2024-03-14,3927.5644972059526,3971.3441738552583,3954.9267951117686,3927.5644972059526,3894.7297397189727,3840.0051439073413,3533.5474073622017,3427.2253354996024,3320.121483696837,3211.5235635639756,3125.520820990673,3022.784513120302,3922.092037624792,3932.428907983418,3913.425352281016,3889.008168870428,3859.5660402782173,3810.1309053918067,3551.7893249943168,3473.6524058678156,3400.7457153400283,3332.792386944634,3269.3992816505424,3154.715529216281
2024-03-15,3883.7848205566474,3936.320432535814,3949.4543355306055,3931.942464870883,3905.6746588813,3857.5170145670636,3564.1931810167157,3459.747381010515,3354.050733100049,3247.520186586738,3153.5398140462285,3046.8633352774204,3881.048590766067,3901.620986624726,3897.1097504201994,3880.098527968049,3856.556671605775,3813.8651852062485,3570.3838939564475,3494.0053357589004,3422.173004538434,3354.84511550823,3291.7759821312015,3177.184041173365
2024-03-15,3840.005143907342,3883.7848205566465,3933.0369567871157,3927.5644972059526,3909.3229652687423,3869.1915950068783,3591.920309561276,3489.767730712896,3385.790998670795,3280.5981644995472,3181.558807101784,3069.482834879562,3838.6370290120512,3866.489146835829,3874.6910208286076,3864.8488805662287,3847.274947859969,3811.660220462722,3584.9543180404207,3510.795343064408,3440.419466134512,3374.035565584308,3311.558314881273,3197.480481372863
2024-03-15,3796.225467258036,3840.005143907342,3905.6746588813,3914.4305942111605,3905.6746588813,3875.028885226786,3616.7287929958825,3517.2863846067453,3415.342280409076,3311.73037900572,3209.5778001573403,3090.643011926726,3795.5414098103906,3828.4746947601293,3847.52541411308,3844.411955119411,3832.685846744394,3804.2584167309733,3595.760219496441,3524.220367927982,3455.6402624503276,3390.4881840636313,3328.848019811762,3215.676065282236
2024-03-16,3752.44579060873,3796.2254672580357,3867.3674418131573,3892.540755886508,3894.7297397189736,3875.028885226786,3638.618631320535,3542.3033426920624,3442.7045783148924,3340.916830105257,3237.596793212896,3110.343866418914,3752.1037618849077,3788.538501159894,3816.667791856712,3819.7308930903223,3813.605887854399,3792.30937888453,3603.0444707521174,3534.4673538186175,3467.9829869141863,3404.3220071025785,3343.742847033239,3231.8396734355865
2024-03-16,3708.666113959425,3752.44579060873,3818.1153055826885,3861.894982231994,3876.4882077817624,3869.1915950068787,3657.5898245352346,3564.818604968849,3467.8778923882433,3368.157517798158,3265.615786268451,3128.585398356124,3708.495099597513,3747.321146543303,3782.938601957469,3791.5773556757404,3790.7259723860484,3776.3815111877284,3607.034275046182,3541.712858457034,3477.588033274964,3415.6508953724715,3356.3367133186066,3246.0379279888502
2024-03-16,3664.886437310119,3708.6661139594244,3774.3356289333824,3822.493273247619,3850.9500630696675,3857.5170145670636,3673.64237263998,3584.8321714371027,3490.8622226291286,3393.4524420844236,3293.634779324007,3145.3676077383584,3664.800930129163,3705.249684582473,3746.9759705582123,3760.5827020366623,3764.6307090437044,3756.972167371864,3607.9421773439,3546.1236308016883,3484.588946805981,3424.5837590806605,3366.7198524300657,3258.33526676498
2024-03-16,3621.1067606608135,3664.8864373101183,3730.5559522840767,3774.3356289333833,3818.1153055826885,3840.005143907342,3686.7762756347715,3602.344042096825,3511.657569037549,3416.8016029640535,3319.026991780604,3162.8794783980807,3621.0640070703353,3662.6088177254846,3709.2762179922784,3727.2634987593615,3735.8147667310586,3734.5165319518196,3605.9670100321327,3547.8571559800116,3489.1127583769826,3431.224773208088,3374.9789595509064,3268.7940148714233
2024-03-16,3577.3270840115074,3621.106760660813,3686.7762756347715,3730.5559522840767,3777.983935320825,3816.655983027712,3696.99153351961,3617.354216948015,3530.263931613504,3438.205000437047,3342.668017171229,3180.391349057803,3577.3057072162683,3619.5883476043905,3670.2253711855956,3692.0423912326055,3704.6967114435424,3709.3953913781174,3601.2947776018145,3547.0621699456888,3491.28030222992,3435.673583388702,3381.19733005331,3277.4744539694816
2024-03-17,3577.3270840115074,3603.5948900010903,3659.4139777289556,3699.910178629563,3741.500871446404,3796.225467258036,3708.6661139594244,3633.615239703472,3549.964786105691,3460.581279613359,3367.1846360948402,3197.903219717525,3599.2062339385407,3620.0944852898647,3659.310124402311,3679.145003855916,3691.83671901543,3698.3593125384546,3602.5729700572333,3551.1757583187514,3497.613300202159,3443.7358954440115,3390.60554301831,3288.741086975755
2024-03-18,3562.733858461739,3577.3270840115074,3626.579220241976,3664.8864373101183,3705.0178075719828,3767.0390161584987,3715.962726734309,3646.12371874613,3566.3821648491808,3480.038913679717,3389.0744744194935,3215.415090377247,3566.376820650371,3591.2454593139773,3631.362853948954,3652.6727135843316,3667.4845172226255,3677.757824391423,3598.1197079478766,3550.196405487832,3499.366183478259,3447.6407437882804,3396.211106325914,3296.767523709737
2024-03-19,3548.140632911971,3551.059278021924,3593.744462754997,3629.8626959906746,3668.534743697561,3732.0152748390537,3720.340694399239,3656.1305019802576,3580.610559760205,3497.5507843394394,3409.2131256781736,3232.9269610369693,3528.0722756816335,3557.4195497802834,3599.897271007608,3623.053625789525,3640.143473144206,3654.2590626816072,3591.129257803684,3546.839256889225,3498.8979662701922,3449.4723519154372,3399.879993556776,3303.095399349185
2024-03-19,3489.7677307128965,3524.79147203234,3560.9097052680177,3594.838954671229,3632.0516798231397,3691.154243299702,3721.800016954216,3663.635589405853,3592.6499708387646,3513.1168915925255,3427.6005898708822,3250.438831696692,3487.0301648726117,3520.2757178747192,3565.695222797827,3590.859885475719,3610.273408670265,3628.2251866043553,3581.765309175291,3541.2364122878007,3496.316994943041,3449.3208607044876,3401.6881527923374,3307.7804044217883
2024-03-19,3445.988054063591,3498.523666042757,3528.0749477810386,3559.8152133517847,3595.568615948718,3653.2118568703036,3720.340694399239,3668.6389810229166,3602.5003980848574,3526.7372354389763,3444.2368669976186,3267.950702356414,3444.6192711434483,3480.9199377212412,3529.3648127125957,3556.55961128273,3578.2634038616525,3599.9730854555964,3570.180990997161,3533.512632572605,3491.7263306733453,3447.272491865783,3401.7085537579037,3310.876403536296
2024-03-19,3402.2083774142848,3445.9880540635904,3495.2401902940596,3524.791472032341,3559.0855520742966,3615.269470440906,3715.962726734309,3671.140676831448,3610.1618414984864,3538.4118158787915,3459.121957058382,3285.462573016136,3401.5239859542135,3440.089525402487,3491.3790100575707,3520.5358093704117,3544.442680308318,3569.780037369269,3556.5195529176654,3523.7857474721814,3485.224007263181,3443.4097183396616,3400.0113046209267,3312.435495248712
2024-03-19,3358.4287007649796,3402.2083774142848,3462.4054328070797,3489.7677307128965,3522.602488199875,3577.3270840115074,3708.6661139594244,3671.140676831448,3615.6343010796495,3548.14063291197,3472.255860053174,3302.9744436758583,3358.0865050349435,3398.2760249735493,3452.1056798482605,3483.101848415005,3509.089810124834,3537.888660712569,3540.9150026723755,3512.167040619042,3476.9032763779364,3437.8114272864445,3396.663764208956,3312.5080699656614
2024-03-19,3314.649024115674,3358.428700764979,3429.570675320101,3454.743989393452,3486.119424325454,3539.384697582109,3698.450856074586,3668.638981022916,3618.917776828348,3555.9236865385133,3483.638575981993,3320.486314335581,3314.4779262506554,3355.807132471155,3411.8309393189516,3444.514120969798,3472.440508177378,3504.5112465567936,3523.492702336504,3498.7616132216713,3466.8528408212746,3430.5530759899198,3391.730649826894,3311.1428659492913
2024-03-19,3270.8693474663683,3314.649024115673,3380.3185390896324,3419.7202480740075,3449.636360451032,3501.442311152711,3685.3169530797945,3663.635589405853,3620.01226874458,3561.7609767584213,3493.2701048448407,3335.809201162838,3270.7837985338588,3312.9013119197903,3370.7773240963097,3404.9824027602094,3434.69422550656,3469.833549589327,3504.3699261094434,3483.668727532526,3455.1570764308253,3421.706840982404,3385.2741408461166,3308.3870234859396
2024-03-19,3227.089670817062,3270.869347466368,3336.5388624403263,3384.696506754562,3413.153296576611,3463.4999247233127,3669.2644049750497,3656.1305019802576,3618.917776828348,3565.6525035716923,3501.150446641716,3349.6727654351184,3227.0468963508074,3269.7042060024455,3329.11791744552,3364.6783284706726,3396.0197283775137,3434.0181051616305,3483.6563821132054,3466.9821312344834,3441.8962431497,3411.3417606861144,3377.3539782312787,3304.286137278786
2024-03-20,3227.089670817062,3253.3574768066455,3309.1765645345104,3349.6727654351184,3387.6151518645165,3434.3134736237757,3654.67117942528,3649.876262458928,3618.917776828348,3570.5169120882824,3509.906381971577,3364.2659909848867,3248.9581219085876,3270.0925864904198,3316.1737907834868,3347.6221501062532,3376.765823621953,3413.6245104497225,3469.928186329538,3456.0869765806992,3433.553467750513,3405.234264459169,3373.178110358145,3303.1905048259205
2024-03-20,3256.2761219166,3253.3574768066455,3292.7591857910206,3327.782927110465,3369.3736199273058,3410.9643127441454,3640.077953875513,3643.6220229375986,3618.917776828347,3575.381320604872,3518.6623173014377,3378.859216534655,3281.8035730121305,3284.944732365504,3315.8349537461954,3341.6270362897835,3367.20939292868,3401.2525746579663,3459.9101758641277,3448.229312554864,3427.753250987838,3401.2957757485824,3370.8828520741267,3303.5661939829615
2024-03-20,3314.649024115674,3270.869347466368,3287.2867262098575,3314.649024115673,3347.4837816026525,3393.4524420844236,3625.484728325743,3637.367783416269,3618.917776828348,3580.245729121461,3527.418252631299,3393.4524420844236,3320.116136888555,3309.4393884986625,3325.300230861481,3344.681884376183,3365.8585172111875,3395.899590421343,3453.3629839222467,3443.240389677648,3424.3715656111135,3399.43198987973,3370.3944539835725,3305.364964697126
2024-03-20,3358.4287007649796,3305.8930887858123,3292.7591857910206,3310.2710564507424,3336.5388624403263,3381.7778616446085,3610.8915027759745,3631.11354389494,3618.917776828348,3585.1101376380507,3536.1741879611595,3408.0456676341923,3361.16225715142,3340.3623848038696,3342.390930095438,3355.1412467467467,3371.4508033962793,3396.6881887954605,3450.062686728185,3440.9608334407944,3423.2904344795606,3399.552702381232,3371.6420588239926,3308.540158556705
2024-03-20,3402.2083774142848,3358.428700764979,3309.1765645345104,3314.649024115673,3332.8905560528838,3375.940571424702,3596.298277226206,3624.859304373611,3618.917776828348,3589.9745461546404,3544.9301232910216,3422.6388931839606,3403.575155607505,3375.570941223776,3365.4125131994724,3371.658848077082,3382.9180727297116,3402.8506719539764,3449.799807201437,3441.2401234753943,3424.3976354348797,3401.5716307152475,3374.5575880490746,3313.04664693398
2024-03-20,3445.988054063591,3402.2083774142848,3336.5388624403267,3327.782927110465,3336.5388624403263,3367.1846360948402,3581.705051676438,3618.605064852282,3618.917776828347,3594.8389546712297,3553.6860586208822,3437.2321187337293,3446.6714431602004,3413.6365377201496,3393.0470059802337,3393.1331903745026,3399.356481650202,3413.7153042988416,3452.378382911854,3443.9361016552557,3427.586420570393,3405.4062437586235,3379.0756328594202,3318.84078082837
2024-03-22,3445.988054063591,3419.7202480740075,3358.428700764979,3336.5388624403263,3336.5388624403263,3358.4287007649787,3562.7338584617387,3608.5982816181545,3615.6343010796495,3596.7847180778654,3559.815213351785,3449.636360451033,3424.4399102872426,3409.8271509515275,3395.082866298912,3394.783224381736,3399.7952348446765,3412.276938438272,3449.141608363624,3441.6178947529797,3426.348467245705,3405.267206091478,3379.9827993125523,3321.5741446508587
2024-03-22,3416.8016029640535,3419.7202480740066,3380.318539089632,3345.294797770187,3336.5388624403263,3349.6727654351184,3540.844020137086,3596.0898025754955,3610.161841498487,3596.7847180778654,3564.1931810167152,3460.581279613359,3391.4343055261106,3392.694334222678,3386.93749618026,3388.173310996871,3393.431152678569,3405.54590872911,3443.2891627120985,3436.9962728647574,3423.035307905182,3403.2307493381522,3379.1375405459808,3322.782490752961
2024-03-24,3402.2083774142848,3428.476183403868,3402.2083774142848,3367.1846360948402,3347.4837816026534,3349.672765435118,3520.41350436741,3584.8321714371027,3605.783873833556,3597.757599781184,3569.4467422146326,3472.2558600531743,3418.7111797948505,3410.458907502982,3400.0598423765564,3398.685082463547,3401.5168298147264,3410.6011768959197,3443.4632847347757,3437.4958162646926,3424.154954059251,3405.0897625870844,3381.7591293113774,3326.8220174188837
2024-03-25,3431.3948285138226,3437.2321187337293,3424.0982157389376,3397.830409749354,3365.725313539863,3355.5100556550256,3504.360956262665,3573.57454029871,3601.4059061686253,3598.7304814845015,3574.700303412549,3483.9304404929885,3454.2394552538735,3436.8951819062872,3419.994928673521,3415.245563963429,3415.093891491368,3420.4969961230413,3446.4506683462673,3440.399811511815,3427.3555773106477,3408.771413375163,3385.9947607388876,3332.1644998219663
2024-03-25,3489.7677307128965,3445.9880540635904,3445.9880540635904,3424.098215738938,3391.263458251958,3367.1846360948402,3491.227053267873,3562.316909160317,3597.0279385036947,3599.7033631878194,3579.9538646104656,3495.605020932803,3493.8934313080376,3469.112590391592,3445.228812826561,3436.7549900359336,3433.3175093176505,3434.6282975279364,3452.069812798908,3445.5746779479477,3432.535666581455,3414.1964565919907,3391.781139037841,3338.7672181019743
2024-03-25,3533.547407362202,3481.011795383035,3467.8778923882433,3450.3660217285205,3424.0982157389376,3384.6965067545625,3481.011795383035,3551.059278021924,3592.6499708387646,3600.6762448911372,3585.2074258083826,3507.2796013726183,3535.6102576597723,3505.1840882648976,3474.5839842009937,3462.313552576947,3455.4728285013207,3452.4656458383824,3460.150927070689,3452.89425606259,3439.598662553652,3421.289092566752,3399.0574506054354,3346.5888530498273
2024-03-31,3577.3270840115074,3533.5474073622013,3489.767730712896,3476.6338277181044,3453.284666838475,3408.0456676341923,3473.715182608151,3539.801646883531,3588.272003173834,3601.6491265944546,3590.460987006299,3518.954181812433,3578.3585091602927,3543.824979063536,3507.144601192065,3491.1850449558315,3480.954971910473,3473.545785191186,3470.535174399084,3462.239395206936,3448.452716119855,3429.9768172664935,3407.7652666860386,3355.5894401846135
2024-04-01,3577.3270840115074,3551.059278021924,3495.240190294059,3489.7677307128956,3471.5261987756853,3428.476183403868,3464.9592472782892,3524.7914720323406,3580.610559760206,3599.7033631878194,3593.087767605257,3528.439778419782,3555.952958261247,3540.399121829758,3513.011891452096,3498.8872926660806,3489.0461158261237,3481.045987962563,3474.6004797515434,3466.200951437784,3452.6036766682623,3434.4798864010895,3412.6978996537314,3361.424127633059
2024-04-02,3548.140632911971,3551.059278021924,3506.185109456386,3494.145698377826,3482.471117938012,3448.9066991735444,3456.2033119484286,3511.0321450854162,3570.7601325141122,3595.811836374547,3593.9633611382433,3536.4660524721558,3522.8603444870714,3523.5219914574704,3507.8465223989406,3497.2291904927747,3489.157133501012,3482.1362058063546,3475.5790120716306,3467.5102169530683,3454.416557353366,3436.883705718994,3415.720245969777,3365.632114619283
2024-04-02,3489.7677307128965,3533.5474073622013,3517.1300286187125,3489.7677307128965,3486.119424325454,3460.581279613359,3447.4473766185674,3497.272818138491,3558.7207214355526,3589.9745461546404,3593.087767605258,3543.0330039695514,3484.424199275331,3497.6773456595106,3494.1001961021966,3487.912620232923,3482.5157366644858,3477.6176868385087,3473.6699180065957,3466.3145412369863,3454.0054108514255,3437.2795469513676,3416.907218836201,3368.26673558467
2024-04-02,3445.988054063591,3498.523666042757,3511.6575690375485,3489.7677307128965,3482.471117938012,3466.4185698332667,3438.6914412887063,3483.513491191567,3544.4923265245284,3582.1914925280967,3590.460987006299,3548.1406329119704,3443.3162883448076,3465.8543562444356,3473.679791949328,3472.330030629534,3470.160758318301,3468.1915231604803,3469.0594960328986,3462.7530876912806,3451.478726293516,3435.7547134932333,3416.3307936824003,3369.3795763003955
2024-04-02,3402.2083774142848,3445.9880540635904,3495.240190294059,3489.7677307128965,3471.5261987756853,3466.4185698332662,3429.9355059588447,3469.754164244642,3528.0749477810386,3572.462675494918,3586.0830193413685,3551.788939299412,3400.8724945548934,3430.0458044179504,3448.0684383528064,3451.6206979268877,3452.9712110024057,3454.4711703610424,3461.922025370452,3456.9572884175973,3446.939700657978,3432.392712939831,3414.060123371913,3369.020531200874
2024-04-02,3358.4287007649796,3402.2083774142848,3467.8778923882433,3476.6338277181044,3464.229586000801,3460.581279613359,3421.179570628984,3455.9948372977174,3509.468585205084,3560.7880950551025,3579.953864610465,3553.9779231318776,3357.760759335283,3391.5802109838583,3418.4196796334436,3426.7167572339395,3431.6908745582928,3436.9934020803707,3452.420541418531,3449.051273734157,3440.4864969242067,3427.2734221213896,3410.161648891276,3367.2378588374245
2024-04-07,3358.4287007649796,3384.696506754563,3445.9880540635904,3467.8778923882433,3467.8778923882433,3457.662634503405,3416.8016029640535,3445.988054063591,3495.240190294059,3550.086396318606,3574.700303412549,3556.8965682418316,3379.984568374784,3395.122933127334,3414.817168029186,3422.2606881758206,3427.155105766907,3432.64527399711,3449.1810469666434,3446.4488906052757,3438.619271582259,3426.1836375689068,3409.849755892178,3368.3844332169933
2024-04-07,3387.6151518645165,3384.696506754562,3424.0982157389376,3459.1219570583817,3467.8778923882433,3454.743989393451,3410.964312744146,3438.482966637995,3483.2007792155005,3539.384697582109,3569.446742214632,3559.8152133517856,3412.986311219187,3412.0779734394196,3421.7440315923877,3426.57475470087,3430.0524824279355,3434.31312150542,3448.975047424511,3446.423288575182,3438.978724386227,3427.0446991556323,3411.2669440557634,3370.928814228357
2024-04-08,3445.988054063591,3402.2083774142848,3418.625756157774,3450.3660217285205,3467.8778923882433,3460.581279613359,3409.504990189169,3433.479575020932,3473.350351969407,3528.6829988456116,3564.1931810167157,3562.733858461739,3451.3770209660415,3437.9745591972446,3436.8604091747234,3438.0643867030562,3439.239443702545,3441.2449476563547,3451.6068334431166,3448.8313131383884,3441.456236889967,3429.7717874842087,3414.3454062776113,3374.825172145883
2024-04-08,3489.7677307128965,3437.2321187337293,3424.0982157389376,3441.61008639866,3467.8778923882433,3472.2558600531734,3410.964312744146,3430.9778792124002,3465.6889085557777,3517.981300109115,3558.9396198187997,3565.6525035716927,3492.4622141641216,3469.83217525223,3458.346408771941,3455.42493591381,3453.748361188646,3452.7827551195855,3456.8933220830572,3453.5377628174892,3445.9484891081247,3434.283770957165,3419.019994555438,3380.0291798578933
2024-04-08,3533.547407362202,3489.7677307128965,3440.5155944824273,3445.9880540635904,3467.8778923882433,3481.011795383035,3415.342280409076,3430.9778792124,3460.216448974615,3507.279601372618,3553.6860586208822,3568.571148681646,3534.8946490878143,3505.6638115053224,3484.786558825178,3477.588962840664,3472.760472392163,3468.3507962310755,3464.6632422074736,3460.4149473282678,3452.357201054632,3440.5030454377893,3425.228115710578,3386.4979636006346
2024-04-08,3577.3270840115074,3533.5474073622017,3467.877892388243,3459.1219570583826,3467.8778923882433,3489.767730712896,3422.6388931839606,3433.479575020932,3456.9329732259166,3499.4965477460755,3548.4324974229658,3571.4897937916003,3578.0007048743137,3544.1447945571526,3515.079937010875,3503.683107898873,3495.5829782796477,3487.4452917847925,3474.75637243027,3469.342270291187,3460.5888868890793,3448.3553808822685,3432.909631198823,3394.1900553075257
2024-04-08,3621.1067606608135,3577.3270840115074,3506.185109456386,3481.011795383035,3478.82281155057,3498.5236660427568,3432.8541510687987,3434.730422925197,3455.838481309684,3493.659257526168,3543.178936225049,3574.408438901554,3621.443571092216,3584.3920088081413,3548.3702704107072,3532.992804155463,3521.6296642843354,3509.6254349754577,3487.02282822897,3480.2058351255723,3470.5546210559596,3457.7697746400013,3442.0067608502463,3403.0653465207256
2024-04-09,3621.1067606608135,3594.838954671229,3539.019866943365,3498.523666042757,3486.119424325454,3498.5236660427568,3441.61008639866,3435.981270829463,3453.6494974772186,3486.8490856029425,3535.298594428174,3575.1381001790423,3599.385327551862,3582.03703387593,3554.805117877552,3541.0535823111077,3530.198498088516,3518.0881411049636,3492.848909247198,3485.60146006368,3475.763033883059,3462.9679185257196,3447.3134401899033,3408.7788461105874
2024-04-09,3591.920309561276,3594.838954671229,3555.4372456868546,3516.0355367024795,3493.416037100338,3492.6863758228496,3450.3660217285214,3437.2321187337293,3451.4605136447535,3480.038913679717,3525.667065565327,3574.408438901554,3566.466367457032,3565.8738250380206,3550.0811822074747,3539.6888232294887,3530.713714899852,3520.020549387118,3495.4746188030053,3488.265123802487,3478.581783808871,3466.036591953393,3450.6951643927387,3412.8696186106404
2024-04-12,3533.547407362202,3577.3270840115074,3560.9097052680177,3533.5474073622017,3500.7126498752223,3489.767730712896,3459.1219570583826,3438.482966637995,3449.271529812288,3473.2287417564917,3514.284349636507,3572.2194550690883,3528.117049084964,3540.5051269296455,3536.678192986458,3530.612260953744,3524.4143327172433,3516.23894705284,3495.106432474611,3488.3486019641764,3479.127439755409,3467.0683805951103,3452.2274218954894,3415.3908681877633
2024-04-12,3489.7677307128965,3542.303342692063,3555.437245686855,3537.9253750271323,3508.009262650107,3486.8490856029425,3467.8778923882433,3439.7338145422614,3447.082545979823,3466.418569833266,3503.7772272406733,3568.5711486816463,3487.0525515742775,3508.9994359742936,3516.524828781377,3515.226041519171,3512.3487513859122,3507.4575854291834,3491.937504835191,3485.995238191922,3477.5108843558082,3466.151844658957,3451.982740804043,3416.3940546099216
2024-04-12,3445.988054063591,3489.7677307128965,3539.019866943365,3533.5474073622017,3515.3058754249905,3483.9304404929885,3472.2558600531743,3440.9846624465267,3441.61008639866,3459.608397910041,3493.2701048448403,3563.463519739227,3444.630464494281,3473.402416454291,3491.1211729220236,3494.6773753182824,3495.4040784672,3494.301434427321,3486.1485288725517,3481.340412593164,3473.83759133427,3463.3716939091883,3450.0308049848363,3415.928950439573
2024-04-12,3402.2083774142848,3445.9880540635904,3511.657569037549,3520.4135043674105,3511.657569037549,3481.011795383035,3473.715182608151,3442.235510350793,3437.2321187337293,3452.798225986816,3482.7629824490073,3556.8965682418316,3401.52958262963,3435.077844557854,3461.6339568871254,3469.9048890358636,3474.3309434360895,3477.3173427195284,3477.9085399623855,3474.511984158264,3468.2078893552807,3458.8089550768314,3446.4385656036657,3414.0436963518814
2024-04-12,3358.4287007649796,3402.2083774142848,3473.3503519694063,3498.523666042757,3500.7126498752223,3478.0931502730814,3472.2558600531743,3443.486358255059,3432.8541510687987,3445.988054063591,3472.255860053174,3548.8702941894585,3358.0893033726516,3394.93490441046,3428.97063849347,3441.676549959466,3449.7644943098717,3456.983802894046,3467.3756679722746,3465.630708600342,3460.717213002129,3452.5411319915634,3441.270348290411,3410.784854639219
2024-04-12,3314.649024115674,3358.428700764979,3424.0982157389376,3467.8778923882433,3482.471117938012,3475.174505163128,3467.8778923882433,3444.7372061593246,3428.476183403868,3439.177882140365,3461.7487376573404,3539.384697582109,3314.4793254195097,3353.579718762429,3393.837018265225,3410.6206949607204,3422.2421640262555,3433.7194959655862,3454.697840842861,3454.810632981788,3451.45634151258,3444.6423587513377,3434.5879561012334,3406.197460961421
2024-04-13,3270.8693474663683,3314.649024115673,3380.318539089632,3428.476183403868,3456.932973225917,3463.4999247233127,3460.581279613359,3445.9880540635904,3424.098215738938,3432.36771021714,3451.241615261507,3528.439778419783,3270.784498118286,3311.4163694473064,3356.782052165634,3377.251417843692,3392.2187035325337,3407.8907678220207,3440.01344277668,3442.159468417081,3440.5116258688963,3435.183546232456,3426.4507684430305,3400.3250743993103
2024-04-13,3227.089670817062,3270.869347466368,3336.5388624403263,3380.3185390896315,3424.0982157389376,3445.988054063591,3450.366021728521,3443.486358255059,3419.7202480740075,3422.6388931839606,3440.734492865674,3516.03553670248,3227.0472461430213,3268.7142443541234,3318.2327059438835,3341.9893408117036,3360.0789020917987,3379.818171115238,3423.4519299632016,3427.7789420698964,3427.965204810304,3424.232522229643,3416.9158361185096,3393.209825867128
2024-04-13,3183.309994167757,3227.089670817062,3292.7591857910206,3336.5388624403263,3383.966845477074,3422.638893183961,3441.61008639866,3438.4829666379956,3415.342280409077,3413.8829578540995,3430.22737046984,3502.1719724301997,3183.2887818307363,3225.6529354088993,3278.5210640715654,3305.17860930384,3326.1483506189757,3349.782189415639,3405.1344065796693,3411.765129594816,3413.8952103082624,3411.85416550307,3406.037972643998,3384.892464937663
2024-04-13,3139.5303175184513,3183.3099941677565,3248.9795091417154,3292.7591857910206,3336.5388624403263,3393.4524420844236,3432.8541510687987,3430.9778792124002,3410.964312744146,3405.1270225242383,3419.720248074007,3486.8490856029425,3139.5197113499407,3182.3521705623148,3237.905414471028,3267.100796861168,3290.7025491190016,3318.028245847327,3385.1741636306037,3394.2087691100564,3398.3759630185496,3398.110533997247,3393.8698419861603,3375.412405132138
2024-04-13,3095.7506408691456,3139.530317518451,3205.199832492409,3248.979509141715,3292.7591857910206,3358.428700764979,3419.7202480740075,3420.9710959782733,3406.5863450792153,3396.3710871943777,3409.213125678174,3470.0668762207083,3095.74533778489,3138.8917684481567,3196.586647748542,3227.9862818354723,3253.9746129806686,3284.771085643891,3363.677183023458,3375.1955577272665,3381.4781581991,3383.060987485186,3380.4620428580697,3364.807767725177
2024-04-13,3051.9709642198395,3095.750640869145,3161.4201558431037,3205.1998324924093,3248.9795091417145,3317.567669225627,3403.667699969262,3408.4626169356143,3402.2083774142848,3387.615151864516,3398.706003282341,3454.014328115963,3051.9683126777118,3095.324941488949,3154.7210121534295,3188.023555605483,3216.161793686802,3250.1986108847213,3340.7426091232687,3354.806431607448,3363.269042558682,3366.762304880201,3365.863189709539,3353.115424113549
2024-04-14,3051.9709642198395,3078.238770209423,3134.0578579372877,3174.5540588378954,3216.144751654736,3279.6252827962294,3389.074474419493,3397.204985797221,3397.830409749354,3381.7778616446085,3388.198880886507,3440.150763843683,3073.8594767734285,3095.466841282348,3141.6164852013667,3171.246662017058,3197.6370009456236,3230.892614632774,3324.9366756875193,3340.4144432330977,3350.2193644274844,3354.979189053633,3355.2705407354056,3344.6772344989786
2024-04-14,3081.1574153193774,3078.238770209423,3117.640479193798,3152.6642205132425,3190.606606942641,3250.438831696692,3374.481248869725,3389.6998983716257,3393.4524420844236,3377.8863348313366,3380.318539089632,3427.7465221263797,3106.6948971459396,3110.154666694382,3141.1528923829414,3165.480053926402,3188.697511187597,3219.4723274934836,3312.9749751604827,3329.2542140267287,3339.9418499441167,3345.6118468129725,3346.810139824937,3337.9511060733876
2024-04-17,3095.7506408691456,3069.482834879562,3095.750640869145,3126.3964145236596,3161.420155843103,3218.333735487201,3355.5100556550256,3380.9439630417646,3385.790998670795,3373.021926314748,3371.562603759771,3414.612619131588,3079.3329306828896,3090.7600992028674,3121.3346861244745,3144.8420376161175,3167.6626578079417,3198.534657084278,3296.1360067126993,3313.8495890374575,3325.894489664883,3332.8448519176195,3335.247819212972,3328.5747079798284
2024-04-17,3066.564189769608,3060.7268995497006,3073.8608025444923,3100.1286085340753,3132.2337047435667,3186.22863927771,3337.9981849953033,3368.4354839991065,3375.9405714247014,3368.1575177981576,3362.8066684299097,3401.4787161367963,3043.762109126712,3063.23716199209,3096.1917086680432,3119.9964466987385,3143.1286008483407,3174.74173589506,3277.558928058366,3296.868572289295,3310.3967724895488,3318.7294795547027,3322.422072874053,3318.0703335401795
2024-04-20,3051.9709642198395,3078.238770209423,3068.3883429633293,3086.994705539284,3113.992172806356,3162.87947839808,3324.864282000511,3357.177852860713,3367.1846360948402,3366.211754391523,3356.6775136990072,3390.53379697447,3069.7563749979286,3074.0749882844416,3096.093693601622,3115.588118366085,3135.8396839284646,3164.867849016821,3265.829361142932,3285.695353877065,3299.9262294836753,3309.0347474379396,3313.532997109154,3310.78116328867
2024-04-20,3081.1574153193774,3086.994705539284,3073.860802544493,3082.616737874353,3103.0472536440298,3145.3676077383584,3314.6490241156735,3345.92022172232,3358.428700764979,3363.293109281568,3352.2995460340767,3381.0482003671204,3104.64334625819,3095.893431362445,3105.746276694251,3119.941245484697,3136.40747371154,3161.7006575795244,3257.681035747805,3277.575074079364,3292.102038656103,3301.664989615353,3306.7093626154015,3305.1663814601384
2024-04-22,3139.5303175184513,3095.750640869145,3090.2781812879816,3086.994705539284,3099.3989472565877,3133.6930272985433,3307.3524113407893,3334.662590583928,3352.956241183816,3360.3744641716144,3349.672765435118,3373.021926314748,3143.976670212973,3125.0322856308826,3122.98265835503,3131.4628361543446,3143.6232460894203,3164.4018246530536,3252.882904032963,3272.338125195386,3286.7951096566712,3296.519120248066,3301.870171695886,3301.1710900735025
2024-04-27,3183.309994167757,3130.7743821885897,3117.640479193798,3100.1286085340757,3103.0472536440298,3127.855737078636,3302.9744436758588,3323.404959445535,3349.6727654351175,3357.4558190616613,3348.797171902132,3366.4549748173517,3185.5331705150174,3159.0514140262762,3146.1175500132595,3148.849533365748,3156.464234509058,3172.2378054235546,3251.2188244706467,3269.8243221743683,3283.882649225471,3293.5004485336744,3298.937603033971,3298.742191081488
2024-04-30,3183.309994167757,3157.042188178173,3123.1129387749615,3108.8845438639373,3103.0472536440298,3119.0998017487746,3297.1371534559516,3312.1473283071414,3342.0113220214894,3351.618528841754,3347.0459848361597,3359.158362042467,3162.531744016734,3152.5443818570006,3144.653720569969,3147.155130484421,3153.8590165105024,3168.1493694354162,3244.0131143446984,3262.5857663601505,3276.841072069031,3286.806095011273,3292.686336935323,3293.5221296531918
2024-04-30,3154.1235430682195,3157.042188178173,3117.640479193798,3117.640479193798,3103.0472536440298,3110.343866418914,3286.921895571113,3300.8896971687486,3332.1608947753957,3343.8354752152104,3345.294797770187,3351.861749267583,3129.1411924429394,3133.613134861049,3133.786369525342,3137.80885964528,3144.9192664118323,3159.099528364632,3234.447793475308,3253.3171482773173,3268.007392498305,3278.4993361355287,3284.9633684621394,3287.037818545518
2024-04-30,3095.7506408691456,3139.530317518451,3117.640479193798,3113.2625115288674,3103.0472536440298,3101.5879310890523,3273.7879925763214,3289.632066030356,3320.1214836968365,3334.1066581820314,3340.9168301052564,3342.376152660234,3090.5560783313895,3106.399077980646,3115.6051683463415,3122.2019695679273,3130.6195276130643,3145.708457846533,3222.675094813665,3242.1312491630124,3257.469030143258,3268.65027648702,3275.82641143303,3279.3307085676265
2024-05-01,3051.9709642198395,3104.5065761990068,3117.640479193798,3100.1286085340753,3103.0472536440298,3092.8319957591916,3257.735444471576,3278.374434891963,3305.8930887858123,3325.3507228521707,3334.787675374354,3333.6202173303727,3049.3736829509617,3073.6631478439417,3091.7354170628296,3101.4727546593103,3111.7844137603674,3128.518811562033,3208.837429830237,3229.134584630097,3245.3091402616615,3257.325972621086,3265.330916379599,3270.4408914857545
2024-05-03,3051.9709642198395,3078.238770209423,3117.640479193798,3104.5065761990063,3103.0472536440298,3092.831995759191,3243.1422189218074,3270.869347466368,3292.7591857910206,3319.513432632263,3329.534114176437,3327.0532658329766,3072.5621619100534,3081.0256455190097,3092.6276890197887,3100.432370333826,3109.31767946941,3124.422790225422,3201.5415079617796,3221.7243655322663,3238.013603705929,3250.3009581970887,3258.680709496836,3264.71334228521
2024-05-07,3037.3777386700713,3051.9709642198395,3101.2231004503087,3104.506576199006,3092.1023344817027,3089.9133506492376,3224.1710257071086,3262.1134121365067,3279.6252827962294,3309.7846155990833,3321.6537723795627,3319.7566530580925,3040.376724740294,3056.747526202851,3073.864044253288,3083.6612643768635,3093.759773023429,3109.8938523935612,3189.067300194602,3209.8614167566147,3226.8027590163974,3239.774450778543,3248.8575949114907,3256.3027831142367
2024-05-10,3022.784513120303,3025.703158230256,3073.8608025444923,3091.3726732042146,3084.8057217068185,3086.994705539284,3202.2811873824558,3249.6049330938476,3266.4913798014377,3298.1100351592686,3312.022243516715,3312.4600402832084,3002.394167830761,3025.9688877756435,3049.5412812906084,3061.9795092031122,3073.8600557769364,3091.7085722095194,3174.57338475761,3196.2253164324266,3214.0031908166334,3227.8021533934425,3237.702850441284,3246.732580747253
2024-05-10,2964.4116109212287,2999.4353522406727,3035.5535854763502,3069.482834879562,3077.5091089319344,3075.320125099469,3177.472703947849,3234.5947582426575,3253.3574768066455,3284.489691312818,3300.639527587896,3305.1634275083243,2961.513051051342,2990.8565699410697,3020.8947597309,3036.279950124714,3050.2864986223185,3070.32399246732,3158.1900653714365,3180.9145729790653,3199.6923978144523,3214.4469264751156,3225.268696866015,3236.0407562726523
2024-05-15,2964.4116109212287,2999.435352240673,3019.13620673286,3051.9709642198395,3070.2124961570503,3066.564189769608,3158.5015107331496,3220.8354312957326,3243.5070495605514,3271.842229169685,3292.75918579102,3300.0557985659048,2984.852169310938,2996.634809150891,3018.0717659174857,3031.1729205694082,3043.81031230666,3062.557404355222,3148.5127248681524,3171.3188349008133,3190.350880241578,3205.479290001003,3216.7558572858,3228.5702818889763
2024-05-17,2993.598062020765,2990.6794169108116,3013.663747151697,3034.4590935601173,3062.9158833821657,3066.564189769608,3142.4489626284044,3207.0761043488083,3235.8456061469233,3259.1947670265527,3286.630031060118,3296.407492178463,3018.4115667653887,3015.080194173874,3025.6049210957867,3034.9543830513053,3045.06579721638,3061.234099338299,3142.2842241811645,3164.688397640759,3183.60064043564,3198.8050149670394,3210.293704616547,3222.780140326054
2024-05-18,3051.9709642198395,3008.191287570534,3019.13620673286,3030.0811258951867,3055.6192706072816,3072.401479989516,3129.3150596336127,3193.3167774018834,3230.37314656576,3249.4659499933737,3279.625282796229,3294.2185083459976,3057.081103817267,3041.970343072298,3041.1928588232004,3046.0082481090944,3052.8634654706516,3065.5486670296546,3139.282057515873,3160.8585222645584,3179.315274603128,3194.3243900062616,3205.8018197637075,3218.615238704516
2024-05-20,3095.7506408691456,3043.2150288899784,3035.55358547635,3034.4590935601173,3048.3226578323975,3075.320125099469,3119.0998017487746,3179.557450454959,3223.806195068364,3241.6828963668304,3272.62053453234,3293.488847068509,3098.305710667859,3074.4903345543485,3063.045627422145,3063.0122607289773,3066.196827324159,3074.7963733407537,3139.2980742902328,3159.6736220008856,3177.3745449892413,3191.942039028531,3203.202937322717,3216.022290468907
2024-05-20,3139.5303175184513,3095.750640869145,3046.4985046386764,3047.592996554909,3051.9709642198395,3078.2387702094225,3111.8031889738904,3165.798123508034,3217.2392435709685,3235.845606146923,3265.615786268451,3292.029524513532,3140.8078524178077,3110.7635544254845,3089.7710422545033,3084.8845758996645,3084.2142376077895,3088.3605759441293,3142.1375529920083,3160.986753787934,3177.6640790955103,3191.566732730236,3202.4228219048755,3214.949756163951
2024-05-20,3183.309994167757,3139.5303175184504,3073.8608025444923,3069.4828348795622,3062.915883382166,3081.157415319377,3107.42522130896,3155.7913402739073,3210.6722920735724,3231.954079333652,3258.611038004562,3290.5702019585556,3183.9487616174347,3149.53892655601,3120.2862930461833,3110.7400477028277,3106.1950734861393,3105.7017128032458,3147.618334787173,3164.65913806733,3180.075083569732,3193.1112082992286,3203.3901493131966,3215.3477861525776
2024-05-20,3227.089670817062,3183.3099941677565,3112.168019612635,3086.994705539284,3081.1574153193765,3084.0760604293305,3105.965898753983,3148.286252848312,3204.105340576177,3230.008315927016,3251.606289740673,3289.110879403578,3227.4090545419012,3189.982400192796,3153.7491940284467,3139.854465841653,3131.529577175405,3126.347667136136,3155.57001302454,3170.559705256165,3184.504072052495,3196.49199695867,3206.036392378027,3217.168165212046
2024-05-20,3270.8693474663683,3227.089670817062,3161.420155843103,3117.640479193798,3106.695560031472,3095.7506408691456,3107.42522130896,3143.2828612312483,3197.5383890787807,3230.008315927016,3247.2283220757427,3287.651556848601,3271.0290393287873,3231.537941500422,3189.5047118256084,3171.635294618748,3159.7017997816,3149.8853367585784,3165.8331750304196,3178.5646674150266,3190.852606299479,3201.6292590089747,3210.2957112696995,3220.3642589465912
2024-05-20,3314.649024115674,3270.869347466368,3205.1998324924093,3157.042188178173,3128.585398356124,3113.2625115288674,3111.803188973891,3140.7811654227166,3190.971437581385,3229.035434223698,3244.6015414767844,3286.1922342936246,3314.7288700468835,3273.8348612552745,3227.043376034358,3205.5977320998813,3190.2751691636586,3175.9532572593785,3178.2586928197456,3188.557113712246,3199.027049931942,3208.446626041845,3216.104848112652,3224.8909619570304
2024-05-20,3358.4287007649796,3314.649024115673,3248.979509141715,3205.1998324924093,3161.4201558431037,3136.6116724084977,3119.0998017487746,3140.7811654227166,3184.404486083989,3228.06255252038,3243.7259479437985,3284.732911738648,3358.468623730584,3316.626033308278,3265.9689318965643,3241.3451221570454,3222.8802781252934,3204.235147278742,3192.70705956778,3200.4266283623597,3208.9383341993735,3216.8710500145594,3223.4030257323234,3230.704647709727
2024-05-20,3402.2083774142848,3358.428700764979,3292.759185791021,3248.979509141715,3201.5515261049673,3165.798123508034,3129.3150596336127,3143.2828612312487,3181.1210103352914,3227.0896708170626,3244.6015414767844,3285.462573016136,3402.2283388970873,3359.746706893382,3305.9731812670148,3278.5529279582356,3257.20455134657,3234.454260626848,3209.0477688900905,3214.068929790206,3220.50173516836,3226.832658886256,3232.1318503727653,3237.763120049198
2024-05-20,3445.988054063591,3402.2083774142848,3336.5388624403263,3292.7591857910206,3248.979509141715,3192.065929497618,3142.4489626284044,3148.2862528483115,3180.0265184190584,3226.1167891137443,3247.2283220757427,3287.651556848601,3445.9980348049917,3403.0870481665534,3346.816414477211,3316.9556193681738,3292.9835020183127,3266.368444387604,3227.1587341689815,3229.385529841467,3233.6366617802887,3238.2646185308927,3242.2352182292407,3246.0255663004664
2024-05-20,3489.7677307128965,3445.9880540635904,3380.318539089632,3336.5388624403263,3292.7591857910206,3227.089670817062,3158.5015107331496,3155.7913402739073,3181.121010335291,3225.1439074104264,3251.606289740673,3289.110879403578,3489.7727210835965,3446.573834565103,3388.3121906738756,3356.335944457997,3329.9933336096806,3299.765814759429,3246.9257453427376,3246.2834119259524,3248.2664542476987,3251.1030006539936,3253.6592256462195,3255.452511909048
2024-05-20,3533.547407362202,3489.7677307128956,3424.0982157389376,3380.3185390896315,3336.5388624403263,3267.9507023564142,3177.472703947849,3165.7981235080347,3184.404486083989,3224.171025707108,3255.108663872618,3290.5702019585556,3533.549902547552,3490.1582510472376,3430.315500304461,3396.516151649544,3368.044679825346,3334.4609734159385,3268.241960740723,3264.6747270418164,3264.3181922849576,3265.2866564521464,3266.3520828370156,3266.0057765681445
2024-05-20,3577.3270840115074,3533.5474073622013,3467.8778923882433,3424.098215738937,3380.318539089632,3314.6490241156735,3194.9845746075716,3178.306602550693,3189.8769456651526,3223.1981440037903,3258.611038004563,3292.0295245135326,3577.3283316041825,3533.8077542517626,3472.713558161428,3437.3508078334116,3406.977307646187,3370.2916968215477,3291.0074317033095,3284.476506687316,3281.7225126935364,3280.757095765566,3280.2640309869685,3277.6484317842974
2024-05-21,3621.1067606608135,3577.3270840115074,3511.6575690375485,3467.8778923882433,3424.098215738937,3358.428700764979,3212.4964452672934,3193.316777401883,3197.5383890787807,3225.1439074104264,3262.1134121365067,3293.488847068509,3621.1073844571506,3577.500648604548,3515.418642416693,3478.720922283722,3446.6556352867924,3407.116039382619,3315.1286578714908,3305.610391721916,3300.413435845565,3297.458371484895,3295.3472626074845,3290.3447598343246
2024-05-21,3664.886437310119,3621.106760660813,3555.4372456868546,3511.657569037549,3467.8778923882433,3402.208377414285,3234.3862835919467,3210.8286480616057,3207.388816324875,3229.035434223698,3265.615786268451,3294.948169623486,3664.8867492082873,3621.2224703895067,3558.3625249817446,3520.5291389520316,3486.9649396979667,3444.8097987047195,3340.5181711674863,3328.0023762906662,3320.3282006316067,3315.3369689837873,3311.5558450134426,3304.0602140679343
2024-05-21,3708.666113959425,3664.8864373101183,3599.21692233616,3555.437245686854,3511.6575690375485,3445.9880540635904,3259.1947670265527,3230.8422145298596,3219.4282274034335,3234.8727244436054,3269.118160400396,3298.596476010928,3708.6662699085086,3664.9635771292474,3601.4921395655197,3562.6958028896133,3527.808147530392,3483.2642976927204,3367.094146615308,3351.5825659750026,3341.407107459759,3334.341700358785,3328.8456468014933,3318.761380511895
2024-05-26,3752.44579060873,3708.6661139594244,3642.9965989854663,3599.2169223361607,3555.4372456868546,3489.7677307128965,3282.543927906183,3253.3574768066455,3233.656622314458,3242.6557780701487,3272.6205345323397,3303.704104953347,3752.4458685832724,3708.71754050551,3644.766212386079,3605.1557418656903,3569.1031197961834,3522.3844438883843,3394.780038269678,3376.2849493796157,3363.5933689133335,3354.423603267448,3347.174267211554,3334.41594073308
2024-05-27,3796.225467258036,3752.44579060873,3686.7762756347715,3642.996598985466,3599.21692233616,3533.5474073622017,3305.893088785813,3274.6218911791652,3250.0740010579475,3252.3845951033277,3276.1229086642848,3310.271056450743,3796.225506245307,3752.4800749727874,3688.1526416130264,3647.8556331459904,3610.7803542748234,3562.087031390754,3423.504238633398,3402.047182408934,3386.8329676935296,3375.5358441648345,3366.5009682584478,3350.9926359191213
2024-05-27,3840.005143907342,3796.2254672580357,3730.555952284077,3686.7762756347715,3642.9965989854663,3577.3270840115074,3329.2422496654417,3295.8863055516854,3268.6803636339023,3264.0591755431424,3282.252063395187,3318.297330503115,3840.005163400977,3796.2483235007408,3731.626459156054,3690.751849038837,3652.7810413951042,3602.299255036491,3453.199760047801,3428.8103845282517,3411.07452149173,3397.633625747087,3386.7866095250433,3368.461232136745
2024-05-29,3840.005143907342,3813.7373379177575,3757.918250189893,3717.4220492892855,3675.831356472445,3612.3508253309524,3348.213442880141,3317.150719924205,3286.1922342936246,3274.7608742796397,3287.505624593104,3325.593943278,3818.1153153295063,3796.2407047531724,3745.981794289828,3709.928870533237,3674.8494146047856,3626.540031564184,3475.3304508355586,3449.2223335687954,3429.86237250472,3414.96370581278,3402.8430353184935,3382.4862890259674
2024-05-30,3810.8186928078044,3813.7373379177575,3774.335628933383,3739.311887613939,3701.36950118454,3641.537276430489,3368.6439586498173,3338.4151342967252,3303.7041049533464,3285.462573016136,3292.759185791021,3332.8905560528847,3785.280552969118,3781.642400038358,3747.418237916251,3717.659219637872,3686.787318605392,3642.2782514447526,3493.2088598531827,3466.068081182125,3445.598148997599,3429.6368399343432,3416.55294729066,3394.6161087499927
2024-06-05,3796.225467258036,3822.493273247619,3796.2254672580357,3765.579693603522,3730.5559522840776,3673.64237263998,3393.4524420844236,3359.679548669245,3324.4994513617667,3299.082916862587,3300.639527587896,3340.1871688277683,3812.6428484382295,3801.096647994686,3767.9931059142723,3739.903933141412,3710.3592917287688,3666.9941130025763,3515.5828136631285,3486.8423624446373,3464.8375146029525,3447.4789401070825,3433.1589157854323,3409.2190279354795
2024-06-07,3781.632241708268,3804.9814025878964,3801.6979268391988,3778.7135965983134,3748.797484221288,3696.99153351961,3416.8016029640535,3377.1914193289676,3340.916830105257,3311.73037900572,3307.6442758517846,3345.294797770187,3782.5443195234798,3784.8796955327,3764.538146957485,3742.1842708627423,3716.8341377103015,3677.6755727033456,3530.8642960467155,3501.5981084537534,3478.867186603235,3460.738368389763,3445.6799697000715,3420.4723644165697
2024-06-07,3767.0390161584987,3769.957661268452,3796.2254672580357,3783.0915642632435,3759.742403383614,3714.503404179332,3440.150763843683,3392.2015941801583,3355.145225016281,3324.377841148853,3314.6490241156735,3348.9431041576295,3745.605216741452,3759.4751683416084,3752.1221396245824,3736.090060516685,3715.577518671705,3681.5493903603556,3542.3353810733415,3513.1018865374017,3490.076890376707,3471.5178355884436,3455.9931518278895,3429.9213398114175
2024-06-11,3708.666113959425,3743.689855278869,3779.808088514546,3778.7135965983134,3763.3907097710567,3726.1779846191466,3459.121957058382,3404.710073222816,3370.4681118435387,3337.0253032919854,3321.6537723795623,3351.1320879900945,3705.2458270257853,3727.9455913311117,3732.7364279991466,3723.1439472064003,3707.7788907699223,3679.4665212290765,3550.241900830553,3521.5343615803304,3498.6041853490688,3479.925166098082,3464.185045376212,3437.6251134998997
2024-06-11,3664.886437310119,3717.4220492892855,3752.44579060873,3765.5796936035213,3759.742403383614,3732.0152748390537,3479.5524728280584,3418.469400169741,3385.790998670795,3349.672765435118,3328.6585206434515,3351.8617492675835,3663.1762938432994,3692.3326477743453,3707.929835257295,3704.5917314708386,3694.4447169069826,3672.1715511580437,3554.8138272712144,3527.066161529246,3504.5799207301297,3486.063496296462,3470.3388381324708,3443.640905210094
2024-06-11,3621.1067606608135,3664.8864373101183,3714.1385735405875,3743.689855278869,3748.797484221288,3732.0152748390537,3499.9829885977338,3432.2287271166656,3397.830409749354,3362.3202275782505,3335.6632689073404,3351.132087990095,3620.2516889274034,3653.997459853399,3678.90700164712,3681.452704660051,3676.426619538448,3660.315992764727,3556.2662954480074,3529.858435000483,3508.128562841416,3490.0314783710296,3474.534455617923,3448.0240586134187
2024-06-11,3577.3270840115074,3621.106760660813,3681.3038160536084,3713.044081624355,3730.5559522840776,3726.1779846191466,3520.41350436741,3445.988054063591,3407.680836995448,3372.04904461143,3342.668017171229,3348.94310415763,3576.899548144803,3613.8474423563334,3646.604869583805,3654.5608324240784,3654.445202280564,3644.469919589412,3554.800560732794,3530.0633779094674,3509.368506476576,3491.923475283689,3476.8486890196596,3450.82810283469
2024-06-13,3533.547407362202,3577.3270840115074,3648.469058566629,3673.6423726399794,3705.017807571982,3714.503404179332,3536.4660524721553,3459.747381010515,3415.342280409076,3379.8320982379737,3349.6727654351184,3347.483781602653,3533.3336394288494,3572.487538475188,3611.7521720569366,3624.598450294772,3629.110206654769,3625.1321459798473,3550.6048942798975,3527.824730842991,3508.41237107347,3491.829747258872,3477.3553181056686,3452.104811945451
2024-06-16,3533.547407362202,3559.8152133517856,3615.63430107965,3651.7525343153275,3683.127969247329,3705.747468849471,3553.9779231318776,3473.5067079574396,3424.098215738938,3391.5066786777875,3359.304294297965,3348.2134428801414,3555.330361720178,3574.100720320628,3604.1021524912862,3616.0036564250877,3621.14357240196,3619.156513233805,3552.328906520647,3530.574861574575,3511.7740643875204,3495.5470227698565,3481.2757795137404,3456.210460209912
2024-06-18,3518.954181812433,3533.5474073622017,3582.7995435926705,3625.484728325743,3650.29321176035,3688.2355981897485,3567.1118261266693,3487.2660349043645,3432.8541510687987,3402.2083774142848,3368.0602296278266,3348.2134428801414,3522.549046216537,3545.9897237847176,3578.6945032072,3593.0516699319624,3600.931904449796,3602.982915418692,3548.292701629824,3528.3077987489264,3510.7005846960747,3495.2957492021624,3481.6087972078244,3457.3106985870586
2024-06-23,3504.360956262665,3507.2796013726183,3549.9647861056915,3586.0830193413685,3621.1067606608135,3664.8864373101183,3577.3270840115074,3501.025361851289,3441.61008639866,3409.9914310408276,3376.8161649576873,3348.213442880141,3484.268550140064,3512.6558338776754,3549.2041811752865,3566.3128306831677,3577.0943890057642,3583.3585577493036,3541.6924017868414,3523.734479599741,3507.543875884734,3493.1519363700504,3480.2119053198153,3456.939464340388
2024-06-24,3445.988054063591,3481.011795383035,3517.130028618712,3551.059278021924,3591.9203095612756,3635.6999862105818,3584.623696786392,3514.7846887982137,3450.3660217285205,3415.828721260736,3382.94531968859,3348.2134428801414,3443.2384637771743,3475.8400150565453,3516.5384470061754,3536.4756573615527,3550.1888487609212,3560.714785207426,3532.693432472483,3516.983029478327,3502.405558886175,3489.197868589365,3477.152943441167,3455.1450024739584
2024-06-24,3402.2083774142848,3454.743989393452,3484.295271131733,3516.0355367024795,3551.7889392994125,3600.6762448911372,3589.0016644513225,3524.7914720323406,3459.1219570583826,3419.720248074007,3387.3232873535208,3348.2134428801414,3400.833582271077,3436.70291029269,3481.402947841466,3504.103483434903,3520.6872875307763,3535.42902465212,3521.45054655587,3508.1744556609183,3495.3822975144094,3483.5122525970005,3472.497090787199,3451.973976188418
2024-07-03,3358.4287007649796,3402.2083774142848,3451.4605136447535,3481.0117953830354,3515.305875424991,3568.5711486816463,3590.460987006299,3532.296559457936,3464.5944166395457,3421.6660114806423,3392.5768485514377,3348.2134428801414,3357.741303193375,3396.0182815670178,3444.346520346846,3469.6572181041342,3488.9890931592217,3507.831524585064,3508.108512850051,3497.4230427972934,3486.5660402754465,3476.1703730978124,3466.3069705255707,3447.47151874341
2024-07-04,3314.649024115674,3358.428700764979,3418.625756157774,3445.9880540635904,3478.82281155057,3536.4660524721558,3589.0016644513225,3537.2999510749996,3471.161368136941,3424.5846565905963,3397.830409749354,3348.2134428801414,3314.3053253298713,3354.3019702001343,3405.796037484518,3433.513968897267,3455.432209206475,3478.211252445227,3492.802760244652,3484.8367263900195,3476.044250382321,3467.2442415486194,3458.6427500134455,3441.6812836195727
2024-07-04,3270.8693474663683,3314.649024115673,3385.7909986707955,3410.964312744146,3442.339747676148,3495.6050209328037,3584.623696786392,3539.8016468835312,3477.728319634337,3427.50330170055,3400.457190348312,3348.2134428801414,3270.6974980734667,3311.897870405777,3366.083511558417,3395.982278337229,3420.302587915796,3446.821054741706,3475.6599802815813,3470.5174455248552,3463.900124549869,3456.802738473334,3449.5622371037834,3434.6454930358836
2024-07-04,3227.089670817062,3270.869347466368,3336.5388624403263,3375.9405714247014,3405.856683801727,3457.6626345034047,3577.3270840115074,3539.8016468835312,3484.2952711317325,3430.4219468105043,3401.3327838812984,3348.213442880141,3227.0037461206116,3269.035244993104,3325.4671743604927,3357.3145903064155,3383.842188877636,3413.8821721699624,3456.798690854883,3454.561476005016,3450.212801116595,3444.9117495904825,3439.1209726749194,3426.4049848762725
2024-07-04,3183.309994167757,3227.089670817062,3292.7591857910206,3340.916830105257,3369.3736199273058,3419.720248074007,3567.1118261266693,3537.2999510749996,3487.578746880431,3433.3405919204574,3400.457190348313,3348.213442880141,3183.2670318195314,3225.8669358348866,3284.147872840039,3317.717449799513,3346.2557471300693,3379.588190338523,3436.3297635428553,3437.0597449779852,3435.0575580142468,3431.634296022133,3427.372319531529,3416.999258077655
2024-07-04,3139.5303175184513,3183.3099941677565,3248.979509141715,3292.7591857910206,3332.8905560528838,3381.777861644609,3553.9779231318776,3532.296559457936,3488.6732387966636,3433.3405919204574,3397.830409749354,3348.213442880141,3139.5088363443383,3182.494837512973,3242.2818212909515,3277.35984817581,3307.716500013004,3344.1084966548506,3414.356916918745,3418.0981280830497,3418.506001080339,3417.0306588415683,3414.3675478192786,3406.4665165298347
2024-07-05,3095.7506408691456,3139.530317518451,3205.1998324924093,3248.979509141715,3296.407492178463,3343.8354752152104,3537.9253750271323,3524.7914720323406,3487.578746880431,3434.313473623775,3396.079222683382,3348.2134428801414,3095.739900282089,3138.9868797485956,3199.9905197195935,3236.3800510929063,3268.3710329679016,3307.591305100474,3390.9771780349442,3397.7577300906487,3400.626243184705,3401.158498205841,3400.155917089889,3394.843711536065
2024-07-05,3051.9709642198395,3095.750640869145,3161.4201558431037,3205.199832492409,3248.979509141715,3305.893088785813,3518.954181812433,3514.7846887982137,3484.295271131733,3435.2863553270936,3394.3280356174096,3348.213442880141,3051.965593926311,3095.388349022575,3157.368468130914,3194.8911849979295,3228.343379829845,3270.1663029092315,3366.2813141340143,3376.1151499506423,3381.4830746181597,3384.0729673086535,3384.7847551479535,3382.166582881457
2024-07-07,3008.1912875705343,3051.9709642198395,3117.640479193798,3161.4201558431037,3205.1998324924093,3267.9507023564142,3497.06434348778,3502.276209755555,3478.822811550569,3436.259237030412,3392.5768485514377,3346.0244590476755,3008.1886024237697,3051.7294363221263,3114.489166528762,3152.9858078930747,3187.7384923054424,3231.9469664107314,3340.3542365073827,3353.2427311156744,3361.1381251695293,3365.8268213787655,3368.2995338057294,3368.4696985548926
2024-07-09,3008.1912875705343,3034.4590935601177,3090.2781812879816,3130.7743821885897,3172.36507500543,3238.764251256877,3476.633827718105,3491.018578617162,3474.4448438856393,3437.2321187337293,3393.452442084423,3344.565136492699,3030.079783321805,3051.809945621364,3100.596232682335,3134.6194726797594,3166.8511802922726,3209.44996613687,3321.7488641017353,3336.505410732572,3346.056800245154,3352.1809145457687,3355.894491861185,3358.0926908717765
2024-07-10,3037.3777386700713,3034.4590935601173,3073.860802544493,3108.884543863937,3146.8269302933354,3206.6591550473863,3456.203311948428,3479.760947478769,3470.0668762207088,3438.205000437047,3393.452442084424,3345.2947977701874,3062.915212095475,3066.456844037291,3099.5194345016266,3127.552412350557,3155.9126357656373,3195.237550478404,3307.1683335706007,3323.130145740159,3333.846743690227,3341.0317722120026,3345.6927722144383,3349.4913121831655
2024-07-13,3095.7506408691456,3051.9709642198395,3068.3883429633293,3095.750640869145,3128.585398356124,3183.3099941677565,3435.7727961787527,3468.5033163403764,3465.6889085557777,3439.177882140365,3396.079222683382,3347.483781602653,3101.222764806963,3090.8146685310107,3108.410741838699,3129.7302132901737,3153.3922791122236,3188.2741463584102,3296.3529776962687,3312.9301552833977,3324.367893633067,3332.27083939924,3337.607970069498,3342.607345144978
2024-07-14,3139.5303175184513,3086.994705539284,3073.8608025444923,3091.3726732042146,3117.640479193798,3165.7981235080347,3415.342280409076,3457.245685201983,3461.310940890848,3440.1507638436833,3400.457190348312,3348.9431041576295,3142.2663794873597,3121.646443743259,3125.055020134045,3139.4719916315526,3157.9950045053824,3187.6536273345787,3289.059881984752,3305.7290352214177,3317.4870204884173,3325.794280910914,3331.557069053743,3337.3844811785116
2024-07-14,3183.309994167757,3139.5303175184513,3090.278181287982,3095.750640869145,3113.992172806356,3154.1235430682195,3394.9117646394,3445.9880540635904,3456.9329732259166,3441.123645547001,3406.5863450792153,3350.4024267126065,3184.678025152211,3156.794186101193,3147.7293869524938,3155.4024787561907,3168.6249531687176,3192.5831327698893,3285.061803844901,3301.360181643398,3313.0773936751807,3321.5027761242245,3327.460308338579,3333.768257887972
2024-07-15,3227.089670817062,3183.3099941677565,3117.640479193798,3108.884543863937,3117.640479193798,3148.286252848312,3374.481248869725,3434.7304229251977,3452.5550055609865,3442.0965272503186,3411.8399062771323,3351.861749267583,3227.7736863092896,3194.8192398895844,3175.093822622244,3176.3964548853137,3184.354859983741,3202.368909606949,3284.146161497899,3299.6662464113406,3311.0184645918243,3319.301322704318,3325.241054971042,3331.705998529887
2024-07-15,3270.8693474663683,3227.089670817062,3155.94769626194,3130.7743821885897,3128.5853983561246,3148.286252848312,3358.428700764979,3423.4727917868045,3448.177037896055,3443.069408953637,3417.0934674750483,3353.32107182256,3271.2113552124815,3234.7625012982808,3206.106089620784,3201.53328565447,3204.4001160040375,3216.403923920539,3286.1140881184,3300.49862295047,3311.1955650564023,3319.0990488526377,3324.825681212008,3331.146753467126
2024-07-15,3314.649024115674,3270.869347466368,3205.1998324924093,3161.4201558431037,3146.826930293335,3154.1235430682195,3345.2947977701874,3412.2151606484117,3443.7990702311245,3444.0422906569547,3422.3470286729653,3356.969378210002,3314.8200279887305,3275.9845677871804,3239.955558763939,3230.059724765472,3228.096821351875,3234.157021026094,3290.779546998824,3303.7169606068314,3313.4996204568206,3320.809033718392,3326.143446684674,3332.0412435424655
2024-07-15,3358.4287007649796,3314.649024115673,3248.979509141715,3200.8218648274787,3172.36507500543,3165.798123508034,3330.7015722204187,3400.957529510019,3439.421102566195,3445.015172360272,3427.6005898708822,3362.0770071524216,3358.5142027015077,3318.059170996215,3276.011740686238,3261.359479792529,3254.8832145922456,3255.1634405746177,3297.968503799822,3309.1887059850237,3317.82687689377,3324.3481356182133,3329.126385144659,3334.3418053087544
2024-07-15,3402.2083774142848,3358.428700764979,3292.759185791021,3248.979509141715,3205.1998324924093,3183.309994167757,3320.486314335581,3389.699898371626,3435.043134901264,3445.988054063591,3432.854151068799,3368.643958649817,3402.251128382549,3360.7021320186736,3313.7842547700943,3294.9283114781765,3284.283959126298,3279.016517260739,3307.518152203936,3316.7886697671665,3324.078641633761,3329.6368277245347,3333.709195690499,3338.0023380548146
2024-07-19,3445.988054063591,3402.2083774142848,3336.5388624403263,3292.7591857910206,3245.331202754273,3206.6591550473863,3313.1897015606964,3378.442267233233,3430.665167236333,3446.9609357669083,3438.107712266715,3376.67023270219,3446.0094295477224,3403.723998250081,3352.891693868495,3330.353660429944,3315.8968470626974,3305.360418942258,3319.276189527095,3326.398617597485,3332.161036222987,3336.5990408979414,3339.829138240397,3342.9782525681944
2024-07-21,3489.7677307128965,3445.9880540635904,3380.318539089632,3336.5388624403263,3292.759185791021,3235.8456061469233,3308.8117338957663,3370.937179807638,3426.2871995714027,3447.933817470226,3443.361273464632,3383.966845477074,3489.778418454962,3446.998467954121,3393.037407978208,3367.297978053991,3349.3815486472367,3333.883792494751,3333.100139064844,3337.906883695525,3341.9847616444117,3345.162013352909,3347.4259331079184,3349.2264215778337
2024-07-22,3489.7677307128965,3463.4999247233122,3407.680836995448,3367.1846360948402,3325.5939432779996,3262.113412136507,3302.9744436758583,3362.181244477777,3418.6257561577745,3445.9880540635904,3445.988054063591,3391.2634582519586,3467.883236259276,3446.661663323944,3404.8042182194044,3381.605264601191,3364.24408794206,3347.896825190856,3340.3832303550857,3343.9113931604174,3347.0580929819325,3349.5457542533736,3351.291114321866,3352.39893411835
2024-07-24,3460.581279613359,3463.4999247233122,3424.0982157389376,3389.0744744194926,3351.1320879900954,3288.3812181260896,3297.137153455951,3349.672765435118,3408.77532891168,3442.0965272503186,3446.8636475965764,3398.5600710268423,3435.0458068367807,3431.843901354058,3404.2273647071556,3385.351285112663,3370.084747860864,3354.6857692187846,3344.371949520195,3347.150114507854,3349.748350759121,3351.835433521239,3353.2878697372553,3354.032030619856
2024-07-24,3402.2083774142848,3445.9880540635904,3429.5706753201007,3402.2083774142848,3369.3736199273058,3314.6490241156735,3291.299863236044,3338.4151342967252,3396.7359178331217,3436.259237030412,3445.9880540635904,3405.856683801727,3396.73725380088,3407.372167824365,3394.049883831117,3380.4562697767205,3368.2915098461126,3355.153635662059,3345.2788366972777,3347.7767026332494,3350.1717824667235,3352.1220973144455,3353.489470954029,3354.1761837393683
2024-07-25,3358.4287007649796,3410.964312744146,3424.0982157389376,3406.5863450792153,3380.318539089632,3332.1608947753953,3285.4625730161365,3327.157503158332,3382.5075229220975,3428.476183403868,3443.361273464632,3410.964312744146,3355.693138958277,3376.464453254801,3376.4052483387964,3368.491316020167,3360.0388197337375,3350.0905592187605,3343.302719756529,3345.93627604894,3348.438964986184,3350.492833262325,3351.9663161760545,3352.8802112926896
2024-07-25,3314.649024115674,3358.428700764979,3407.680836995448,3402.2083774142848,3383.966845477074,3343.8354752152104,3275.247315131298,3315.8998720199393,3369.3736199273058,3418.7473663706887,3438.9833057997016,3414.6126191315875,3313.2812432123224,3341.2660846586564,3352.9528259227013,3350.7418671922037,3346.3204393849114,3340.187907749711,3338.629598963615,3341.765891127686,3344.6550812047294,3347.0309425755445,3348.786042893322,3350.1913305114986
2024-07-25,3270.8693474663683,3314.649024115673,3380.3185390896315,3389.0744744194935,3380.3185390896324,3349.672765435118,3266.4913798014372,3304.6422408815465,3356.2397169325136,3407.0727859308745,3432.854151068799,3416.8016029640535,3270.1854570146925,3303.207280044792,3324.983235899226,3328.259649669451,3327.9772442206267,3326.05062813313,3331.4334745670635,3335.394989999318,3338.9201831370383,3341.8161046730015,3344.0136361452332,3346.155210521517
2024-07-25,3227.089670817062,3270.869347466368,3342.0113220214894,3367.1846360948402,3369.3736199273058,3349.672765435118,3257.735444471576,3293.3846097431538,3339.822338189024,3393.4524420844236,3424.973809271924,3417.531264241542,3226.7477255912245,3263.24151808578,3293.5002932922334,3301.9051668509615,3305.720744212493,3308.2080488874585,3321.8771209929146,3326.9458235642314,3331.3294422117074,3334.9245346510343,3337.7115325382733,3340.816023100082
2024-07-26,3227.089670817062,3253.3574768066455,3309.1765645345104,3349.6727654351184,3362.0770071524216,3352.5914105450715,3253.3574768066455,3285.879522317558,3327.782927110465,3380.804979941291,3417.9690610080347,3418.990586796519,3248.808536528796,3265.7841278793094,3288.4711942198187,3296.262290599217,3300.358990866935,3303.540711209822,3318.5862968944275,3323.8304637810165,3328.380169297301,3332.139526512571,3335.090270378591,3338.522689472747
2024-07-29,3256.2761219166,3253.3574768066455,3292.7591857910206,3332.1608947753957,3354.7803943775375,3355.510055655025,3251.898154251669,3280.8761307004947,3317.9324998643715,3368.157517798158,3410.964312744146,3420.4499093514955,3281.728780322235,3282.072426624764,3294.2884897522313,3299.6053330567543,3302.5574575205874,3304.929250323053,3318.332279295798,3323.3203837996084,3327.710357337222,3331.3790698866187,3334.2886528780846,3337.7399463462857
2024-08-01,3270.8693474663683,3244.6015414767844,3270.869347466368,3301.5151211208818,3336.5388624403263,3349.672765435118,3248.9795091417154,3270.8693474663673,3306.987580702045,3355.510055655025,3401.3327838812984,3419.7202480740075,3254.4092255696487,3263.74484135553,3279.3554188777493,3286.4206671949923,3290.947028796968,3295.199302884804,3312.445659393944,3317.974233078356,3322.8020311655073,3326.844748187942,3330.0847712286327,3334.112068460082
2024-08-02,3241.682896366831,3235.8456061469233,3248.979509141715,3275.247315131298,3311.0007177282314,3337.9981849953033,3246.060864031761,3262.1134121365067,3296.042661539718,3342.862593511893,3389.950067952479,3417.531264241542,3218.8596098687026,3236.933225626272,3258.011991164418,3267.6732720991313,3274.3874850078587,3281.2131392951733,3304.114326153545,3310.4928864722115,3315.997541555861,3320.6041067088036,3324.328897618402,3329.1677381554155
2024-08-02,3183.309994167757,3227.089670817062,3227.089670817062,3248.979509141715,3278.1659602412515,3320.486314335581,3243.1422189218074,3253.3574768066455,3285.097742377392,3327.296486258806,3376.8161649576878,3413.8829578540995,3179.194963693577,3204.465589590332,3231.6827303542036,3244.374553084462,3253.640228471027,3263.502786573083,3293.4960030157968,3300.9949659747804,3307.3893842857437,3312.7313332657445,3317.0818944772277,3322.9501178066625
2024-08-02,3139.5303175184513,3192.0659294976176,3205.1998324924098,3222.711703152131,3248.979509141715,3297.137153455951,3240.223573811854,3244.6015414767844,3274.152823215066,3312.7032607090373,3361.9310748969233,3408.7753289116804,3137.472802281361,3168.2272733499362,3201.475599357524,3217.352023590768,3229.349522686122,3242.5337683600906,3280.738237716013,3289.5925034689117,3297.0655431434707,3303.297390118066,3308.402237472989,3315.500954628383
2024-08-02,3095.7506408691456,3139.530317518451,3183.3099941677565,3196.443897162548,3219.793058042178,3267.9507023564142,3237.3049287019003,3235.8456061469233,3263.2079040527397,3298.1100351592686,3345.294797770188,3402.208377414285,3094.7218832506005,3129.4751703065704,3168.2523471047057,3187.2827400687815,3202.060513691309,3218.713417842559,3265.979058780776,3276.3913068439633,3285.1097100252446,3292.3701542094473,3298.3461091101203,3306.8606270740047
2024-08-02,3051.9709642198395,3095.750640869145,3161.4201558431037,3170.176091172965,3190.606606942641,3232.9269610369693,3234.3862835919467,3227.089670817062,3248.979509141715,3283.516809609501,3329.534114176437,3394.182103361912,3051.456585410567,3089.0472093945586,3132.683222763779,3154.720657796373,3172.2344789034973,3192.398151558556,3249.3475896704376,3261.491305773217,3271.6014942957463,3280.0145513121033,3286.9674886575876,3297.0681897132354
2024-08-03,3008.1912875705343,3051.9709642198395,3123.112938774961,3143.908285183382,3161.4201558431037,3200.8218648274787,3231.4676384819927,3218.333735487201,3235.8456061469233,3268.923584059732,3313.773430582687,3384.6965067545625,3007.934098165898,3047.502009903448,3095.289531243213,3120.119012909983,3140.2617299831486,3163.89983397889,3230.9646232995206,3244.9868782814397,3256.616621936014,3266.2926843385876,3274.31823855028,3286.1614166380878
2024-08-03,2964.4116109212287,3008.191287570534,3073.8608025444923,3117.640479193798,3132.2337047435662,3168.7167686179882,3228.548993372039,3209.57780015734,3222.7117031521316,3254.330358509964,3295.385966389979,3373.751587592236,2964.2830162189102,3005.2119846929395,3056.4767319162593,3083.8486349757904,3106.47253064296,3133.491346515519,3210.9431594912885,3226.9671591697997,3240.22712497679,3251.26395607482,3260.4481874021094,3274.1768434457545
2024-08-04,2920.631934271923,2964.411610921228,3030.0811258951867,3078.238770209423,3103.047253644029,3136.6116724084973,3225.630348262085,3200.8218648274787,3209.57780015734,3239.737132960195,3277.8740957302566,3361.3473458749327,2920.5676369207636,2962.425409002832,3016.560182073228,3046.212930002486,3071.146334793676,3101.4114604039064,3189.3889077578256,3207.5163313060675,3222.5015216912207,3234.9851865768974,3245.4052097636977,3261.149807844996
2024-08-04,2876.852257622617,2920.6319342719225,2986.301449245881,3030.0811258951862,3073.8608025444923,3104.5065761990063,3218.3337354872006,3192.0659294976176,3196.443897162548,3225.1439074104264,3260.362225070535,3347.483781602653,2876.8201089470376,2919.3077996596585,2975.78515960658,3007.4601392699087,3034.5196034366973,3067.869100475082,3166.4007576426957,3186.7139007320256,3203.5049879976636,3217.510725463698,3229.23530275231,3247.11448893117
2024-08-04,2833.0725809733117,2876.852257622617,2942.5217725965754,2986.301449245881,3033.729432282629,3072.4014799895153,3208.1184776023633,3183.3099941677565,3183.3099941677565,3207.632036750704,3242.850354410812,3332.160894775396,2833.0565066355216,2875.9695012144407,2934.3424362104524,2967.793369279744,2996.792418957821,3033.047075956197,3142.071218718909,3164.6349564871357,3183.2995205013876,3198.8925593271892,3211.98265967669,3232.103945173558
2024-08-04,2789.292904324006,2833.0725809733112,2898.74209594727,2942.521772596575,2986.301449245881,3040.296383780025,3194.984574607571,3174.5540588378954,3170.1760911729643,3191.0930477942998,3225.33848375109,3315.3786853931615,2789.284867155111,2832.4840767011938,2892.3803898691745,2927.378798078827,2958.1340818373405,2997.10534492101,3116.486832199928,3141.350415997556,3161.944091583013,3179.1804144727334,3193.689740774652,3216.150151157202
2024-08-04,2745.5132276747004,2789.2929043240056,2854.9624192979636,2898.7420959472697,2942.5217725965754,3008.191287570534,3178.9320265028264,3165.7981235080347,3157.042188178173,3174.5540588378954,3207.826613091367,3297.137153455951,2745.5092090902526,2788.900568142594,2850.0144256816684,2886.3523895236576,2918.687846327811,2960.183870684058,3089.728555995119,3116.9272568324354,3139.4947969216655,3158.421855192414,3174.397341176642,3199.2840331200937
2024-08-05,2701.7335510253947,2745.5132276747,2811.1827426486584,2854.962419297964,2898.7420959472697,2967.3302560311818,3159.9608332881267,3157.042188178173,3143.9082851833814,3158.015069881491,3190.3147424316453,3277.436298963764,2701.7315417331706,2745.2516702204252,2807.3343031693175,2844.8253867695544,2878.5749275660073,2922.405121145562,3061.872124922924,3091.4287355848605,3116.004995821881,3136.6623777656177,3154.1446562040715,3181.5355033252085
2024-08-05,2657.953874376089,2701.7335510253943,2767.4030659993527,2811.1827426486584,2854.962419297964,2920.6319342719225,3138.070994963474,3144.533709135514,3130.7743821885897,3141.476080925087,3172.8028717719226,3256.2761219165995,2657.9528697299766,2701.5591793892113,2764.4098352931987,2802.888806943596,2837.8978922061265,2883.876255718215,3032.9883876844633,3064.914594592745,3091.525444695291,3113.9455003726252,3132.969344106923,3162.933493305588
2024-08-05,2614.1741977267834,2657.9538743760886,2723.623389350047,2767.4030659993527,2811.1827426486584,2876.852257622617,3113.2625115288674,3129.523534284324,3117.640479193798,3124.9370919686826,3152.664220513242,3235.8456061469233,2614.173695403727,2657.8376266186333,2721.2953210230385,2760.6171186043016,2796.7435274171035,2844.691038888123,3003.143622096916,3037.44125717523,3066.104424031007,3090.312849098924,3110.9075863410626,3143.5059860194206
2024-08-05,2570.3945210774777,2614.174197726783,2679.8437127007414,2723.6233893500475,2767.4030659993527,2833.0725809733112,3085.535382984307,3112.0116636246016,3104.5065761990063,3108.3981030122777,3133.401162787548,3215.415090377247,2570.3942699159493,2614.0966992218127,2678.0329928908463,2718.0712505722777,2755.1852684957294,2804.931514580629,2972.399829989255,3009.0620120226154,3039.787859172332,3065.8042402001956,3087.994145481733,3123.280046950855
2024-08-05,2526.614844428172,2570.3945210774773,2636.064036051436,2679.843712700741,2723.623389350047,2789.2929043240056,3054.8896093297935,3091.9980971563473,3091.3726732042146,3091.8591140558738,3114.1381050618534,3192.795590775106,2526.614718847408,2570.342855407497,2634.655698421517,2675.301053700748,2713.285253000827,2764.669471230409,2940.8150130724557,2979.8271873424073,3012.619435201919,3040.4577587905724,3064.2624208659345,3102.2818541911174
2024-08-05,2482.8351677788664,2526.6148444281716,2592.28435940213,2636.064036051436,2679.8437127007414,2745.5132276747,3021.325190565325,3069.482834879562,3078.238770209423,3075.3201250994694,3094.8750473361592,3170.9057524504533,2482.835104988484,2526.580400648185,2591.1889856899716,2632.347315051441,2671.096058866786,2723.9677237178025,2908.443431011624,2949.7843153305826,2984.6407062227795,3014.3098341096584,3039.7445020527434,3080.5367275333615
2024-08-07,2439.055491129561,2482.835167778866,2548.504682752825,2592.2843594021297,2636.064036051436,2701.7335510253947,2984.8421266909045,3044.465876794244,3061.821391465933,3058.7811361430645,3075.611989610464,3149.0159141258005,2439.0554597343694,2482.8122052588747,2547.6527254211455,2589.24340585668,2628.662175115012,2682.881235063109,2875.3358428483098,2918.9782875055644,2955.89119930851,2987.3953115170752,3014.4712201871553,3058.0691566135874
2024-08-07,2395.275814480255,2439.0554911295603,2504.7250061035184,2548.5046827528245,2592.28435940213,2657.9538743760886,2945.440417706529,3016.947222900395,3043.2150288899784,3042.2421471866605,3056.3489318847696,3127.126075801147,2395.275798782659,2439.0401827828996,2504.0623726233243,2546.0166298520016,2586.0212463020794,2641.4580979090892,2841.53973284719,2887.4515014125304,2926.408513382775,2959.747521356809,2988.472197349657,3034.902828128911
2024-08-08,2395.275814480255,2421.543620469838,2477.362708197703,2517.8589090983105,2559.4496019151507,2622.930133056644,2911.875998942061,2990.679416910811,3025.703158230256,3028.6218033402106,3039.712654758034,3107.42522130896,2417.1656449561096,2439.0452855651197,2489.6163989580436,2526.569150084285,2563.4111301216917,2616.1577720616483,2815.5730075750853,2862.5406119523655,2902.6351952240816,2937.1087374338854,2966.9264441645555,3015.3668498666375
2024-08-08,2424.462265579792,2421.543620469838,2460.945329454213,2495.9690707736577,2533.9114572030558,2593.743681957107,2881.2302252875475,2964.411610921228,3008.191287570534,3016.947222900395,3024.82756469727,3089.183689371749,2450.000406367488,2453.641912969702,2488.1094586960044,2518.6175169378453,2551.014828222795,2599.4924465263007,2794.1060501688776,2841.4458650538377,2882.1571451048026,2917.357712666276,2947.9424725415874,2997.9067947162184
2024-08-08,2482.8351677788664,2439.055491129561,2455.47286987305,2482.835167778866,2515.669925265845,2570.3945210774773,2853.503096742987,2938.143804931645,2990.6794169108116,3007.218405867216,3011.6936617024785,3072.4014799895153,2488.3076253978297,2477.9662234558587,2496.6662110809307,2520.071576481541,2547.2609845620836,2590.3827462640347,2776.848553024316,2823.9552527968563,2864.813618242528,2900.368892308097,2931.4198204587083,2982.454599624807
2024-08-08,2526.614844428172,2474.079232449005,2460.945329454213,2478.457200113936,2504.725006103519,2552.882650417755,2828.6946133083807,2911.8759989420614,2973.1675462510893,2996.5167071307196,3000.310945773659,3057.0785931622586,2529.3510732376535,2508.775655996398,2513.050279969052,2529.221202771711,2550.8199901798366,2587.884218115715,2763.528938060004,2809.868545479113,2850.451711063745,2886.0221805154615,2917.261965581013,2968.944433115059
2024-08-08,2570.3945210774777,2526.6148444281716,2477.362708197703,2482.835167778866,2501.0766997160767,2541.2080699779403,2806.804774983728,2885.608192952478,2955.655675591367,2985.8150083942223,2990.6794169108116,3041.026045057513,2571.7626354822182,2543.90850323986,2535.5222616929927,2544.6672018544514,2560.5667913409056,2591.1704655670987,2753.893148361086,2798.99663727065,2838.925978705844,2874.2027030029103,2905.3761707632,2957.3126221187217
2024-08-08,2614.1741977267834,2570.3945210774773,2504.725006103519,2495.9690707736577,2504.725006103519,2535.370779758033,2787.833581769029,2863.092930675692,2938.143804931645,2975.113309657725,2982.7990751139364,3027.162480785233,2614.858254929153,2581.923626951936,2562.729286733681,2565.2647786765674,2575.5494195001647,2599.5183916682226,2747.7035177814087,2791.160928220952,2830.0980711775633,2864.800580019136,2895.6733356107643,2947.4975812091275
2024-08-11,2614.1741977267834,2587.9063917371996,2526.6148444281716,2504.7250061035184,2504.725006103519,2526.6148444281716,2767.4030659993527,2839.3268204946407,2917.3484585232245,2961.492965811274,2974.0431397840753,3012.569255235465,2592.6263880033152,2578.08059166045,2564.4326721434136,2566.1974591130966,2574.7563582043667,2595.8779078443795,2736.2642276714773,2778.896127824092,2817.4296053190224,2852.00031658689,2882.9173036682823,2935.133546450713
2024-08-12,2628.7674232765517,2614.1741977267834,2564.9220614963137,2526.6148444281716,2515.669925265845,2526.6148444281716,2746.972550229677,2819.3132540263864,2897.6476040310367,2948.8455036681416,2967.913985053173,3000.1650135181612,2625.290131189702,2604.7050192323295,2585.215161528453,2582.880443706368,2587.5559760769393,2603.6374036608436,2731.2119468137103,2772.177113743647,2809.6503013705865,2843.563514751638,2874.095208401922,2926.0456883499055
2024-08-12,2643.3606488263204,2640.4420037163663,2597.756818983293,2557.2606180826856,2533.911457203056,2532.4521346480788,2726.5420344600007,2801.8013833666646,2877.94674953885,2936.198041525009,2960.909236789284,2989.2200943558346,2663.511841107548,2637.047863163351,2611.108136972218,2604.4900995825546,2605.12175683824,2615.8994220814125,2729.3101148273677,2768.263582481522,2804.3860696464303,2837.3969945896274,2867.335927720489,2918.691192044184
2024-08-15,2657.953874376089,2640.4420037163663,2614.174197726783,2583.5284240722694,2548.5046827528245,2535.370779758033,2706.111518690325,2783.0386648026765,2854.962419297964,2920.631934271922,2951.2777079264365,2977.54551391602,2638.8430194171656,2629.4233080178283,2611.789483806566,2606.250844699687,2606.514440051862,2615.6837690370844,2721.881991143459,2759.7030611062587,2795.107441747911,2827.6916555955904,2857.408016740344,2908.7070282960726
2024-08-15,2628.7674232765517,2622.930133056644,2619.646657307946,2596.6623270670607,2563.0979083025927,2538.289424867987,2685.6810029206486,2764.275946238688,2833.0725809733112,2903.1200636122003,2939.8949919976167,2965.8709334762048,2604.6187702473217,2609.747045704378,2602.590603200102,2599.731513132013,2600.957529440418,2610.022613042134,2712.1086059779113,2749.1859199935484,2784.145835861548,2816.50482366002,2846.1525855378786,2897.6148149446435
2024-08-23,2614.1741977267834,2640.4420037163663,2630.5915764702727,2614.1741977267825,2588.636053014688,2549.9640053078015,2669.6284548159033,2749.2657713874974,2814.4662183973564,2886.581074655796,2929.387869601784,2956.3853368688556,2631.286322311705,2625.815988594948,2614.893552350322,2610.317396994572,2609.7261978920596,2616.0140207088784,2708.6147523261807,2744.1174730148005,2777.990130423233,2809.611304125936,2838.772243923691,2889.7570791882977
2024-08-23,2643.3606488263204,2649.197939046227,2641.536495632599,2631.686068386505,2610.5258913393404,2567.4758759675237,2656.4945518211116,2733.0047486320414,2798.0488396538667,2870.042085699392,2918.8807472059502,2948.359062816483,2666.50993666855,2651.12184273843,2634.1913298336717,2626.9385159092667,2623.8811752971883,2626.728961998443,2708.170803855162,2741.762810682056,2774.270297281875,2804.920967034608,2833.3981775355223,2883.592373346891
2024-08-23,2701.7335510253947,2657.9538743760886,2652.4814147949255,2649.1979390462275,2632.4157296639937,2590.825036847153,2646.279293936274,2716.743725876585,2783.8204447428425,2853.503096742987,2908.3736248101172,2941.7921113190873,2706.011582171625,2682.5856377171867,2658.9295293539003,2648.497554412073,2642.5937987398825,2641.5769952079754,2710.5799924886805,2741.9711671816476,2772.8675133985985,2802.338021845047,2829.9517089135297,2879.0651882428842
2024-08-27,2701.7335510253947,2666.7098097059497,2663.426333957252,2653.5759067111585,2643.36064882632,2611.2555526168294,2634.604713496459,2700.482703121129,2768.4975579155857,2834.045462676629,2895.2397218153255,2934.4954985442027,2681.982728273857,2674.3750499368207,2658.712717136609,2650.216885314621,2644.956887299299,2643.6241051039897,2707.1847590620614,2737.303539803561,2767.261970031647,2796.0604502159617,2823.206695794415,2871.815636968563
2024-08-27,2672.5470999258573,2675.465745035811,2657.9538743760886,2649.1979390462275,2647.0089552137624,2622.930133056644,2622.930133056644,2684.221680365672,2753.1746710883285,2815.560710313589,2880.3546317545615,2927.1988857693186,2648.07846300032,2654.3080992001414,2648.8152683788703,2643.6636693895593,2640.2210889035273,2639.942866681839,2701.184077685592,2730.4630207992955,2759.7942738216534,2788.1523522816497,2815.0093429290173,2863.368376665554
2024-08-27,2614.1741977267834,2657.9538743760886,2641.5364956325993,2649.1979390462275,2643.36064882632,2628.767423276551,2611.255552616829,2667.9606576102155,2737.8517842610713,2797.075957950549,2863.7183546278247,2919.902272994434,2609.2364920388986,2626.336906492587,2631.388435645228,2630.34200606009,2629.478540007212,2631.2493234812937,2692.746041775391,2721.5703263703053,2750.555261492669,2778.6846204901635,2805.4166048171924,2853.7626764823385
2024-08-27,2570.3945210774777,2622.930133056644,2630.5915764702722,2636.064036051436,2632.4157296639937,2628.767423276551,2599.5809721770142,2651.699634854759,2719.2454216851165,2778.5912055875083,2845.3308904351165,2912.60566021955,2567.9256682335354,2593.0962191377816,2608.1054153747714,2611.4825221270144,2613.6533560719745,2618.1700135996534,2682.0279000110545,2710.739466262409,2739.631338709035,2767.7250650092074,2794.4832024489956,2843.0365180543326
2024-08-27,2526.614844428172,2570.3945210774773,2619.646657307946,2614.174197726783,2625.1191168891096,2622.930133056644,2587.9063917371996,2635.4386120993026,2698.4500752766967,2760.1064532244686,2825.1922391764365,2903.1200636122003,2525.3804180062007,2556.3425353514763,2580.2675825756814,2588.0920940637147,2593.527480949958,2601.2531578720555,2669.1767559960745,2698.0781163466568,2727.1046962246364,2755.338547738323,2782.2617108933036,2831.2266377174315
2024-09-01,2482.8351677788664,2526.6148444281716,2592.28435940213,2596.6623270670607,2606.8775849518984,2611.2555526168294,2576.231811297385,2619.1775893438466,2678.749220784509,2741.6217008614285,2803.3024008517837,2892.1751444498736,2482.2179545678805,2517.246853944171,2548.887117809877,2560.9945298938687,2569.762559439127,2580.978449529244,2654.33022277888,2683.6879705012625,2713.0535154882914,2741.587110494464,2768.8026434515887,2818.368567337501
2024-09-02,2482.8351677788664,2509.10297376845,2570.3945210774773,2592.28435940213,2592.28435940213,2602.4996172869683,2568.9351985225007,2606.6691103011876,2662.331842041019,2726.055593608342,2784.9149366590746,2881.9598865650355,2504.4163994980263,2520.369517438838,2543.9377237250537,2554.743677991015,2563.1244494374414,2574.18299889161,2646.090520949802,2674.961685719424,2703.958946168286,2732.240490230712,2759.3050827055727,2808.8028715044084
2024-09-03,2468.2419422290977,2482.835167778866,2532.0873040093347,2570.3945210774773,2577.691133852362,2593.743681957107,2560.179263192639,2592.909783354263,2644.8199713812965,2709.516604651937,2765.6518789333804,2869.555644847733,2471.7359453137933,2493.264842002412,2520.6305609260558,2533.709462198023,2544.036917390075,2557.292060421354,2632.733422251722,2661.855786019987,2691.036826410299,2719.4933163567493,2746.746275192788,2796.680006574086
2024-09-05,2453.648716679329,2456.5673617892826,2499.2525465223553,2539.7487474229633,2563.097908302593,2576.231811297385,2551.4233278627785,2579.1504564073384,2627.3081007215746,2690.0589705855796,2746.388821207686,2855.692080575452,2433.505879897024,2460.6018328283594,2492.7739506047665,2508.5397080675198,2521.150593865487,2537.0400296787166,2617.413576589047,2647.0457876011133,2676.609459974687,2705.3969032316845,2732.963119870728,2783.519213390681
2024-09-06,2395.275814480255,2430.299555799699,2466.4177890353767,2500.3470384385882,2537.5597635904983,2552.882650417755,2542.6673925329173,2565.391129460414,2609.7962300618524,2668.6555731125854,2727.1257634819917,2840.3691937481954,2392.5010088639865,2424.2332678292228,2461.378881099474,2479.9863316608707,2495.049908321712,2513.8470431977453,2600.2576127982015,2630.6263626138816,2660.750273528651,2690.0099134316524,2718.003630378972,2769.354522388723
2024-09-06,2351.4961378309495,2404.0317498101163,2433.5830315483972,2465.3232971191437,2504.725006103519,2532.4521346480788,2533.911457203056,2551.6318025134897,2592.28435940213,2648.2250573429096,2707.862705756297,2823.5869843659616,2350.108735022815,2385.3943322800296,2427.2316766732897,2448.664537028284,2466.2293779924707,2488.0807204457324,2581.383990113262,2612.686923645424,2643.5291119507483,2673.388458986,2701.913937469273,2754.218848250786
2024-09-06,2307.716461181644,2351.496137830949,2400.748274061418,2430.299555799699,2464.593635841655,2512.021618878403,2525.1555218731946,2537.8724755665644,2574.7724887424074,2627.7945415732333,2688.599648030602,2805.345452428751,2307.0227597775765,2344.908483030799,2390.9439228641895,2415.077672938112,2435.107440537066,2460.062728456558,2560.903525237073,2593.311915916919,2625.012413052289,2655.5862122706235,2684.7383628442954,2738.144026489525
2024-09-09,2307.716461181644,2333.9842671712263,2384.3308953179285,2408.409717475047,2439.0554911295603,2491.5911031087276,2520.7775542082645,2527.8656923324374,2560.544093831383,2610.282670913511,2671.9633709038662,2787.8335817690286,2329.259448804263,2347.104367964182,2382.1777484123586,2403.517393827719,2422.244163197663,2446.4919046283567,2547.393371210872,2579.877706023254,2611.6701557244187,2642.36490468629,2671.6700402947527,2725.467046533506
2024-09-13,2336.9029122811808,2333.9842671712267,2378.858435736765,2395.2758144802547,2420.8139591923496,2471.160587339051,2519.318231653288,2520.360604906842,2548.5046827528245,2594.716563660425,2654.451500244144,2770.3217111093063,2362.2676316422585,2363.161516802873,2385.0884297607804,2402.018924855453,2418.095186471908,2440.0898933598437,2537.579335292768,2569.6220453819765,2601.1143342003134,2631.6219007642885,2660.831051047125,2714.641104498973
2024-09-13,2395.275814480255,2351.496137830949,2367.9135165744383,2390.897846815324,2409.8690400300234,2450.7300715693755,2520.777554208264,2515.357213289779,2538.654255506731,2581.096219813974,2636.9396295844217,2752.809840449584,2400.6615613859094,2388.459508245102,2397.081110064954,2408.7528459961995,2421.3198487269315,2439.9605930810585,2531.222958249981,2562.3683479235087,2593.209024782228,2623.2494481714743,2652.133970266044,2705.605510618009
2024-09-15,2395.275814480255,2360.25207316081,2356.968597412112,2382.1419114854625,2395.2758144802547,2430.299555799699,2520.7775542082645,2509.1029737684494,2527.7093363444046,2566.502994264206,2619.4277589246994,2733.1089859573967,2376.078849608429,2376.1383847737175,2386.9511162351755,2398.3425354206993,2410.5777393583185,2428.9025361747945,2519.627679513269,2550.653225140589,2581.4181522480194,2611.4340868523213,2640.344251347021,2693.9953672479414
2024-09-16,2366.0893633807177,2369.0080084906717,2346.0236782497855,2360.25207316081,2380.682588930486,2409.8690400300234,2516.3995865433335,2502.84873424712,2516.764417182078,2551.9097687144367,2601.9158882649776,2714.137792742697,2341.897655395036,2353.331076909693,2369.3434151121687,2381.8650673772345,2394.752927331138,2413.7542768006506,2505.955988008003,2537.15673825398,2568.066850244781,2598.2289726927265,2627.300024281712,2681.330485081833
2024-09-19,2351.4961378309495,2377.7639438205324,2351.496137830949,2355.8741054958796,2377.034282543044,2398.1944595902087,2513.48094143338,2500.3470384385887,2509.1029737684494,2540.235188274622,2587.0307982042136,2697.3555833604637,2368.5867349376454,2367.3126560998803,2375.106170527299,2384.303385032329,2394.833371507925,2411.4444690106006,2498.815331651374,2529.2744647109953,2559.6380192318775,2589.404922335663,2618.201035662047,2671.951643422765
2024-09-19,2380.6825889304864,2386.5198791503935,2367.9135165744387,2360.25207316081,2369.73766976816,2392.3571693703007,2510.5622963234264,2500.3470384385882,2503.6305141872863,2530.506371241443,2573.896895209422,2682.032696533207,2403.821113033603,2391.226934443107,2389.3171306611353,2394.258313413644,2401.6367745266384,2414.89584677547,2494.959858069322,2524.262299512027,2553.755944690301,2582.867990544093,2611.175720190185,2664.3157040033157
2024-09-20,2439.055491129561,2395.2758144802547,2395.2758144802547,2373.3859761556023,2373.385976155602,2392.3571693703007,2507.643651213473,2502.84873424712,2500.3470384385882,2522.7233176149,2562.514179280602,2668.1691322609267,2443.3281404062345,2421.7630122216933,2410.098916687298,2410.363196025502,2414.128835026981,2423.3882619008946,2494.1776199860665,2521.960792193518,2550.29639459706,2578.518737380388,2606.1427573505257,2658.36552248776
2024-09-20,2482.8351677788664,2430.299555799699,2417.1656528049075,2395.2758144802547,2384.330895317928,2398.194459590208,2504.725006103519,2507.8521258641836,2499.2525465223557,2516.8860273949927,2552.882650417755,2655.7648905436236,2484.971492417203,2456.713622957186,2435.9913450741587,2431.499859371442,2431.4343749348564,2436.291584716804,2496.2703441436215,2522.219350650999,2549.141197027846,2576.2620463824655,2603.024015667296,2654.0458281251504
2024-09-21,2526.614844428172,2482.835167778866,2439.0554911295603,2425.921588134769,2402.5724272551392,2401.113104700162,2501.8063609935652,2511.604669576981,2500.3470384385882,2512.994500581721,2545.0023086208803,2644.819971381297,2527.68300674734,2494.6072556639497,2465.8587175193406,2456.753434227085,2452.812858956798,2453.0544517618882,2501.052549107096,2524.895749008025,2550.1779445424622,2576.0069365865966,2601.744427644166,2651.3031623203087
2024-09-21,2570.3945210774777,2526.6148444281716,2460.9453294542127,2452.189394124352,2428.1105719672337,2412.7876851399774,2503.265683548542,2515.357213289779,2503.6305141872863,2511.048737175085,2538.8731538899774,2635.3343747739473,2570.9286022370616,2534.4629030182273,2498.817713120995,2485.37539122703,2477.6376803060266,2473.1944200074995,2508.3507199857854,2529.855662825734,2553.299712990478,2577.6663827231264,2602.23186960819,2650.0858192188816
2024-09-27,2614.1741977267834,2570.3945210774773,2499.2525465223557,2478.4572001139354,2460.945329454213,2430.299555799699,2503.265683548542,2519.1097570025763,2509.1029737684494,2511.048737175085,2534.495186225047,2625.119116889109,2614.441238306575,2575.6265601375144,2534.181304511016,2516.753297254131,2505.378633239882,2496.289351803573,2518.002536398063,2536.9722301340867,2558.4047940336786,2581.157143229777,2604.417046265755,2650.3437882404296
2024-10-01,2614.1741977267834,2587.9063917371996,2532.0873040093347,2491.591103108727,2479.186861391424,2444.8927813494674,2498.8877158836112,2519.1097570025763,2513.48094143338,2510.0758554717677,2529.24162502713,2612.714875171806,2592.417879692026,2573.882547117502,2542.22868597023,2526.506247040194,2515.3810775225893,2505.552497962811,2521.3826644418964,2538.829024075386,2558.9896587675225,2580.6892031361986,2603.082829591705,2647.7225007924644
2024-10-01,2584.987746627246,2587.9063917371996,2548.504682752824,2509.1029737684494,2490.1317805537506,2459.486006899236,2495.9690707736577,2516.6080611940447,2517.8589090983105,2509.1029737684494,2523.9880638292134,2601.040294731991,2559.516362060099,2558.1266462210583,2538.7589434053284,2526.5259920198264,2517.1093493542176,2508.1852912709805,2521.720224441011,2538.150458539429,2557.4103995314567,2578.3381440619364,2600.084085075488,2643.7517579608484
2024-10-01,2526.614844428172,2570.3945210774773,2553.9771423339876,2526.6148444281716,2493.7800869411926,2474.079232449005,2493.050425663704,2511.604669576981,2518.953401014543,2508.1300920651315,2518.7345026312964,2589.365714292176,2521.1757649194824,2533.0294867403277,2526.33143771056,2518.582205794197,2511.8363983426248,2505.016525834466,2519.2115111079697,2535.0773868305087,2553.7725833484037,2574.185840745281,2595.4860883187575,2638.4758041843897
2024-10-02,2482.8351677788664,2535.3707797580328,2548.5046827528245,2530.992812093102,2501.0766997160767,2479.9165226689124,2485.7538128888195,2507.852125864183,2517.8589090983105,2507.1572103618137,2513.48094143338,2577.691133852362,2480.1156280245214,2501.7048215367386,2506.9367829147823,2504.1228031278993,2500.639335694461,2496.7713964963523,2514.0401549803305,2529.742837069345,2548.1766276304115,2568.310608153293,2589.3515550956517,2631.9374332645593
2024-10-02,2439.055491129561,2482.835167778866,2532.0873040093347,2526.6148444281716,2508.373312490961,2479.9165226689124,2475.538555003982,2500.3470384385882,2514.5754333496125,2506.184328658496,2508.227380235463,2566.016553412547,2437.695721252388,2466.228485851244,2482.123234373776,2484.3324415556003,2484.4295631999676,2484.0844487443396,2506.3779394641965,2522.2724469255068,2540.7180513791845,2560.787356254465,2581.740741738185,2624.178035927369
2024-10-03,2395.275814480255,2439.0554911295603,2504.725006103519,2513.48094143338,2504.725006103519,2474.079232449005,2462.4046520091897,2490.340255204461,2509.1029737684494,2505.211446955178,2502.9738190375465,2554.3419729727316,2394.5959295416687,2427.984369844479,2453.0949906975925,2460.1803863329365,2463.9782669893493,2467.5109098801654,2496.385565165277,2512.7848741980315,2531.487714132929,2551.6877380621386,2572.7115415849603,2615.237645825847
2024-10-06,2395.275814480255,2421.543620469838,2482.835167778866,2504.725006103519,2504.725006103519,2479.9165226689124,2455.1080392343056,2485.3368635873976,2504.725006103519,2507.1572103618137,2500.3470384385882,2544.8563763653824,2416.8257103356145,2431.674743606173,2449.9751019046967,2456.3394962959587,2460.143993780151,2463.95398253634,2492.68685071136,2508.688797360894,2526.978825205935,2546.790683847679,2567.4701278416114,2609.461181737444
2024-10-14,2424.462265579792,2421.543620469838,2460.945329454213,2495.9690707736577,2504.725006103519,2491.5911031087267,2450.7300715693755,2482.8351677788664,2500.3470384385882,2508.1300920651315,2499.4714449056023,2536.83010231301,2449.8304390572403,2448.7282183304037,2457.277338765623,2461.1568911110326,2463.6349436261075,2466.3141306916555,2492.0512582641027,2507.252484606337,2524.8254760631517,2544.010009235991,2564.151109799935,2605.3095091486375
2024-10-14,2482.8351677788664,2439.055491129561,2455.4728698730496,2487.2131354437965,2504.725006103519,2500.3470384385882,2449.270749014399,2479.082624066068,2499.2525465223553,2509.1029737684494,2500.3470384385882,2530.2631508156137,2488.222641742706,2474.6904270296595,2472.6856733573004,2473.0583371686944,2473.3241591341175,2473.8517199087196,2494.2811670488813,2508.3281712631056,2524.91276232486,2543.2536977226077,2562.679099393199,2602.7293562069826
2024-10-14,2526.614844428172,2474.079232449005,2460.9453294542127,2478.4572001139354,2504.725006103519,2509.10297376845,2450.7300715693755,2475.3300803532707,2497.06356268989,2510.0758554717677,2502.9738190375465,2525.155521873195,2529.3085814100914,2506.5917917122656,2494.3987506284507,2490.7558251521095,2488.2580609715574,2485.919570054814,2499.191706018468,2511.7763018083483,2527.1313847030365,2544.4337335206455,2562.9816649494455,2601.6691976781467
2024-10-14,2570.3945210774777,2526.6148444281716,2477.362708197703,2482.835167778866,2504.725006103519,2517.8589090983105,2455.1080392343056,2471.5775366404728,2494.874578857425,2511.048737175085,2507.351786702477,2521.5072154857526,2571.741389568437,2542.4525937171047,2521.0155166503027,2513.195529256596,2507.629774318515,2501.95139851381,2506.609931289972,2517.4650738038167,2531.3773755822435,2547.4659276165644,2564.9892152544394,2602.0791976797414
2024-10-20,2614.1741977267834,2570.3945210774773,2504.725006103519,2495.9690707736577,2504.725006103519,2526.6148444281716,2462.4046520091897,2471.5775366404728,2495.9690707736577,2512.0216188784034,2513.48094143338,2519.318231653287,2614.847631972263,2580.953020603433,2551.446262811589,2539.5152283692305,2530.7565589427572,2521.451707996595,2516.3740566503666,2525.270007168943,2537.5518389380404,2552.2697513887174,2568.6348881611707,2603.9111542927362
2024-10-20,2657.953874376089,2614.1741977267825,2543.0322231716614,2517.8589090983105,2515.669925265845,2535.370779758033,2468.2419422290973,2474.079232449005,2499.2525465223557,2512.994500581721,2518.7345026312964,2518.588570375799,2658.2905914988287,2621.2131974107533,2584.8434379702126,2569.0094688521694,2557.0607115708553,2543.9869383751948,2528.33273370682,2535.0735373831903,2545.5607029423013,2558.7681774598773,2573.854443567611,2607.1184459888887
2024-10-20,2701.7335510253947,2657.9538743760886,2592.28435940213,2548.5046827528245,2533.9114572030558,2544.1267150878934,2478.4572001139354,2479.0826240660685,2501.4415303548208,2516.8860273949927,2523.9880638292134,2519.318231653287,2701.9019095867643,2662.6465408320687,2620.547835682321,2601.1010613653566,2586.053406356062,2569.177724537633,2542.3443784789415,2546.7646312882744,2555.314484636565,2566.8875274692173,2580.586160591418,2611.655979814653
2024-10-22,2701.7335510253947,2675.465745035811,2619.6466573079465,2574.7724887424074,2548.5046827528245,2544.126715087894,2487.2131354437965,2482.8351677788664,2500.3470384385882,2516.8860273949927,2526.6148444281716,2519.318231653287,2679.9278919814265,2661.0823186800753,2628.8602887253805,2611.4379364582173,2597.1150168206814,2580.27474326744,2549.803055633596,2552.9418114598197,2560.3212841360537,2570.8469338564723,2583.6201885829737,2613.173943570766
2024-10-23,2672.5470999258573,2675.465745035811,2636.064036051436,2601.0402947319913,2563.097908302593,2547.0453601978475,2495.9690707736577,2486.5877114916634,2497.06356268989,2514.940263988357,2527.4904379611576,2519.318231653288,2647.0510448541045,2645.446278362311,2625.5967129479145,2611.9354385070474,2599.739506190851,2584.512175074858,2553.956032542834,2556.3436106968734,2562.9482555307236,2572.73072793779,2584.818385019986,2613.206738788996
2024-10-23,2614.1741977267834,2657.9538743760886,2641.5364956325993,2614.174197726783,2577.691133852362,2549.9640053078015,2504.7250061035184,2490.340255204461,2494.8745788574247,2513.9673822850386,2526.6148444281716,2519.318231653287,2608.722782965791,2620.4290259340332,2613.3295591989286,2604.382544428944,2595.2248930964856,2582.7474683251858,2555.0165801902303,2557.124216829129,2563.311487996419,2572.629153726472,2584.2527432967504,2611.8030595197665
2024-10-23,2570.3945210774777,2622.930133056644,2636.0640360514362,2618.5521653917135,2592.28435940213,2552.882650417755,2513.48094143338,2490.340255204461,2492.6855950249596,2512.994500581721,2523.9880638292134,2519.318231653287,2567.6688136969815,2589.157632098746,2594.059622583205,2590.242962610622,2584.6695009936684,2575.730890338059,2553.1842101410653,2555.4292516957426,2561.5214078223585,2570.6285315830673,2581.9924335371984,2609.010003287255
2024-10-25,2526.614844428172,2570.3945210774773,2619.646657307946,2614.174197726783,2595.932665789572,2555.8012955277086,2517.8589090983105,2491.5911031087276,2490.4966111924946,2509.1029737684494,2522.236876763241,2519.318231653287,2525.2519907379237,2553.716810658786,2569.34307707113,2570.714272641211,2569.0026804990835,2564.11892501816,2548.64556224673,2551.3962470336937,2557.6830546495053,2566.8114288089714,2578.1039133113813,2604.873123434521
2024-10-25,2482.8351677788664,2526.6148444281716,2592.28435940213,2601.0402947319913,2592.28435940213,2558.7199406376626,2519.318231653287,2492.841951012993,2488.3076273600295,2503.265683548542,2517.8589090983105,2519.318231653287,2482.153740933742,2515.4963708157106,2540.390280195226,2546.7763123663653,2549.0108052114642,2548.4859957820845,2541.5752350778807,2545.1550939279086,2551.896344233898,2561.25682282291,2572.651034010133,2599.436479752391
2024-10-28,2482.8351677788664,2509.10297376845,2570.3945210774773,2592.28435940213,2592.28435940213,2570.3945210774773,2522.2368767632415,2497.8453426300566,2489.402119276262,2498.401275031952,2514.356534966366,2521.5072154857526,2504.3842926809566,2519.202528686531,2537.329072246992,2543.1105909230573,2545.565272783265,2545.7521018628454,2540.6100485843513,2544.125080066812,2550.6631003409357,2559.7506498492257,2570.845693242213,2597.0488851515966
2024-10-29,2512.0216188784034,2509.1029737684494,2548.5046827528245,2583.5284240722694,2592.28435940213,2579.1504564073384,2529.533489538125,2505.3504300556515,2492.6855950249596,2496.455511625317,2513.48094143338,2525.155521873195,2537.389406879217,2536.2665261501797,2544.676949764878,2548.071305496588,2549.3851571362206,2548.832404264674,2542.531627454876,2545.5844934562933,2551.6256086695475,2560.2134268591494,2570.8280002161455,2596.1749715753963
2024-10-29,2570.3945210774777,2526.6148444281716,2543.032223171661,2574.7724887424074,2592.28435940213,2587.9063917371996,2539.7487474229633,2515.357213289779,2494.8745788574247,2496.4555116253164,2514.356534966366,2528.074166983148,2575.781802303,2562.2357500090475,2560.1207826453015,2560.0900131748053,2559.352701842461,2557.0001284474374,2547.1537287627407,2549.3950325824317,2554.6767593552663,2562.5595473316553,2572.5278510989156,2596.765110137737
2024-10-31,2570.3945210774777,2535.3707797580328,2532.0873040093347,2552.882650417755,2581.339440239804,2587.9063917371996,2544.1267150878934,2520.360604906842,2497.06356268989,2495.4826299219985,2511.729754367408,2528.8038282606367,2551.1983233655856,2550.362114815422,2552.6750185970504,2554.003618857236,2554.3161083941086,2553.201967945029,2545.828639450833,2548.1294665738615,2553.3078854563837,2560.9967341619385,2570.7273410333964,2594.465101425948
2024-11-03,2541.2080699779403,2544.1267150878944,2521.1423848470085,2535.3707797580328,2563.097908302593,2582.069101517292,2545.5860376428705,2522.862300715374,2499.2525465223557,2494.509748218681,2507.351786702477,2528.0741669831486,2517.016745572226,2527.8531324699034,2537.1550517485653,2541.0639004793507,2543.319040607148,2544.4061179242585,2541.764544504255,2544.502005529695,2549.8701919111386,2557.5984051887617,2567.280589141062,2590.805103601453
2024-11-04,2482.8351677788664,2526.6148444281716,2510.1974656846824,2517.8589090983105,2537.5597635904983,2570.3945210774773,2544.126715087894,2522.862300715374,2501.4415303548208,2493.536866515363,2501.2226319715746,2525.885183150683,2478.036118350893,2498.253918689789,2515.3551493887867,2522.5169169612072,2527.278494533673,2531.2372895749213,2535.1381539639524,2538.6438658407988,2544.464596751062,2552.4443654470574,2562.2521539249246,2585.8297064712274
2024-11-06,2482.8351677788664,2517.8589090983105,2515.6699252658454,2513.4809414333804,2526.6148444281716,2561.6385857476166,2544.126715087894,2527.865692332438,2506.9139899359843,2495.4826299219985,2498.595851372616,2524.4258605957066,2502.3254813895323,2507.7075606025833,2517.8573038419836,2523.2619946824734,2527.1763945174416,2530.6594839315776,2534.5882630261603,2537.9755868734305,2543.593877125555,2551.3213427940623,2560.8546123760325,2583.88823558457
2024-11-06,2512.0216188784034,2509.1029737684494,2532.0873040093347,2517.8589090983105,2522.9665380407296,2552.882650417755,2544.1267150878934,2535.3707797580328,2514.5754333496125,2496.455511625317,2497.72025783963,2522.9665380407296,2536.3600012335046,2528.6032140942148,2529.5322410054273,2531.8315449361103,2533.8253370651396,2535.6263635748146,2536.8983441907612,2539.7766387736556,2544.9012256110145,2552.15061141508,2561.2287264427555,2583.445818715485
2024-11-06,2570.3945210774777,2526.6148444281716,2543.032223171661,2530.992812093102,2526.6148444281716,2544.126715087894,2544.1267150878934,2541.625019279362,2521.1423848470085,2500.3470384385882,2498.595851372616,2523.6961993182176,2575.2670994801438,2557.126875305071,2548.3415647212846,2546.802936352596,2546.1867002438544,2545.444842843811,2541.883883128569,2543.9098364932734,2548.280394982515,2554.8472890808066,2563.305019434286,2584.4533065519213
2024-11-06,2614.1741977267834,2561.638585747616,2553.9771423339876,2552.882650417755,2537.5597635904983,2544.1267150878934,2544.126715087894,2547.879258800692,2527.7093363444046,2506.184328658496,2501.222631971574,2523.696199318218,2616.610486928116,2590.73587499541,2572.699855755686,2567.012197811413,2563.381650110352,2559.5084717853456,2549.372269660667,2550.2456163756515,2553.630320806592,2559.3301840936447,2567.0167392359253,2586.863161234681
2024-11-06,2657.953874376089,2614.1741977267834,2564.9220614963137,2570.3945210774773,2555.8012955277086,2549.9640053078015,2548.5046827528245,2554.133498322021,2534.2762878418002,2513.967382285039,2505.600599636505,2523.696199318218,2659.172018976755,2627.735100338738,2601.3740102600655,2591.506989304864,2584.6665579434357,2577.286606690352,2559.202029748714,2558.6616127450816,2560.8548686221434,2565.5216348298077,2572.2997514629633,2590.6294035229007
2024-11-07,2701.7335510253947,2657.9538743760886,2592.2843594021306,2587.9063917371996,2581.339440239804,2561.6385857476166,2555.8012955277086,2560.3877378433504,2544.126715087894,2523.6961993182176,2511.7297543674076,2525.885183150683,2702.342623325728,2666.994476117392,2633.404947463318,2619.508123553925,2609.412199440553,2598.3149343133955,2571.2221070342616,2569.0422580189493,2569.8625934539755,2573.3473562578465,2579.0924368046003,2595.7075616918123
2024-11-07,2745.5132276747004,2701.7335510253943,2630.5915764702727,2605.418262396922,2603.2292785644568,2579.1504564073384,2566.016553412547,2566.64197736468,2556.166126166453,2535.3707797580328,2516.9833155653246,2529.5334895381257,2745.8177638248667,2707.76061885293,2668.0467156545824,2650.37808369394,2637.086154038007,2622.187180564722,2585.291190730374,2581.278405035897,2580.566511057392,2582.7362931302882,2587.3355923935965,2602.054622105982
2024-11-07,2789.292904324006,2745.5132276747,2679.8437127007414,2636.064036051436,2625.1191168891096,2602.499617286968,2579.1504564073384,2572.896216886009,2567.1110453287793,2546.0724784945296,2524.8636573621993,2532.4521346480788,2789.4451723990887,2749.531272893057,2704.719130169856,2683.595265017462,2667.237912028054,2648.547855615796,2601.27708687508,2595.2669703657534,2592.883880321583,2593.6204795582457,2596.972337043781,2609.6289814131073
2024-11-07,2833.0725809733117,2789.292904324005,2723.623389350047,2675.465745035811,2647.008955213762,2631.6860683865048,2595.2030045120837,2579.1504564073384,2578.055964491106,2556.774177231027,2534.495186225047,2535.3707797580328,2833.148715010853,2791.9716011362434,2742.97093627047,2718.732900036581,2699.486272888756,2677.085905866649,2619.0561301491143,2610.910597435579,2606.735996287487,2605.9349046914795,2607.9480202037357,2618.390400305222
2024-11-08,2876.852257622617,2833.0725809733112,2767.4030659993527,2723.623389350047,2679.8437127007414,2657.953874376088,2614.174197726783,2589.1572396414654,2589.000883653432,2567.4758759675237,2545.877902153866,2538.2894248679863,2876.8903246413875,2834.858378848136,2782.451158048571,2755.4418153520974,2733.50868233232,2707.529159417308,2638.512633640908,2628.117338370931,2622.0479932623375,2619.617384238455,2620.21013448092,2628.299958795934
2024-11-09,2920.631934271923,2876.852257622617,2811.182742648658,2767.4030659993527,2719.975082962605,2684.221680365672,2631.6860683865057,2601.6657186841244,2599.9458028157587,2581.096219813974,2559.011805148658,2543.3970538104054,2920.650967781308,2878.042789539167,2822.8868142424953,2793.436323637394,2769.0322098075367,2739.6394658552986,2659.538374110606,2646.8003535126145,2638.748657538381,2634.6084375724886,2633.708231596226,2639.3200129639763
2024-11-09,2964.4116109212287,2920.6319342719225,2854.962419297964,2811.1827426486584,2767.4030659993527,2710.4894863552554,2649.1979390462275,2616.675893535315,2610.8907219780854,2596.6623270670607,2573.8968952094215,2549.9640053078015,2964.4211276759206,2921.4256222162894,2864.0655860931706,2832.4826807161467,2805.8259140787673,2773.2084435697034,2682.0321104628592,2666.877627626943,2656.7702492472663,2650.851170181099,2648.3938416344345,2651.4141531150112
2024-11-09,3008.1912875705343,2964.4116109212277,2898.7420959472697,2854.962419297964,2811.1827426486584,2745.5132276747,2666.7098097059497,2634.187764195037,2621.8356411404116,2611.2555526168294,2587.9063917371996,2557.990279360174,3008.19604594788,2964.940736217473,2905.8223367879864,2872.3896413531816,2843.69438333124,2808.0537586509704,2705.8991332858905,2688.2717018821045,2676.0483329044655,2668.2911612262615,2664.220395461313,2664.5471633151697
2024-11-09,3051.9709642198395,3008.191287570534,2942.521772596576,2898.7420959472697,2854.9624192979645,2786.374259214052,2684.221680365672,2654.201330663291,2632.780560302738,2625.848778166598,2601.915888264977,2567.4758759675237,3051.973343408513,3008.54403776803,2948.0286265838,2913.000732174266,2882.472269106302,2844.015868928242,2731.0508434525523,2710.9094207147177,2696.5216162198158,2686.8763559933436,2681.143150183189,2678.6849822513655
2024-11-10,3095.7506408691456,3051.9709642198395,2986.301449245881,2942.5217725965754,2898.7420959472697,2833.0725809733112,2701.7335510253947,2676.716592940077,2647.0089552137624,2640.4420037163663,2615.9253847927553,2578.42079512985,3095.751830463482,3052.2061310181707,2990.5845579026113,2954.1879295095723,2922.0196611697097,2880.9551750020187,2757.4043579084164,2734.72169275937,2718.1317967709692,2706.5569630161744,2699.11911752967,2693.7946653748763
2024-11-10,3139.5303175184513,3095.750640869145,3030.0811258951867,2986.301449245881,2942.5217725965754,2876.852257622617,2719.2454216851165,2697.981007312597,2663.4263339572517,2655.0352292661346,2632.5616619194916,2590.8250368471536,3139.5309123156194,3095.9074187346996,3033.412432628199,2995.8464867201515,2962.21817393864,2918.749527397736,2784.88214089289,2759.643265059836,2740.8234161561786,2727.2853556749387,2718.1069950448887,2709.844348286118
2024-11-11,3183.309994167757,3139.5303175184504,3073.8608025444923,3030.0811258951862,2986.301449245881,2920.6319342719225,2736.757292344839,2719.2454216851165,2682.032696533207,2669.6284548159038,2650.9491261122,2602.499617286968,3183.3102915663408,3139.634836095487,3076.451818892391,3037.890702010499,3002.967634996859,2957.292045325152,2813.411658952514,2785.6125098241264,2764.5437212615875,2749.0159780724225,2738.067099977131,2726.8032113199197
2024-11-11,3227.089670817062,3183.3099941677565,3117.640479193798,3073.8608025444923,3030.0811258951867,2964.411610921228,2754.269163004561,2740.509836057636,2702.8280429416272,2684.2216803656725,2668.460996771922,2616.363181559248,3227.0898195163545,3183.3796732191136,3119.655714131053,3080.250455729748,3044.183283069091,2996.489208092804,2842.9250582114723,2812.571223026473,2789.242532295967,2771.705255002594,2758.961305761023,2744.641445291935
2024-11-11,3270.8693474663683,3227.089670817062,3161.420155843103,3117.640479193798,3073.8608025444923,3008.191287570534,2776.159001329214,2761.7742504301564,2725.8123731825126,2698.8149059154407,2685.9728674316443,2631.6860683865057,3270.869421816014,3227.136123517967,3162.987560794302,3122.868377254462,3085.793397076258,3036.259185095663,2873.358862463356,2840.464434198095,2814.872117262782,2795.3115058335975,2780.7529809906173,2763.330218368123
2024-11-11,3314.649024115674,3270.869347466368,3205.1998324924093,3161.4201558431037,3117.640479193798,3051.970964219839,2800.9674847638207,2783.038664802676,2750.985687255863,2716.3267765751625,2703.4847380913666,2648.4682777687394,3314.6490612904963,3270.9003159336376,3206.418925232231,3165.697526983647,3127.737289951446,3076.5303745543274,2904.65369074088,2869.2402267851444,2841.387072555572,2819.794862134962,2803.4069307856907,2782.841644020479
2024-11-12,3314.649024115674,3288.38121812609,3232.5621303982252,3192.0659294976176,3150.475236680777,3086.994705539284,2824.31664564345,2800.5505354623983,2771.7810336642833,2732.865765531567,2718.36982815213,2664.5208258734847,3292.759204378432,3270.889993111214,3220.741241284262,3184.819676162324,3149.757606492203,3100.8227461683323,2928.280507303815,2891.552955711879,2862.3374274292696,2839.4067962798053,2821.7387902633645,2798.8425523301803
2024-11-13,3285.4625730161365,3288.38121812609,3248.9795091417145,3213.9557678222704,3176.013381392872,3116.1811566388214,2847.66580652308,2815.560710313589,2790.3873962402386,2749.404754487972,2731.5037311469223,2680.5733739782295,3259.924437597747,3256.2898856798297,3222.152003402662,3192.5051297359123,3161.654847157566,3116.6061117494237,2947.558517853057,2910.1938843288335,2880.13021978965,2856.262573433599,2837.6349032262547,2812.8834414608978
2024-11-14,3227.089670817062,3270.869347466368,3254.451968722878,3227.089670817062,3194.254913330082,3139.530317518451,2871.0149674027098,2828.0691893562475,2806.804774983728,2765.9437434443757,2742.8864470757417,2694.43693825051,3221.6172158827517,3231.9632551758054,3213.5204457949058,3190.8332869053384,3164.9864082360573,3124.9440970517153,2962.7682905185216,2925.367001542107,2894.919477076387,2870.4820265089966,2851.1907891455294,2825.028574336532
2024-11-14,3183.309994167757,3235.8456061469233,3248.979509141715,3231.4676384819927,3205.1998324924093,3157.042188178173,2894.364128282339,2841.828516303172,2821.033169894752,2782.48273240078,2752.5179759385883,2706.8411799678133,3180.5737667006015,3201.152275956687,3197.0781950668047,3181.5054742895404,3161.070086587195,3126.767374610057,2974.1722922604527,2937.264963540793,2906.8517131955123,2882.1797782920166,2862.4982216307417,2835.3401068998737
2024-11-14,3139.5303175184513,3183.3099941677565,3232.5621303982252,3227.089670817062,3208.848138879852,3168.7167686179882,2913.3353214970384,2855.587843250097,2833.0725809733112,2799.0217213571846,2763.025098334422,2717.78609913014,3138.1622037848733,3166.0183975941727,3174.5609608006584,3165.913686394923,3151.02094109211,3122.890282892443,2982.01605668682,2946.0697233923684,2916.0662950332508,2891.4654679692835,2871.6453753263654,2843.878157193948
2024-11-18,3139.5303175184513,3165.798123508034,3221.617211235899,3227.089670817062,3216.144751654736,3183.3099941677565,2933.7658372667142,2873.0997139098195,2846.206483968103,2815.560710313589,2776.1590013292134,2731.64966340242,3160.7360989763147,3171.782263118701,3176.505190437792,3169.076651444529,3155.988487719133,3130.442746801857,2995.0027623307515,2959.2497384354456,2929.102573039812,2904.1543604126955,2883.867517241714,2855.0070698816135
2024-11-20,3124.9370919686826,3139.530317518451,3194.254913330083,3213.9557678222704,3212.4964452672934,3189.1472843876636,2949.81838537146,2889.3607366652755,2856.0569112141966,2829.18105416004,2788.417310791019,2744.783566397212,3128.24336992273,3146.4383890355152,3158.559734978093,3155.744649521732,3146.7211266652885,3126.106233560268,3001.502625462261,2966.833121903984,2937.2317470802673,2912.484633476019,2892.17665934475,2862.9003017172704
2024-11-21,3154.1235430682195,3139.5303175184513,3172.3650750054303,3205.199832492409,3212.4964452672934,3197.903219717525,2971.708223696113,2909.37430313353,2867.0018303765232,2843.7742797098085,2803.3024008517837,2757.9174693920036,3155.7766820452434,3158.728924079596,3164.059792575796,3160.7565303664637,3152.35018320413,3133.256703636204,3013.2321331206804,2978.859614807527,2949.235564011364,2924.259649158268,2903.5936528672205,2873.405537535319
2024-11-21,3168.716768617988,3157.042188178173,3166.892615424267,3196.443897162548,3212.4964452672934,3206.6591550473863,2996.516707130719,2931.8895654103153,2881.2302252875475,2858.367505259577,2819.9386779785195,2771.0513723867944,3191.433176431153,3181.5158396587517,3178.0664321849667,3172.8171013574815,3163.848565913812,3144.985824533811,3027.029393617221,2992.650173474724,2962.789422879935,2937.4261718390853,2916.2797712181946,2885.0017386265235
2024-11-21,3227.089670817062,3192.0659294976176,3172.3650750054303,3187.687961832687,3212.4964452672934,3215.415090377247,3024.2438356752796,2953.153979782835,2897.6476040310367,2872.960730809345,2838.3261421712277,2784.1852753815865,3231.1512619487603,3211.3003422612906,3198.6893022475006,3190.6447824681877,3180.313301537282,3160.7212649003804,3042.7610035429725,3008.106794252037,2977.8177118841513,2951.923701214185,2930.1852447965543,2897.6531356376663
2024-11-21,3270.8693474663683,3218.333735487201,3188.7824537489196,3192.0659294976176,3212.496445267294,3224.1710257071086,3050.5116416648625,2974.4183941553556,2916.2539666069924,2887.5539563591137,2855.8380128309504,2797.319178376378,3272.900143032217,3245.7499028794177,3224.458129329317,3213.1910082222757,3200.980335780112,3179.9622348022917,3060.302166160566,3025.1369181333503,2994.248507602762,2967.694367427293,2945.262255750245,2911.3251319812075
2024-11-21,3314.649024115674,3270.869347466368,3216.1447516547355,3205.1998324924093,3212.496445267294,3232.9269610369693,3076.779447654446,2995.6828085278753,2937.0493130154123,2902.1471819088824,2873.3498834906727,2810.4530813711694,3315.664421898598,3283.309502174605,3254.2293674261314,3239.5978614118585,3225.2031611623993,3202.2705430476276,3079.5361361350438,3043.6531282795518,3012.0133950740897,2984.682816702845,2961.4648614370976,2925.984265383954
2024-11-25,3358.4287007649796,3314.649024115673,3254.451968722878,3227.089670817062,3223.4413644296196,3241.682896366831,3103.0472536440298,3020.699766613193,2960.033643256297,2916.7404074586507,2890.8617541503945,2823.5869843659616,3358.9363996564416,3322.9424605878316,3287.1135918679433,3269.163409775936,3252.4347328934587,3227.26277234346,3100.3537000885435,3063.5728643425928,3031.0472966516604,3002.836101951168,2978.748920887183,2941.598170696424
2024-11-27,3402.2083774142848,3358.428700764979,3287.286726209857,3257.7354444715756,3241.6828963668304,3250.438831696692,3129.3150596336127,3048.2184205070416,2985.206957329648,2934.2522781183734,2908.3736248101172,2836.7208873607533,3402.462226860016,3363.9576584130846,3322.4190279114205,3301.3133451009644,3282.212166919633,3254.603432558476,3122.6526906675786,3084.818152660426,3051.2883092083403,3022.1035781299693,2997.072024149003,2958.135543921577
2024-11-27,3445.988054063591,3402.2083774142848,3336.5388624403263,3297.137153455951,3267.221041078926,3259.194767026553,3155.5828656231965,3078.238770209423,3009.2857794867664,2953.7099121847314,2925.885495469839,2852.0437741880105,3446.114978786456,3405.8943491796886,3359.607628533971,3335.577778848589,3314.1437921185966,3283.998969827778,3146.3375319608253,3107.315351441119,3072.6775492817333,3042.4368021553137,3016.3934244064103,2975.566107422932
2024-11-27,3489.7677307128965,3445.9880540635904,3380.318539089632,3332.1608947753957,3300.055798565905,3276.7066376862754,3181.85067161278,3107.008272007538,3033.3646016438847,2975.113309657725,2943.3973661295618,2868.8259835702443,3489.831193074329,3448.4453685738595,3398.260912718022,3371.5722567601547,3347.8981944637667,3315.192524519581,3171.3188142447852,3130.9949101034017,3095.1590057734634,3063.789437164309,3036.673972757618,2993.8605762734
2024-11-27,3533.547407362202,3489.7677307128956,3424.0982157389376,3380.3185390896315,3340.1871688277683,3300.0557985659048,3208.118477602363,3135.7777738056534,3057.4434238010026,2998.462470537355,2960.909236789284,2887.067515507455,3533.5791385429184,3491.4059403864085,3438.053395227686,3408.98222535131,3383.1949467018803,3347.959344456072,3197.512896165219,3155.7911419871853,3118.6793998338558,3086.117160940274,3057.8760555518875,3012.9906257074363
2024-11-27,3577.3270840115074,3533.5474073622013,3467.8778923882433,3424.098215738937,3376.67023270219,3329.242249665442,3234.386283591946,3164.5472756037684,3084.805721706819,3023.757394823621,2978.421107449006,2906.7683699996423,3577.3429496018657,3534.639547144543,3478.7319208794925,3447.5503226803103,3419.7967642340236,3382.102771481664,3224.84153258429,3181.6420096912757,3143.1880515815124,3109.377578319428,3079.9635341836097,3032.928859640334
2024-11-30,3621.1067606608135,3577.3270840115074,3511.6575690375485,3467.8778923882433,3424.0982157389376,3364.2659909848867,3260.6540895815297,3193.3167774018834,3114.3570034451,3050.9980825165217,2998.5597587076863,2927.9285470468067,3621.114693455992,3578.0551771997348,3520.0995911974096,3487.06597988573,3457.5028677841924,3417.4507297102205,3253.231526437569,3208.4889223367672,3168.636753324371,3133.5301374059795,3102.9016872473944,3053.6487802196716
2024-12-01,3664.886437310119,3621.106760660813,3555.4372456868546,3511.657569037549,3467.8778923882433,3405.1270225242383,3286.921895571113,3222.086279199999,3146.0972690158465,3077.265888506105,3020.4495970323396,2950.548046648948,3664.890403707708,3621.5921561196315,3562.003262922302,3527.356913353675,3496.143367195767,3453.852652741371,3282.6144030518817,3236.2765440935814,3194.9796489651053,3158.5360494300426,3126.6571549615915,3075.1247583750733
2024-12-03,3664.886437310119,3638.6186313205353,3582.7995435926705,3542.303342692063,3500.7126498752223,3434.3134736237757,3308.811733895766,3247.103237285316,3173.4595669216624,3100.615049385734,3041.463841824006,2970.248901141136,3642.9985821842606,3621.4303576333587,3575.1373735308603,3544.402340136791,3515.3685046519277,3474.759416231301,3304.4526196718125,3257.6560005695387,3215.7663373405057,3178.6478194835545,3146.0473355772474,3093.0258076303435
2024-12-04,3679.4796628598874,3664.8864373101183,3615.6343010796495,3577.3270840115074,3537.1957137496443,3475.174505163128,3332.1608947753953,3273.3710432748994,3201.9163567437113,3124.9370919686826,3065.1048672146308,2990.6794169108116,3675.8323480718427,3650.508943075381,3604.8104269594305,3574.268480831815,3545.106598391543,3503.9977534473164,3330.530909625852,3282.712117980088,3239.810228882892,3201.692093156418,3168.110817082431,3113.2107357067066
2024-12-04,3694.0728884096557,3691.154243299702,3648.469058566629,3612.350825330952,3573.6787776240653,3513.1168915925255,3355.510055655025,3299.6388492644833,3230.37314656576,3152.1777796615834,3090.497079671228,3011.109932680488,3714.1390693402864,3684.4878922531643,3637.618285548164,3606.6643553367085,3577.004935655725,3535.053758092493,3357.751224527973,3308.808433126124,3264.816841650006,3225.6379060891272,3191.0259140834623,3134.1692620969375
2024-12-04,3752.44579060873,3717.4220492892855,3681.303816053608,3647.3745666503964,3610.1618414984864,3551.059278021924,3378.859216534655,3325.906655254066,3258.8299363878086,3181.364230761121,3117.6404791937985,3031.5404484501632,3755.182268299161,3721.733750588121,3672.8643259281353,3641.1300120496767,3610.73117128685,3567.7002217381855,3386.0398853492675,3335.8871572445637,3290.739213630886,3250.4460609225575,3214.7592298942295,3155.8760229218915
2024-12-04,3796.225467258036,3743.6898552788684,3714.1385735405875,3682.398307969841,3646.6449053729084,3589.0016644513225,3402.2083774142843,3352.1744612436496,3287.2867262098575,3212.496445267294,3143.9082851833814,3051.97096421984,3797.593706103251,3761.1575483611946,3710.006729923515,3677.289126932888,3646.004090151541,3601.7383370093303,3415.327966546563,3363.8937120591627,3317.5326736443712,3276.0790645305915,3239.278677502587,3178.3064859050214
2024-12-06,3840.005143907342,3796.2254672580357,3746.973331027567,3717.4220492892855,3683.1279692473295,3626.9440508807206,3425.5575382939146,3378.442267233233,3315.743516031906,3242.6557780701487,3170.1760911729652,3072.4014799895153,3840.689263329949,3802.0333057596786,3748.6240833975453,3714.8337985008448,3682.585740983096,3636.994147452745,3445.5509893859235,3392.776551420134,3345.1547295913115,3302.5010539230284,3264.553428210589,3201.436923106714
2024-12-06,3883.7848205566474,3840.005143907341,3779.8080885145464,3752.44579060873,3719.611033121751,3664.8864373101187,3448.9066991735444,3404.7100732228164,3344.200305853955,3272.8151108730035,3196.4438971625477,3092.831995759191,3884.1268802679506,3843.8770362417695,3788.3886197994143,3753.512107356319,3720.274780401997,3673.315441171896,3476.648635051732,3422.4869928526796,3373.564962157879,3329.677725370112,3290.553862288839,3225.2443845525904
2024-12-06,3927.5644972059526,3883.7848205566465,3812.6428460015254,3787.4695319281745,3756.094096996172,3702.828823739517,3472.2558600531734,3430.9778792124,3372.6570956760033,3302.9744436758588,3225.33848375109,3113.2625115288674,3927.7355270616044,3886.3660821129324,3829.0454095896025,3793.1179376288537,3758.900840933268,3710.5690327573166,3508.5644762648626,3452.979058463934,3402.7249237040933,3357.576266608597,3317.2515215659537,3249.7066727264487
2024-12-09,3927.5644972059526,3901.2966912163693,3845.4776034885044,3809.359370252828,3781.632241708267,3732.015274839054,3491.227053267873,3453.4931414891857,3397.830409749354,3330.2151313687605,3253.357476806645,3133.6930272985433,3905.7601738091257,3885.5056615941708,3841.2097231378348,3809.602825433907,3778.113760875326,3732.2210062322333,3532.7722404127194,3476.912711913529,3426.1912601359245,3380.4548993889466,3339.4685136832354,3270.496120196291
2024-12-09,3898.378046106416,3901.2966912163693,3861.894982231994,3822.49327324762,3799.8737736454773,3755.364435718684,3507.2796013726183,3473.506707957439,3420.81473999024,3355.510055655025,3281.376469862201,3154.1235430682195,3872.8826588582333,3870.3388223652278,3840.942038864392,3815.130519701804,3787.6355121110205,3745.6940234416215,3552.593718057534,3497.0845136909634,3446.3773032467257,3400.43534480279,3359.0974011430044,3289.168547203211
2024-12-09,3840.005143907342,3883.7848205566465,3867.3674418131577,3840.005143907341,3810.8186928078044,3772.876306378406,3524.7914720323406,3491.018578617162,3441.61008639866,3378.8592165346554,3306.7686823187983,3174.5540588378954,3834.5540630581345,3845.6343706628304,3831.005022951869,3811.6932374393004,3788.9570436720996,3752.010453918673,3568.3118954253086,3513.7034555558007,3463.4430673448383,3417.6436109964966,3376.239678245555,3305.793364254189
2024-12-09,3796.225467258036,3848.7610792372025,3861.8949822319937,3844.3831115722724,3814.466999195247,3784.550886818221,3542.3033426920633,3506.0287534683525,3460.2164489746147,3400.262614007649,3330.4097077094234,3194.9845746075716,3793.4999268334323,3814.571510644797,3813.547415764505,3800.9209743791967,3783.3399278161965,3752.0648710049304,3580.1915015661743,3526.9669186142964,3477.540761162589,3432.200227501376,3390.9928591225425,3320.4377061018786
2024-12-10,3752.44579060873,3796.2254672580357,3845.4776034885044,3840.005143907342,3821.763611970131,3790.388177038128,3559.815213351785,3518.537232511011,3476.6338277181044,3419.720248074007,3352.2995460340767,3215.415090377247,3751.0830203964283,3779.269711749673,3790.240459807821,3784.1473633937835,3771.8516487613088,3746.6400263742426,3588.4801862367062,3537.0613183556925,3488.8151686160936,3444.2204834343347,3403.450633822028,3333.166506359503
2024-12-10,3708.666113959425,3752.44579060873,3818.1153055826885,3826.8712409125496,3818.1153055826885,3790.388177038128,3577.327084011507,3528.544015745138,3490.862222629129,3437.2321187337293,3372.438197292757,3235.8456061469237,3707.9847288532737,3741.141953603155,3762.3840103638872,3762.463558651299,3755.395462384203,3736.420827741227,3593.4096217898295,3544.1627138531603,3497.4040109914126,3453.814655341978,3413.7030182725416,3344.042569669359
2024-12-11,3708.666113959425,3734.933919949008,3796.2254672580357,3818.1153055826885,3818.115305582689,3793.3068221480817,3599.21692233616,3539.8016468835312,3506.1851094563863,3455.7168710967694,3393.452442084424,3256.276121916599,3730.215259731002,3744.9098992716804,3760.1755170849638,3760.6421462799226,3754.9416667264377,3738.4239480996653,3603.670019778146,3555.7339958951366,3509.84507341177,3466.79861774488,3426.987048560235,3357.432839208355
2024-12-11,3737.8525650589618,3734.9339199490073,3774.335628933383,3809.359370252827,3818.1153055826885,3804.9814025878964,3619.6474381058365,3554.8118217347214,3521.5079962836426,3474.2016234598095,3414.46668687609,3276.7066376862754,3763.220363494519,3762.0150886004653,3768.1866171234246,3767.111841003216,3761.2930206543756,3745.6491379944614,3616.092951873623,3569.0946331930754,3523.814848721344,3481.1215242454523,3441.466986548384,3371.8194827509674
2024-12-12,3796.225467258036,3752.44579060873,3768.8631693522193,3800.603434922966,3818.1153055826885,3813.737337917758,3644.4559215404424,3572.3236923944437,3536.8308831109,3492.68637582285,3435.480931667757,3297.137153455951,3801.61275370093,3788.0117737027576,3784.146289742073,3780.3651688039668,3773.4025780779084,3757.443638733572,3630.538899746766,3584.145217121646,3539.2387655596854,3496.7251598829257,3457.0959338957937,3387.1698322970783
2024-12-13,3840.005143907342,3787.4695319281745,3774.335628933383,3791.847499593105,3818.1153055826885,3822.4932732476186,3667.8050824200723,3592.3372588626976,3552.1537699381565,3511.1711281858898,3456.495176459424,3319.756653058093,3842.6987871287884,3819.9361226540545,3806.2881854786456,3799.168741849909,3790.3844615361763,3773.2362864614565,3646.8773462506297,3600.791861756924,3556.045890193683,3513.553840781783,3473.8288314119054,3403.4522909285392
2024-12-15,3883.7848205566474,3840.005143907342,3790.7530076768726,3796.2254672580357,3818.1153055826885,3831.24920857748,3691.154243299702,3614.852521139484,3567.4766567654137,3529.65588054893,3477.5094212510903,3343.8354752152104,3885.1316421673705,3855.8122475046875,3833.2384769736027,3822.513424641917,3811.48908240845,3792.5273128045187,3664.98619469936,3618.945897059648,3574.1687490723307,3531.554304104573,3491.6223869332403,3420.636297691733
2024-12-16,3927.5644972059526,3883.784820556647,3818.115305582688,3809.359370252827,3818.1153055826885,3840.0051439073413,3714.5034041793315,3639.869479224801,3582.7995435926705,3548.14063291197,3498.523666042757,3369.3736199273053,3928.237908011314,3894.322889621544,3863.9286318361933,3849.5735608625246,3836.082173400267,3814.879420435861,3684.751225612644,3638.5235791038485,3593.543160037352,3550.6756027893857,3510.435006028222,3438.692293631521
2024-12-18,3927.5644972059526,3901.2966912163693,3840.0051439073413,3818.1153055826885,3818.1153055826885,3840.0051439073413,3733.4745973940308,3659.8830456930555,3598.1224304199277,3563.706740165057,3516.911130235466,3391.993119529447,3906.0113642839806,3890.8101999332453,3868.341118218517,3855.79378989782,3843.421042193557,3823.4925954509595,3697.5921027058052,3652.149203629004,3607.7012898187804,3565.1586122575272,3525.0761752254148,3453.285491235623
2024-12-18,3898.378046106416,3901.2966912163693,3861.894982231994,3826.8712409125496,3818.115305582689,3834.1678536874338,3749.5271454987765,3681.1474600655756,3613.445317247184,3577.3270840115074,3533.5474073622013,3413.153296576611,3873.008254095661,3873.8751812579444,3862.0442350382555,3852.9231269904594,3842.8955193802926,3825.556664008007,3706.7800408478397,3662.5856447555784,3619.033185140174,3577.108461459693,3537.4263308600002,3465.9648241101054
2024-12-18,3840.005143907342,3883.7848205566465,3867.3674418131573,3835.6271762424103,3818.1153055826885,3822.4932732476186,3762.6610484935677,3698.6593307252974,3628.7682040744417,3589.001664451322,3548.4324974229658,3432.854151068799,3834.6168606768483,3847.991943257975,3847.417842198207,3842.614461584564,3835.715511361484,3821.8902644142604,3712.5507135194653,3670.010079339048,3627.6767110971427,3586.6352877987515,3547.5753166010995,3476.7930419182344
2024-12-18,3796.225467258036,3848.7610792372025,3861.894982231994,3844.3831115722724,3818.1153055826885,3813.737337917758,3772.8763063784063,3713.669505576488,3644.091090901699,3598.7304814845015,3561.566400417757,3451.0956830060095,3793.531325642789,3816.143225708227,3826.3129418449907,3826.220157770776,3822.9047850918296,3813.2097051885694,3715.1245894607086,3674.589841076253,3633.763007658684,3593.8444400948374,3555.609452836693,3485.8308369572674
2024-12-18,3752.44579060873,3796.2254672580357,3845.477603488505,3840.005143907341,3818.1153055826885,3804.9814025878964,3780.17291915329,3726.177984619147,3659.4139777289556,3606.5135351110443,3572.9491163465764,3467.8778923882433,3751.0987198011067,3780.3175217919597,3800.1692023148653,3804.8466952596214,3805.329604917614,3800.1417562849265,3714.707913621916,3676.4829673475406,3637.4168177221345,3598.836686784602,3561.611674841506,3493.136911613076
2024-12-18,3708.666113959425,3752.44579060873,3818.1153055826885,3826.8712409125496,3818.1153055826885,3796.225467258036,3784.550886818221,3736.184767853273,3671.4533888075143,3615.269470440906,3582.580645209424,3483.2007792155,3707.9925785556125,3741.840493631346,3770.1063656471442,3779.3993756324394,3783.7229637472296,3783.2348414130756,3711.4936248276063,3675.838715678795,3638.756799165451,3601.7084150683204,3565.6616655265498,3498.768043603143
2024-12-18,3664.886437310119,3708.6661139594244,3779.8080885145464,3804.9814025878973,3807.1703864203614,3787.4695319281745,3786.010209373198,3743.6898552788693,3684.5872918023065,3624.0254057707666,3590.460987006299,3497.06434348778,3664.5496696082128,3701.5959159745016,3736.9953423168486,3750.618900183052,3758.705086349319,3762.9688313190427,3705.6622142362003,3672.798051511129,3637.8958216774195,3602.5518213984287,3567.835982982795,3502.7791490804434
2024-12-19,3621.1067606608135,3664.8864373101183,3730.5559522840776,3774.3356289333833,3788.928854483152,3778.7135965983134,3784.550886818221,3748.693246895933,3694.4377190484,3632.7813411006277,3596.590141737202,3509.4685852050834,3620.93837680986,3660.1729719868367,3701.513507137884,3719.1112972427713,3730.800778297348,3739.763612905601,3697.3825284152526,3667.4941088722617,3634.9412491083503,3601.455093685954,3568.2081830231373,3505.2233436683473
2024-12-19,3577.3270840115074,3621.106760660813,3686.7762756347715,3734.9339199490073,3763.390709771056,3769.9576612684527,3780.17291915329,3751.194942704464,3702.099162462029,3641.537276430489,3600.9681094021325,3520.41350436741,3577.242892086031,3617.9644504452917,3664.187707187733,3685.3724081735772,3700.454105845787,3713.986587212676,3686.8125206053787,3660.0526254550355,3629.9952080475628,3598.5025855849217,3566.848936918787,3506.1520014943753
2024-12-19,3533.547407362202,3577.3270840115074,3642.996598985466,3686.7762756347715,3730.555952284077,3752.4457906087296,3772.876306378406,3751.194942704464,3707.571622043192,3650.29321176035,3603.594890001091,3529.89910097476,3533.5053113994636,3575.2322105344933,3625.4277124155474,3649.807921362544,3668.040817363804,3685.9592301502034,3674.099953515541,3650.5923535249167,3623.15484329953,3593.774983199181,3563.826144518556,3505.614812288425
2024-12-19,3489.7677307128965,3533.5474073622017,3599.21692233616,3642.996598985466,3690.4245820222136,3729.0966297291006,3767.0390161584987,3748.693246895932,3710.8550977918894,3656.1305019802576,3607.0972641330354,3537.9253750271323,3489.746682731527,3532.1508250441925,3585.55223278178,3612.749763671825,3633.8788537791556,3655.962833139377,3659.3830567767054,3639.2254479992876,3614.512560897777,3587.349464541112,3559.2050429320866,3503.6598366089224
2024-12-21,3445.988054063591,3489.7677307128965,3555.4372456868546,3599.2169223361598,3642.996598985466,3699.9101786295632,3756.823758273661,3743.689855278869,3711.9495897081224,3662.9406739034825,3610.5996382649796,3544.4923265245284,3445.977530072906,3488.8366758342236,3544.8091538112258,3574.4695116249995,3598.237242030714,3624.2435261737405,3642.79114197913,3626.0578329667874,3604.156259264436,3579.299852057337,3553.048310950996,3500.3335592582785
2024-12-21,3402.2083774142848,3445.9880540635904,3511.657569037549,3555.437245686854,3599.21692233616,3664.8864373101187,3743.689855278869,3736.1847678532736,3710.8550977918903,3666.832200716755,3614.1020123969247,3549.599955466947,3402.2031154189426,3445.3673508111424,3503.391275356505,3535.189364195905,3561.343620297524,3591.016672997646,3624.4451780298295,3611.1895478444644,3592.169549093731,3569.6967585228867,3545.416169375074,3495.680940947023
2024-12-22,3358.4287007649796,3402.2083774142848,3467.8778923882433,3511.657569037549,3555.4372456868546,3624.0254057707666,3727.6373071741236,3726.1779846191466,3707.571622043192,3668.77796412339,3617.604386528869,3553.248261854389,3358.426069767308,3401.794575245986,3461.448552858543,3495.0911205449543,3523.3906055003163,3556.470716887399,3604.4583293902065,3594.715074303976,3578.6319625094357,3558.6077265921385,3536.3664774041167,3489.7454682640277
2024-12-23,3358.4287007649796,3384.696506754563,3440.515594482427,3481.0117953830354,3522.602488199875,3586.0830193413685,3713.0440816243554,3717.4220492892855,3705.3826382107263,3671.696609233344,3623.733541259771,3557.62622951932,3380.3172235907964,3401.9325093020852,3448.2840694264855,3478.2033490666504,3504.747185794773,3537.1879244532593,3591.4099453917597,3584.0202578101043,3570.0259339682084,3551.8077548887536,3531.1053754437307,3486.875399711577
2024-12-24,3387.6151518645165,3384.696506754562,3424.098215738938,3459.1219570583826,3497.06434348778,3556.8965682418316,3698.450856074586,3712.418657672222,3703.1936543782613,3674.6152543432977,3628.9871024576883,3562.00419718425,3413.152638827193,3416.6176908892535,3447.773843790287,3472.3460227024575,3495.707319374591,3525.7879406545503,3582.0278878867166,3576.3518020464094,3563.9753056801783,3547.206898331138,3527.7674412719607,3485.534831001807
2024-12-24,3445.988054063591,3402.2083774142848,3418.6257561577745,3445.9880540635904,3478.82281155057,3533.5474073622017,3683.857630524818,3706.1644181508927,3701.0046705457958,3677.5338994532513,3636.8674442545635,3566.382164849181,3451.4601847700446,3441.001037497134,3457.1058186619784,3475.5136059770825,3494.793536503561,3521.2854144118432,3576.0756196819543,3571.5415758612144,3560.3554239744567,3544.7095432173014,3526.2772565441537,3485.673614598892
2024-12-26,3445.988054063591,3410.964312744146,3407.680836995448,3428.476183403868,3456.932973225917,3507.2796013726183,3664.8864373101187,3696.157634916766,3695.532210964632,3677.5338994532513,3641.245411919494,3568.571148681646,3426.834281092165,3428.0701508028505,3444.9063872736024,3462.1853826020283,3480.5496658744414,3506.400784787148,3564.85837824533,3562.134175947496,3552.640933898351,3538.513840356301,3521.4118103037667,3482.9370494452983
2024-12-26,3416.8016029640535,3419.7202480740075,3396.7359178331217,3410.964312744146,3435.043134901264,3481.011795383035,3647.3745666503964,3683.6491558741072,3687.870767551004,3675.588136046616,3643.8721925184514,3569.3008099591343,3392.631490928572,3404.8563341235604,3425.6891236050196,3443.3205313589287,3461.7618250883706,3487.9042742843767,3551.5403345369205,3550.8172051040224,3543.1671664284304,3530.6840516784177,3515.02031581205,3478.85480850496
2025-01-02,3402.2083774142848,3428.476183403868,3402.2083774142848,3406.5863450792153,3424.0982157389376,3463.4999247233127,3634.2406636556047,3672.391524735714,3681.303816053608,3674.6152543432977,3647.3745666503964,3570.760132514112,3419.309772496081,3418.5669074369034,3430.1999970402576,3443.805535487049,3459.3350910845584,3482.664746756778,3544.730509990254,3544.993363379554,3538.426721922828,3527.001616999512,3512.3131682925027,3477.777209998686
2025-01-03,3431.3948285138226,3437.2321187337293,3418.625756157774,3410.964312744146,3420.4499093514955,3451.825344283498,3624.0254057707666,3661.133893597321,3678.0203403049104,3673.64237263998,3650.8769407823406,3574.408438901554,3454.5387516044884,3442.3005151955676,3443.437271189733,3452.1622982553845,3464.0170356427643,3483.552619751293,3541.184524230425,3541.925272675851,3536.053112595514,3525.382752378355,3511.429033485459,3478.170341825381
2025-01-03,3489.7677307128965,3445.9880540635904,3445.9880540635904,3424.098215738937,3424.0982157389376,3445.9880540635904,3616.7287929958825,3649.876262458928,3673.64237263998,3672.6694909366615,3654.3793149142853,3579.516067843973,3494.043079483345,3472.716145917779,3463.4617458947264,3466.9595908202605,3474.7140159072933,3489.8019682026566,3540.69180701312,3541.4598357139816,3535.9308830719374,3525.7377373776526,3512.296420696312,3479.985983318392
2025-01-03,3533.547407362202,3481.011795383035,3467.8778923882433,3445.9880540635904,3435.043134901264,3445.9880540635904,3612.3508253309515,3638.6186313205353,3669.2644049750497,3671.6966092333437,3657.8816890462303,3586.0830193413685,3535.685081747426,3507.586458615688,3488.7651543651223,3487.0264077641236,3490.5006417694804,3500.742607678763,3543.0553732710805,3543.4524606194,3537.9502099470383,3527.980752448689,3514.846642787104,3483.177494816527
2025-01-04,3577.3270840115074,3533.5474073622013,3489.767730712896,3476.6338277181044,3453.284666838475,3451.8253442834975,3610.891502775975,3631.11354389494,3664.8864373101183,3670.7237275300263,3661.384063178174,3594.109293393741,3578.3959212041195,3545.4265592973966,3518.1744002086098,3511.40465374534,3510.5938908296853,3515.788126801519,3548.0909466510634,3547.7665883994787,3542.006627055027,3532.029709327477,3519.0137062331314,3487.699765827815
2025-01-06,3621.1067606608135,3577.3270840115074,3511.657569037549,3502.901633707688,3478.8228115505694,3463.4999247233127,3607.9728576660214,3626.1101522778763,3660.5084696451877,3669.7508458267084,3664.8864373101187,3603.594890001091,3621.641179257119,3585.2465186349705,3550.7770751200565,3539.3104325753,3534.3312056728287,3534.425415615094,3555.6261395968086,3554.273246672292,3548.0007641406414,3537.8060888049836,3524.7342054910528,3493.509164892809
2025-01-07,3621.1067606608135,3594.838954671229,3533.5474073622017,3516.0355367024795,3500.7126498752223,3472.2558600531734,3600.6762448911372,3619.855912756547,3652.8470262315595,3668.777964123391,3665.7620308431046,3610.1618414984864,3599.484131634313,3582.6067070938166,3556.6770770959347,3546.2225510182466,3540.945956186472,3539.7881241646455,3557.026200526789,3555.554015413359,3549.4313163294637,3539.5243929443973,3526.796671315384,3496.2572933885044
2025-01-07,3591.920309561276,3594.838954671229,3555.4372456868546,3520.4135043674096,3511.657569037549,3481.011795383035,3590.4609870062995,3613.6016732352173,3642.996598985466,3664.8864373101187,3664.8864373101183,3617.458454273371,3566.515769498257,3566.2536071832783,3551.537150488439,3543.9179794444203,3539.807717905815,3539.00803456434,3555.511439677461,3554.3314260771836,3548.656491501793,3539.264524006041,3527.0614060623184,3497.4799200761663
2025-01-07,3533.547407362202,3577.3270840115074,3560.9097052680177,3529.1694396972716,3515.305875424991,3489.767730712896,3577.3270840115074,3607.347433713888,3630.9571879069067,3659.0491470902116,3662.259656711161,3622.5660832157896,3528.1417501055766,3540.758315026484,3537.8106127605406,3534.072479675053,3532.109258337673,3532.85299658291,3551.269910066844,3550.7445541125007,3545.783869024285,3537.112489515034,3525.5989089897917,3497.227061408518
2025-01-07,3489.7677307128965,3542.303342692063,3555.437245686855,3537.9253750271323,3511.657569037549,3498.523666042757,3561.274535906762,3601.093194192559,3620.012268744581,3651.266093463668,3657.8816890462294,3626.2143896032326,3487.0649020845835,3509.1682280388527,3517.405599716774,3518.057129563878,3518.8598422955065,3521.9948787679946,3544.4775322601827,3544.924748554228,3540.9157804896176,3533.1505575388846,3522.4769146789604,3495.5470939545858
2025-01-07,3445.988054063591,3489.7677307128965,3539.019866943365,3533.5474073622017,3511.657569037549,3498.5236660427568,3542.3033426920633,3591.086410958432,3609.0673495822534,3641.537276430489,3651.752534315327,3628.403373435697,3444.636639749434,3473.51494449733,3491.8062169828877,3496.9937200821337,3500.9134630830113,3507.0215660987806,3535.2988771088344,3536.9960612686755,3534.149565705455,3527.4574192725977,3517.7605014528945,3492.486808166379
2025-01-08,3402.2083774142848,3445.9880540635904,3511.657569037549,3520.4135043674105,3511.6575690375485,3492.6863758228496,3524.7914720323406,3578.577931915773,3598.1224304199277,3629.862695990674,3646.49897311741,3629.1330347131857,3401.5326702572065,3435.152863253213,3462.1667689344645,3471.800080206287,3478.992730418699,3488.4474579320554,3523.887897989876,3527.0756523518035,3525.5778161961634,3520.108344554875,3511.5121955435648,3488.091460382727
2025-01-09,3358.4287007649796,3402.2083774142848,3473.3503519694063,3498.523666042757,3500.7126498752227,3481.011795383035,3507.2796013726183,3563.567757064583,3587.177511257601,3616.2423521442233,3638.6186313205353,3628.4033734356976,3358.09084718644,3394.984916874033,3429.3850478636227,3443.227160917085,3453.7090832951567,3466.722653705008,3510.3886158044434,3515.2741730053517,3515.2886068263833,3511.175330622736,3503.7920711738434,3482.4048231280694
2025-01-09,3314.649024115674,3358.428700764979,3424.0982157389376,3467.8778923882433,3482.471117938012,3472.2558600531743,3489.767730712896,3546.0558864048603,3576.2325920952753,3600.676244891137,3628.9871024576883,3626.2143896032317,3314.4800973264037,3353.6130604048108,3394.1593366642333,3411.8893766533183,3425.5798931676504,3442.2409904251776,3494.935759782632,3501.6961271420746,3503.365716125895,3500.7272443985466,3494.6578467147274,3475.4692337621123
2025-01-09,3270.8693474663683,3314.649024115673,3380.318539089632,3428.476183403868,3456.932973225917,3463.4999247233127,3472.2558600531734,3526.0423199366064,3565.287672932948,3586.0830193413685,3617.6043865288684,3622.56608321579,3270.784884071733,3311.4385972088944,3357.0327442537514,3378.2894301376355,3395.042935882944,3415.347075474163,3477.6553669461437,3486.440212901796,3489.8888358669274,3488.829958590656,3484.1649770716817,3467.325641534406
2025-01-13,3227.089670817062,3270.869347466368,3336.5388624403263,3380.3185390896315,3424.0982157389376,3445.988054063591,3454.7439893934516,3503.527057659821,3551.059278021924,3571.4897937916,3604.470483534077,3617.458454273371,3227.047439119745,3268.7290628618484,3318.427688679086,3342.8386235976573,3362.468637157531,3386.342440310862,3458.6653428959253,3469.5996451943493,3474.9337704181867,3475.546481876617,3472.3667424479977,3458.013653096155
2025-01-13,3183.309994167757,3227.089670817062,3292.7591857910206,3336.5388624403263,3383.966845477074,3422.638893183961,3437.2321187337293,3482.2626432873008,3534.6418992784347,3556.896568241831,3589.5853934733127,3610.891502775975,3183.288878319098,3225.662814414049,3278.672717310056,3305.873477037801,3328.170434136134,3355.490924961811,3438.0759864199595,3451.262460323466,3458.5726263742968,3460.937083426262,3459.314333627231,3447.571576519837
2025-01-15,3183.309994167757,3209.5778001573403,3265.3968878852047,3305.8930887858123,3347.4837816026525,3402.208377414285,3424.0982157389376,3464.7507726275785,3519.319012451177,3545.2219878020164,3575.5758969455346,3605.054212556068,3205.18927456808,3226.1384332150533,3267.209818089391,3291.5491486340306,3312.619547471662,3339.4407681937173,3424.463966058482,3438.808416461999,3447.2807748837,3450.769804617166,3450.2074841052636,3440.342661578762
2025-01-15,3212.496445267294,3209.57780015734,3248.9795091417145,3284.00325046116,3321.945636890558,3381.777861644609,3413.8829578540995,3449.740597776388,3503.9961256239208,3535.4931707688374,3561.566400417758,3599.21692233616,3238.029311017224,3241.0487379654915,3268.023046839831,3287.789184785365,3306.1964397785396,3330.8693406027983,3414.554635826733,3429.478468184464,3438.6753393999284,3442.9480456106094,3443.1746160017774,3434.786159476717
2025-01-15,3270.8693474663683,3227.089670817062,3243.507049560552,3270.869347466368,3303.7041049533473,3361.347345874933,3406.5863450792153,3437.2321187337293,3488.6732387966636,3527.710117142294,3550.1836844889385,3593.3796321162527,3276.339167566449,3265.582166682219,3278.3843751233517,3292.6727919363298,3307.4968373688675,3328.8418010419077,3408.1091124905356,3423.0990546250864,3432.625275239721,3437.3698272847428,3438.134396712126,3430.847237005863
2025-01-15,3314.649024115674,3262.1134121365067,3248.979509141715,3266.4913798014372,3292.7591857910206,3340.916830105257,3402.208377414285,3427.2253354996024,3473.350351969406,3518.9541818124335,3540.552155626091,3587.5423418963455,3317.383934165714,3296.531011376472,3296.172003043713,3304.628411723357,3315.3325086605773,3332.5401635072917,3404.9039246372736,3419.5062571884137,3429.0059301433926,3433.9376043925795,3435.008683145572,3428.472858768457
2025-01-15,3358.4287007649796,3314.649024115674,3265.3968878852047,3270.869347466368,3289.1108794035786,3329.242249665442,3400.7490548593078,3419.7202480740066,3461.310940890847,3510.1982464825724,3532.6718138292154,3583.894035508903,3359.7961557899994,3331.7568000557426,3319.7356417927294,3322.3702236671625,3328.6980269303785,3341.248690245666,3404.730018364822,3418.545263867629,3427.6987324492893,3432.5580727848273,3433.7223966463057,3427.611728232255
2025-01-15,3402.2083774142848,3358.428700764979,3292.7591857910206,3284.00325046116,3292.7591857910206,3323.4049594455346,3402.2083774142843,3414.7168564569433,3451.4605136447535,3501.442311152711,3526.5426590983134,3579.5160678439725,3402.8921049267947,3369.833884725025,3347.791733408477,3344.846192830149,3346.742646489334,3354.3411107229063,3407.3918271195816,3420.0698633229604,3428.5908944792554,3433.141985014339,3434.2034028195326,3428.214230718528
2025-01-16,3402.2083774142848,3375.9405714247014,3314.6490241156735,3292.7591857910206,3292.759185791021,3314.6490241156735,3402.208377414285,3408.4626169356143,3440.515594482427,3489.7677307128965,3519.537910834424,3572.949116346577,3380.660402845887,3366.0321567383435,3350.1555039321447,3347.315739727391,3348.5405009932797,3354.8520594781653,3404.2329157418653,3416.645354291961,3425.1683484444134,3429.8935813513235,3431.2318458762165,3425.926180556117
2025-01-16,3373.0219263147483,3375.9405714247014,3336.5388624403263,3301.5151211208818,3292.7591857910206,3305.8930887858123,3402.208377414285,3402.2083774142848,3429.5706753201002,3476.1473868664457,3512.5331625705353,3564.922842294204,3347.65471348078,3348.90444586412,3342.2651750840405,3341.3763368888963,3343.326427627494,3349.8266800578535,3398.453309830498,3410.9788915043896,3419.777161891792,3424.882948428034,3426.659970513058,3422.2777491974134
2025-01-17,3358.4287007649796,3384.696506754562,3358.428700764979,3323.404959445534,3303.704104953347,3305.8930887858123,3402.2083774142843,3399.706681605753,3421.909231906472,3463.4999247233127,3505.528414306646,3557.62622951932,3374.9315454475327,3366.6724230475083,3355.585886712984,3352.4367078935124,3352.385189133154,3356.3743922274075,3398.695572255258,3410.4916407216065,3418.9201480148404,3423.8970975143925,3425.701084509184,3421.6197370078025
2025-01-17,3387.6151518645165,3393.452442084423,3380.3185390896324,3354.050733100049,3321.9456368905576,3311.7303790057194,3402.208377414285,3399.706681605753,3416.436772325309,3453.771107690134,3498.5236660427577,3550.3296167444355,3410.4597997555616,3393.1109667195356,3375.6752572353416,3369.4460435607994,3366.7856298916827,3367.57609995693,3401.7467001138602,3412.46366368505,3420.240533675755,3424.857573886097,3426.4966519426903,3422.4186982227466
2025-01-18,3402.2083774142848,3375.9405714247014,3385.790998670795,3367.1846360948402,3336.538862440326,3314.6490241156735,3397.830409749354,3398.4558337014873,3409.869820827913,3443.069408953637,3488.8921371799097,3540.844020137086,3384.4442502602706,3381.55021140135,3371.8426891308172,3367.4428903251955,3365.499948487575,3366.432675057936,3398.9519904784484,3409.4617213006018,3417.225322314254,3421.9693620112657,3423.8273205239566,3420.320665519213
2025-01-18,3373.0219263147483,3367.1846360948402,3380.318539089632,3371.562603759771,3351.1320879900954,3317.567669225627,3394.9117646394006,3397.2049857972215,3403.302869330517,3432.36771021714,3477.5094212510903,3529.8991009747597,3349.546637187972,3359.2498156394577,3359.132985794119,3357.844005559828,3357.6767293534363,3359.9597186901533,3393.5130894227855,3404.1943492347723,3412.2216004509087,3417.303260363631,3419.545818704024,3416.856021538769
2025-01-19,3314.649024115674,3358.428700764979,3363.901160346142,3367.1846360948402,3354.7803943775375,3320.486314335581,3391.9931195294466,3395.9541378929553,3396.7359178331217,3421.666011480643,3464.375518256299,3519.6838430899215,3310.20799232717,3329.7896595817606,3339.5188439435083,3342.0304313610172,3344.321747524656,3348.8234222871797,3385.600589941726,3396.7874046920833,3405.3263685980046,3410.936568498533,3413.7153688515673,3412.0695732085264
2025-01-19,3270.8693474663683,3323.4049594455346,3336.5388624403263,3354.050733100049,3351.1320879900945,3323.4049594455346,3384.696506754562,3390.9507462758916,3390.1689663357256,3410.9643127441464,3449.4904281955346,3509.4685852050834,3268.6488315721163,3295.5563299935275,3314.534583248743,3321.1321112621163,3326.2860434157956,3333.606703353415,3375.3740790304573,3387.3597528101377,3396.6318955355196,3402.9432251210774,3406.3967140266845,3406.0046583760195
2025-01-21,3270.8693474663683,3297.137153455951,3331.0664028591627,3345.294797770187,3351.1320879900945,3335.0795398853497,3378.859216534655,3387.198202563094,3386.8854905870276,3403.1812591176026,3438.107712266715,3501.442311152711,3291.648927843895,3301.9205613675763,3314.5600145525054,3319.9533681445814,3324.4957327542384,3331.2369934486974,3371.456333552084,3383.3202678826674,3392.6327310760153,3399.1043468164944,3402.7987654027233,3403.009391678959
2025-01-27,3256.2761219166,3270.869347466368,3320.1214836968365,3323.4049594455346,3340.1871688277683,3335.0795398853497,3368.643958649817,3379.693115137499,3382.5075229220975,3394.4253237877415,3425.8494028049104,3492.6863758228496,3259.3692993304785,3276.976931184072,3295.122160389074,3303.0690595395777,3309.5101847639035,3318.2185781197427,3362.1423553111144,3374.6407902679116,3384.557459843871,3391.6254478599976,3395.9082126738735,3397.241531978569
2025-01-27,3241.682896366831,3244.601541476785,3292.7591857910206,3305.8930887858123,3321.9456368905576,3329.2422496654417,3355.5100556550256,3373.4388756161698,3378.129555257166,3385.6693884578804,3413.5910933431046,3483.9304404929885,3221.3396467491175,3245.7546188453002,3270.275012339893,3281.2946840174286,3290.0947708260346,3301.3550051257444,3350.604783624446,3364.011301595681,3374.7405102986945,3382.568254221204,3387.5710276344175,3390.2273831978864
2025-01-28,3183.309994167757,3218.333735487201,3254.4519687228785,3288.38121812609,3296.407492178463,3317.567669225627,3339.4575075502803,3367.1846360948402,3373.7515875922354,3376.9134531280192,3401.332783881299,3475.174505163128,3180.434982133784,3210.3465184030174,3241.2206357129057,3255.519344653978,3266.9310087787144,3281.126919174833,3336.987076133737,3351.540135813613,3363.266842358195,3372.001387408041,3377.8439409632033,3382.0078072739707
2025-01-28,3139.5303175184513,3192.0659294976176,3221.617211235899,3257.735444471576,3274.5176538538094,3300.0557985659048,3320.486314335581,3357.1778528607133,3366.0901441786073,3368.157517798158,3389.0744744194935,3464.229586000801,3138.092811501465,3172.147892558393,3208.8939701920704,3226.470489420372,3240.5955675618575,3257.954884386622,3321.423435148925,3337.3296083166983,3350.217271553851,3359.99048538461,3366.781458606574,3372.622326408238
2025-01-30,3139.5303175184513,3165.798123508034,3205.1998324924093,3231.4676384819927,3263.572734691483,3285.462573016136,3307.3524113407893,3348.4219175308517,3359.523192681211,3362.3202275782505,3379.442945556646,3454.014328115963,3160.7014028346107,3175.8685930948473,3203.208642186668,3218.623126647169,3231.7824024243037,3248.624273109264,3312.512890569495,3328.772963086202,3342.075453144773,3352.308724896921,3359.5864992168163,3366.415364695435
2025-01-30,3168.716768617988,3165.798123508034,3199.727372911246,3218.333735487201,3248.979509141715,3270.869347466368,3297.1371534559507,3339.6659822009906,3352.956241183816,3358.428700764979,3371.562603759771,3443.799070231126,3193.8955368258366,3192.9422856689184,3208.515537437867,3220.1624983144225,3231.060443715497,3245.9324478227386,3307.001715101596,3323.123891293472,3336.4663905922016,3346.864418197796,3354.3905451619244,3361.847309158439
2025-01-31,3227.089670817062,3183.3099941677565,3205.1998324924093,3213.955767822271,3234.3862835919463,3265.03205724646,3289.8405406810666,3330.91004687113,3349.6727654351175,3356.482937358343,3365.433449028868,3433.5838123462872,3232.382442146102,3218.9179729347347,3222.3719396664233,3229.3819254329583,3237.1848904464,3249.049560278192,3304.670594609,3320.220861080855,3333.266534829966,3343.560284687734,3351.1152040758243,3358.864425168535
2025-02-01,3227.089670817062,3192.0659294976176,3188.7824537489196,3205.199832492409,3219.793058042178,3256.276121916599,3281.084605351206,3318.401567828471,3345.294797770187,3353.5642922483894,3358.428700764979,3421.179570628984,3207.8462181569294,3207.0486466790753,3213.691507333386,3221.005210657467,3228.8964448650704,3240.8321145143877,3296.840878451501,3312.614701807905,3325.9515816269313,3336.5928807520822,3344.5346076088413,3353.1085421849025
2025-02-01,3197.9032197175256,3200.8218648274787,3177.837534586593,3196.443897162548,3205.1998324924093,3238.764251256877,3272.3286700213444,3303.3913929772802,3337.633354356559,3347.727002028482,3351.4239525010903,3407.316006356704,3173.68826783769,3184.542536958867,3197.2112429300673,3206.1915937231006,3215.1478098886673,3228.1693898898952,3286.6918100042076,3302.9989026807134,3316.857861426518,3328.0249432201854,3336.495223683728,3346.1059774417404
2025-02-02,3139.5303175184513,3183.3099941677565,3166.892615424267,3174.5540588378954,3190.60660694264,3215.4150903772475,3263.5727346914837,3289.6320660303563,3327.782927110465,3339.943948401939,3344.4192042372015,3394.182103361912,3134.719454353418,3154.945238262293,3174.6644424720853,3186.111420476927,3196.779014654894,3211.6170462623013,3274.37302489872,3291.4851103578485,3306.0721433505482,3317.9260605092704,3327.054259651783,3337.8976057508357
2025-02-02,3095.7506408691456,3148.286252848312,3155.94769626194,3157.042188178173,3176.013381392872,3194.984574607571,3254.816799361622,3275.8727390834315,3315.743516031906,3330.2151313687605,3337.414455973312,3381.0482003671204,3093.3452092866287,3120.620480248142,3147.3992250826977,3161.722246612002,3174.500853049501,3191.6612860069936,3260.0245048549214,3278.1787689057364,3293.6769638807577,3306.3627954532085,3316.2666794387656,3328.522961766213
2025-02-02,3051.9709642198395,3095.750640869145,3145.002777099614,3139.530317518451,3150.475236680777,3174.5540588378954,3246.0608640317614,3262.113412136506,3301.5151211208818,3321.4591960388984,3330.4097077094234,3367.9142973723287,3050.7682484285815,3083.1440826889393,3116.464127857773,3133.8075267862805,3148.914766052737,3168.727536202436,3243.777200513993,3263.179464387114,3279.75083332904,3293.3988168496135,3304.1852915223644,3318.0202839237318
2025-02-02,3008.1912875705343,3051.9709642198395,3117.640479193798,3122.0184468587286,3128.5853983561246,3154.1235430682195,3237.3049287019003,3248.354085189582,3285.0977423773925,3312.7032607090373,3323.4049594455346,3354.7803943775366,3007.589929674905,3043.566592099702,3082.6746796496523,3103.008269356271,3120.5296652632737,3143.1880455422847,3225.753614088653,3246.581250305676,3264.368432235976,3279.09502528751,3290.860833459575,3306.426556940043
2025-02-02,2964.4116109212287,3008.191287570534,3079.3332621256554,3104.5065761990063,3106.695560031472,3133.6930272985433,3228.5489933720387,3234.5947582426575,3266.4913798014372,3301.028680269223,3313.7734305826875,3341.646491382745,2964.1109319734137,3002.5883728237754,3046.665180676824,3069.848935704571,3089.7761681876814,3115.3685316334895,3206.0683444230576,3228.4729549704675,3247.6007981889493,3263.509673504224,3276.342053099275,3293.7775529181376
2025-02-02,2920.631934271923,2964.411610921228,3030.0811258951867,3073.860802544493,3084.8057217068185,3104.5065761990063,3219.7930580421776,3220.8354312957326,3248.9795091417154,3287.408336422772,3302.3907146538677,3328.5125883879537,2920.481594798015,2960.676334423389,3008.9289755536674,3034.758630598761,3057.018643485364,3085.5539973821305,3184.8285968875452,3208.938471784476,3229.515503527177,3246.698481509372,3260.675786609994,3280.10787110517
2025-02-04,2876.852257622617,2920.6319342719225,2986.301449245881,3034.4590935601177,3062.915883382166,3078.238770209423,3206.6591550473863,3207.0761043488083,3231.467638481993,3271.842229169686,3289.2568116590764,3315.3786853931615,2876.777087885663,2918.14174994003,2969.8497767580334,2998.08843975777,3022.5654030988944,3053.993820331028,3162.1346603769493,3188.057033406078,3210.176824378207,3228.714746703456,3243.907033447771,3265.450976346748
2025-02-04,2833.0725809733117,2876.852257622617,2942.5217725965754,2986.301449245881,3030.0811258951867,3051.970964219839,3190.6066069426406,3193.3167774018834,3213.9557678222704,3254.3303585099634,3276.99850219727,3302.2447823983703,2833.034996104834,2875.1921347346884,2929.7260273282495,2960.1256151334496,2986.6773263642963,3020.90620583015,3138.080353534824,3165.9034706792963,3189.6459014487336,3209.6094492086972,3226.079028384094,3249.8392362804284
2025-02-04,2789.292904324006,2833.0725809733112,2898.74209594727,2942.521772596575,2989.949755633323,3025.703158230256,3171.635413727942,3179.557450454959,3196.443897162548,3234.872724443605,3264.7401927354654,3289.1108794035786,2789.274111889767,2831.9658323813587,2888.789849627461,2921.1051810500403,2949.575157335127,2986.482083560719,3112.75344218901,3142.548457179041,3167.9808929719516,3189.4313526202627,3207.233310709216,3233.303957309749
2025-02-06,2745.5132276747004,2789.2929043240056,2854.9624192979636,2898.7420959472697,2942.5217725965754,2999.435352240673,3149.7455754032885,3165.798123508034,3178.932026502826,3213.4693269706113,3249.855102674701,3275.9769764087873,2745.5038314575804,2788.55507192937,2847.2217832714464,2881.2194301364684,2911.4456794413218,2950.8885169938035,3086.2360298558733,3118.0587401705056,3145.2371201940705,3168.2271003770074,3187.409790721615,3215.8754193987866
2025-02-07,2701.7335510253947,2745.5132276747,2811.1827426486584,2854.962419297964,2898.7420959472697,2964.411610921228,3124.9370919686826,3152.0387965611094,3161.420155843104,3193.0388112009355,3233.218825547965,3262.843073413995,2701.7288529168345,2745.0213394116095,2805.162247961367,2840.6256927254904,2872.4469402005166,2914.271686666589,3058.6049230507256,3092.497358737482,3121.4672057639245,3146.0413079421855,3166.646813610026,3197.582909725911
2025-02-11,2657.953874376089,2701.7335510253943,2767.4030659993527,2811.1827426486584,2854.962419297964,2923.550579381876,3097.209963424122,3134.526925901387,3143.9082851833814,3172.608295431259,3214.8313613552564,3249.7091704192035,2657.9515253218087,2701.4056255166674,2762.7204590203482,2799.452693634816,2832.7126721276345,2876.7595005491135,3029.931973029826,3065.923849792443,3096.721205371869,3122.916650976298,3144.981220830291,3178.4547552341364
2025-02-12,2657.953874376089,2684.2216803656725,2740.040768093537,2780.5369689941444,2822.1276618109846,2885.6081929524785,3075.320125099469,3118.265903145931,3129.679890272357,3155.0964247715374,3197.319490695534,3238.7642512568773,2679.8425381736015,2701.5149340195762,2749.1678127992477,2781.6855767967395,2812.562038111905,2854.8812568586486,3008.7578812876045,3045.691055416496,3077.4535149159437,3104.60434228278,3127.5989592693145,3162.824551817456
2025-02-22,2687.140325475626,2684.221680365672,2723.623389350047,2758.647130669492,2796.5895170988897,2856.421741852941,3056.34893188477,3102.0048803904747,3117.640479193798,3139.530317518451,3179.8076200358123,3229.2786546495277,2712.6778829241507,2716.1810319046176,2748.3556827715706,2775.108786047278,2802.2468365061814,2841.210253210655,2991.7743552480624,3029.014509430841,3061.2613057822246,3088.991685125907,3112.6152050891337,3149.142213320972
2025-02-23,2745.5132276747004,2701.7335510253943,2718.1509297688835,2745.5132276747,2778.3479851616794,2833.0725809733112,3035.918416115094,3085.743857635018,3107.790051947704,3125.909973672,3162.2957493760896,3219.063396764689,2750.985393624078,2740.5516560444134,2757.452843116557,2777.6877166430468,2800.2539238627696,2834.7205845998237,2978.711035833607,3015.6966424804614,3047.99455449158,3075.9613033519117,3099.9358991767754,3137.343875321071
2025-02-24,2745.5132276747004,2710.4894863552554,2707.2060106065574,2728.0013570149777,2756.4581468370266,2806.804774983728,3011.109932680488,3065.7302911667643,3096.845132785378,3111.3167481222313,3144.783878716368,3206.659155047387,2726.359472324736,2727.6122877047405,2745.07077820741,2763.877868348928,2785.0969434262506,2818.0972054030203,2960.8415206846903,2998.2542485107356,3031.1037738346927,3059.690531511628,3084.3201208178975,3123.0615696064588
2025-02-24,2716.326776575163,2719.245421685117,2696.2610914442307,2710.4894863552554,2734.5683085123733,2780.5369689941444,2987.7607718008576,3043.2150288899784,3082.6167378743535,3096.723522572463,3127.272008056645,3192.795590775106,2692.1566733504123,2704.3928165951897,2725.7114662448944,2744.6189603538664,2765.536471264687,2798.079289024654,2941.3003822131677,2979.3486721699214,3012.9013397147605,3042.223720331822,3067.5998758593955,3107.812136975955
2025-02-24,2657.953874376089,2701.7335510253943,2685.3161722819045,2692.977615695533,2712.678470187721,2754.269163004561,2964.4116109212277,3021.9506145174582,3066.1993591308637,3082.1302970226943,3109.760137396923,3179.6616877803144,2653.1654355385976,2674.319943639054,2700.925406574203,2720.901730785306,2742.2499676434704,2775.0911526124205,2920.1954670850137,2959.061201367525,2993.451235227542,3023.612871522907,3049.81847671694,3091.627286508769
2025-02-24,2614.1741977267834,2666.7098097059497,2674.3712531195783,2675.465745035811,2690.788631863068,2728.001357014977,2941.062450041599,3000.6862001449385,3047.592996554909,3067.5370714729256,3092.248266737201,3166.5277847855227,2611.7799783080372,2639.6781361185285,2671.9185431304863,2693.5367835657007,2715.810668171779,2749.5040736705528,2897.627664116785,2937.4686080180777,2972.814322342173,3003.9077258513666,3031.017537280098,3074.537687642169
2025-02-24,2570.3945210774777,2614.174197726783,2663.4263339572517,2657.9538743760886,2668.8987935384152,2701.733551025394,2917.713289161969,2975.669242059621,3026.7976501464886,3052.943845923158,3074.7363960774783,3151.2048979582655,2569.1974113681044,2601.9903722217427,2639.62883230775,2663.18734008615,2686.7036183650703,2721.642920015255,2873.691353169133,2914.6433989297493,2951.048494151246,2983.155861441662,3011.237039521199,3056.5730042581035
2025-02-26,2526.614844428172,2570.3945210774773,2636.064036051436,2640.4420037163663,2647.008955213762,2675.465745035811,2889.986160617409,2948.1505881657718,3003.8133199056033,3038.350620373389,3057.2245254177565,3134.4226885760318,2526.016289573485,2562.2719707407837,2604.7857957457763,2630.39603603028,2655.339241351808,2691.791950985707,2848.4748250794382,2890.6540527547004,2928.2088196940567,2961.402787804149,2990.515397492088,3037.7619276522264
2025-02-26,2482.8351677788664,2526.6148444281716,2597.756818983293,2622.930133056644,2625.1191168891096,2649.1979390462275,2863.718354627825,2921.882782176188,2978.6400058322524,3020.838749713667,3039.7126547580333,3116.181156638821,2482.5358903515225,2521.199810870376,2567.956839164395,2595.606846048331,2622.064818240693,2660.1998935036886,2822.0606745020273,2865.565243775526,2904.347681715301,2938.6920357748186,2968.8895188112047,3018.132208421975
2025-02-26,2439.055491129561,2482.835167778866,2548.504682752825,2592.2843594021297,2603.2292785644563,2622.930133056644,2837.450548638242,2895.614976186605,2954.5611836751345,3001.3811156473084,3022.2007840983115,3096.480302146634,2438.9058524158886,2479.2251454070024,2529.5832781234753,2559.183022126863,2587.174202277549,2627.0843836257595,2794.5261674038484,2839.438053259122,2879.5149077038354,2915.06524354462,2946.394863739403,2997.7106873091316
2025-02-26,2395.275814480255,2439.0554911295603,2504.7250061035184,2552.882650417755,2581.339440239804,2596.6623270670607,2811.182742648658,2869.3471701970216,2930.482361518016,2979.9777181743148,3004.6889134385897,3075.320125099469,2395.2009951234186,2436.648809548318,2490.0083580584696,2521.421770436697,2550.9160385165337,2592.6358529014083,2765.9435848507583,2812.3301690686676,2853.7578945393043,2890.5622389483733,2923.0655019390715,2976.5233250311585
2025-02-27,2351.4961378309495,2395.2758144802547,2460.945329454213,2504.725006103519,2548.5046827528245,2570.394521077477,2784.914936659075,2843.0793642074386,2903.1200636122003,2956.628557294685,2987.177042778867,3052.7006254973285,2351.458728152531,2393.6713600927596,2449.4990476413977,2482.566259663051,2513.5007189265507,2557.0209289364375,2736.3805446140414,2784.2960741860547,2827.121727058443,2865.2211181759067,2898.9341670074077,2954.5952311344527
2025-02-28,2307.716461181644,2351.496137830949,2417.1656528049075,2460.945329454213,2508.373312490961,2544.126715087894,2754.269163004561,2813.0590145050573,2873.568781873919,2931.3336330084194,2969.6651721191447,3030.810787172675,2307.6977563424343,2350.426501572619,2408.262989172718,2442.815446002921,2475.106267481287,2520.385410885925,2705.9003020281248,2755.387224760848,2799.649290837657,2839.078321060969,2874.0323088711307,2931.950691901596
2025-03-01,2263.936784532338,2307.7164611816434,2373.385976155602,2417.1656528049075,2460.945329454213,2517.8589090983105,2720.704744240093,2784.2895127069423,2845.1119920518704,2904.092945315518,2949.5265208604646,3008.920948848022,2263.927432112733,2307.0033703427566,2366.4616822194544,2402.3321117993046,2435.883319850786,2482.856873010563,2674.562031438119,2725.652218267636,2771.3813794740167,2812.168703096711,2848.3901441264993,2908.6131973436104
2025-03-02,2263.936784532338,2290.204590521921,2346.023678249786,2386.5198791503935,2428.1105719672337,2491.5911031087267,2688.599648030603,2759.2725546216243,2819.938677978519,2880.7437844358883,2930.2634631347696,2989.220094355835,2285.8219466471883,2307.2410672890524,2353.4071886554966,2385.129266232457,2416.165341593995,2460.964321531948,2650.8945752925397,2702.4335650961916,2748.7635785817056,2790.2359969264903,2827.1872545992496,2888.911665010431
2025-03-02,2293.123235631875,2290.204590521921,2329.606299506296,2364.6300408257403,2402.572427255139,2465.323297119144,2660.872519486042,2736.757292344839,2796.954347737634,2859.3403869628946,2911.0004054090755,2970.978562418624,2318.6590422390686,2321.9927574696844,2352.9825106944863,2379.0141519776375,2406.216233322757,2447.280798569323,2631.5785470692113,2682.9370413592333,2729.384679032888,2771.160350878858,2808.532701000493,2871.291483791432
2025-03-02,2351.4961378309495,2307.7164611816434,2324.133839925133,2351.496137830949,2384.330895317928,2439.0554911295603,2636.0640360514362,2716.7437258765844,2776.159001329214,2836.9641077865826,2891.7373476833804,2954.1963530363905,2356.9674283596614,2346.4204431398744,2362.3810226468795,2381.970817887204,2404.533091962372,2440.780175558189,2616.333209482827,2666.9558620881794,2713.0866856400767,2754.8175449484843,2792.3265485879347,2855.684412666475
2025-03-02,2395.275814480255,2342.740202501088,2329.606299506296,2347.118170166018,2373.385976155602,2421.5436204698376,2614.1741977267825,2695.4793115040648,2754.269163004561,2814.587828610271,2872.474289957687,2938.873466209133,2398.011459744611,2377.2987924697695,2379.419793420809,2392.349849385814,2409.8442302957856,2440.56459000461,2604.8959373310036,2654.2947303682563,2699.7193102981,2741.0887599998355,2778.4727816287827,2842.0244480259203
2025-03-02,2439.055491129561,2395.2758144802547,2346.023678249786,2351.496137830949,2369.73766976816,2409.8690400300234,2595.203004512084,2674.214897131545,2735.6628004286063,2795.130194543913,2853.2112322319917,2925.009901936853,2440.4233137617384,2412.4775842394683,2402.4009877226,2408.8017254572783,2421.0736052931825,2445.848412226392,2597.0210489728015,2644.76919911329,2689.139596028869,2729.86034294675,2766.8791497130997,2830.2477503129016
2025-03-03,2439.055491129561,2412.787685139977,2356.968597412112,2351.496137830949,2362.4410569932757,2395.275814480255,2574.7724887424074,2649.1979390462275,2715.9619459364185,2774.6996787742373,2833.9481745062976,2910.4166763870844,2417.8495641209965,2406.743660986397,2400.8176158909678,2406.3424689160015,2417.104714398886,2439.5268375081246,2584.0052273926376,2630.908455522566,2674.8047774167417,2715.3131895351635,2752.3064699000465,2815.9863753675686
2025-03-03,2409.8690400300234,2412.787685139977,2367.9135165744387,2351.496137830949,2355.144444218391,2380.6825889304864,2554.341972972732,2625.431828865176,2696.261091444231,2754.269163004561,2814.685116780603,2895.8234508373157,2384.672850975973,2388.327819934581,2389.8572874331862,2396.3704087187193,2407.0110872345876,2428.5230000484776,2569.004640969303,2615.3855489841426,2659.033624266215,2699.495056852372,2736.5884176620425,2800.757187251614
2025-03-03,2351.4961378309495,2395.2758144802547,2378.858435736765,2351.496137830949,2347.847831443507,2366.0893633807177,2533.911457203056,2601.6657186841244,2676.5602369520434,2733.8386472348852,2792.79527845595,2881.230225287547,2346.1946560788083,2361.457367016935,2371.6037704883997,2380.251509166524,2391.73499091875,2413.4221826901235,2552.1473390475185,2598.292821884004,2641.8962016767236,2682.461204866688,2719.7699095647718,2784.591917544402
2025-03-03,2307.716461181644,2360.25207316081,2373.385976155602,2351.496137830949,2340.5512186686224,2351.4961378309495,2513.48094143338,2577.8996085030726,2653.5759067111585,2710.4894863552554,2769.1542530653246,2866.6369997377788,2305.065720305573,2328.950506188736,2347.677773609275,2359.103377414854,2372.0737283977637,2394.7365079204,2533.553109723958,2579.7174864755775,2623.4591569379727,2664.264490939108,2701.894100739971,2767.5212574456455
2025-03-03,2263.936784532338,2307.7164611816434,2356.968597412112,2351.496137830949,2333.2546058937382,2336.9029122811803,2493.050425663704,2554.1334983220213,2628.4025926378076,2688.113207178944,2746.3888212076868,2849.854790355545,2262.6114140943027,2292.686040086835,2319.3398478923323,2333.8404193181595,2348.701940626266,2372.9140829157286,2513.334012830995,2559.741909887103,2603.785886252366,2644.9554742844957,2683.0024539612673,2749.5748918862155
2025-03-03,2220.1571078830325,2263.9367845323377,2329.6062995062957,2338.3622348361578,2325.957993118854,2322.3096867314116,2472.619909894028,2530.3673881409695,2601.0402947319913,2665.736928002632,2723.6233893500466,2831.6132584183347,2219.4944226640146,2253.9165038024653,2287.570421968198,2305.21078512099,2322.1904776427987,2348.347001455478,2491.594878534397,2538.4438832952483,2582.9366933246274,2624.582515890984,2663.134806011168,2730.78153252056
2025-03-09,2176.377431233727,2220.157107883032,2291.2990824381536,2316.4723965115045,2318.66138034397,2307.7164611816434,2452.189394124352,2506.6012779599178,2574.772488742408,2643.3606488263204,2700.857957492408,2811.912403926147,2176.0460886242176,2213.4769207297836,2253.13205143847,2273.8265977507044,2293.022366403048,2321.378345596596,2468.433773763431,2515.8968761446467,2560.968940215349,2603.1918740950464,2642.3294314454133,2711.168949637408
2025-03-09,2132.597754584421,2176.3774312337264,2242.046946207685,2285.8266228569905,2300.4198484067592,2293.1232356318746,2431.758878354676,2482.8351677788664,2548.504682752825,2620.984369650008,2678.092525634769,2790.7522268789826,2132.4320832796666,2171.9239731315606,2216.6178351043914,2240.188685056961,2261.6063220233664,2292.308312138911,2443.9424385487014,2492.1702762441173,2537.9371908358253,2580.8277960011364,2620.6231038567744,2690.764003024218
2025-03-09,2088.8180779351155,2132.5977545844207,2198.267269558379,2246.4249138726154,2274.8817036946643,2278.5300100821064,2411.328362585,2459.069057597814,2522.2368767632406,2595.689445363743,2652.7003131781717,2768.132727276841,2088.735242282738,2129.6287825163104,2178.4890720335957,2204.706815280388,2228.2881803714345,2261.399573282273,2418.20669420916,2467.3296165242114,2513.8933474431415,2557.5326049265573,2598.051154736344,2669.59267181968
2025-03-10,2045.0384012858096,2088.818077935115,2154.4875929090736,2198.267269558379,2242.046946207685,2263.9367845323377,2390.897846815324,2435.302947416763,2495.969070773658,2568.4487576708416,2628.1836942545606,2744.0539051197234,2044.9969834596209,2086.8387632230415,2139.1045503897976,2167.7162533451365,2193.3605717968294,2228.881967201552,2391.3068252044727,2441.436789197116,2488.8867804769634,2533.3467840443814,2574.6475300265465,2647.680083387445
2025-03-10,2001.258724636504,2045.0384012858092,2110.707916259768,2154.4875929090736,2201.9155759458213,2240.5876236527083,2366.0893633807177,2411.536837235711,2469.7012647840743,2539.262306571304,2603.66707533095,2720.7047442400935,2001.2380157234095,2043.718858144427,2098.7433276336646,2129.4913069164204,2157.0711065953474,2194.956602299758,2363.317936351745,2414.550248018787,2462.964452062828,2508.3090563897213,2550.444844456376,2625.0505412431744
2025-03-10,1957.4790479871983,2001.2587246365038,2066.9282396104622,2110.707916259768,2154.4875929090736,2211.4011725531705,2338.3622348361573,2387.7707270546593,2443.433458794491,2511.048737175085,2579.1504564073384,2697.3555833604637,1957.4686935306509,2000.3790292089154,2057.6224484568265,2090.2564095385064,2119.6293011711236,2159.7994484295245,2334.3102869960126,2386.7251993142927,2436.17103349088,2482.4564613874677,2525.474433745847,2601.727552065952
2025-03-10,1913.6993713378927,1957.4790479871983,2023.1485629611566,2066.9282396104622,2110.707916259768,2176.3774312337264,2307.7164611816434,2364.004616873608,2417.1656528049075,2482.835167778866,2554.6338374837273,2671.8174386483684,1913.6941941096188,1956.892584368806,2015.910725397218,2050.1951886567026,2081.212438635349,2123.5644792119074,2304.3496036213396,2358.013782390642,2408.5490169639384,2455.8244280527338,2499.7664047632093,2577.7338518240713
2025-03-19,1913.6993713378927,1939.9671773274756,1995.7862650553407,2036.2824659559483,2077.8731587727884,2144.272335024236,2282.907977747037,2343.9910504053537,2394.181322564022,2457.540243492601,2530.117218560116,2647.0089552137624,1935.5866210484085,1957.0880722416034,2002.9259081949915,2033.3377085349746,2062.176532381787,2102.8038003088186,2281.970858096556,2335.761852701562,2386.5456038431216,2434.1572376151016,2478.500233909248,2557.3976287474525
2025-03-19,1942.8858224374299,1939.9671773274756,1979.368886311851,2014.3926276312952,2052.3350140606935,2112.1672388147445,2261.018139422384,2326.4791797456314,2373.385976155602,2434.191082612971,2505.6005996365047,2624.389455611621,1968.422672842456,1971.8116230399035,2002.5554229597724,2027.5051660079798,2052.804561959436,2090.1106658497793,2263.860397873327,2317.1783455868363,2367.751121930604,2415.3355631377713,2459.784880604435,2539.1635663175853
2025-03-19,2001.258724636504,1957.4790479871983,1973.8964267306878,2001.2587246365038,2034.093482123483,2088.818077935115,2242.046946207685,2307.7164611816434,2354.779613579647,2412.7876851399774,2481.0839807128937,2603.2292785644563,2006.7305370641327,1996.220549121872,2011.996084810003,2030.6930269675854,2051.609768009647,2084.476632779283,2249.742849706391,2302.059459792335,2352.0090379967114,2399.2356865355123,2443.5203127880186,2522.9627412345762
2025-03-28,2001.258724636504,1966.2349833170592,1962.9515075683612,1983.746853976781,2012.2036437988302,2062.5502719455317,2221.616430438009,2285.2011989048574,2335.0787590874593,2390.411405963665,2456.5673617892826,2581.339440239804,1982.1047925256653,1983.306715410314,1999.8811877382686,2017.3813944256967,2037.1281187754237,2068.6019346802723,2230.887120563217,2282.9161035809384,2332.7636726303936,2380.0288761638462,2424.4598710311234,2504.422292275646
2025-03-28,1972.072273536967,1974.9909186469201,1952.006588406035,1966.2349833170592,1990.3138054741773,2036.2824659559483,2201.185914668333,2260.1842408195403,2315.3779045952715,2368.0351267873534,2432.0507428656715,2559.4496019151507,1947.9020819317789,1960.1042673861732,1980.7296729826298,1998.5301175006414,2018.1390807081114,2049.2391142624747,2210.4233948067445,2262.404062900769,2312.321511591735,2359.7536803018484,2404.4300475137416,2485.054327654736
2025-03-29,1913.6993713378927,1957.4790479871983,1941.0616692437084,1948.723112657337,1968.4239671495245,2010.014659966365,2180.755398898657,2236.418130638488,2295.677050103084,2345.6588476110414,2407.53412394206,2535.3707797580328,1908.9108883101828,1930.0427431536446,1956.1052333617315,1975.1464042620858,1995.3360982435688,2026.8241868157388,2188.45541415396,2240.5993757778697,2290.740935157435,2338.4565504925763,2383.4688572068726,2464.885979032895
2025-03-30,1869.919694688587,1922.4553066677538,1930.1167500813822,1931.2112419976147,1946.5341288248717,1983.7468539767813,2160.3248831289807,2212.6520204574367,2275.976195610897,2323.2825684347295,2383.017505018449,2512.0216188784034,1867.5254531747319,1895.4085014488567,1927.224074401187,1948.0543340397576,1969.3059320582936,2001.7386657186817,2165.080227307852,2217.5738559035035,2268.077475785818,2316.181918646781,2361.6128242983395,2443.9434885085143
2025-04-06,1826.1400180392814,1869.9196946885866,1919.1718309190555,1913.6993713378924,1924.6442905002189,1957.479047987198,2139.894367359305,2188.885910276385,2252.9918653700115,2300.906289258418,2358.500886094838,2488.6724579987736,1824.9428972823537,1857.7257814292298,1895.032133732029,1917.9281535579794,1940.5450719554756,1974.3163751775933,2140.3886217647632,2193.3953273194184,2244.3839570348014,2292.972284853007,2338.897040654874,2422.252237783316
2025-04-06,1782.3603413899757,1826.1400180392811,1891.8095330132396,1896.1875006781702,1902.754452175566,1931.211241997615,2119.463851589629,2165.119800095333,2227.81855129666,2278.530010082106,2333.9842671712267,2465.3232971191437,1781.7617810115116,1818.0107425330432,1860.265140622838,1885.3195192275593,1909.4736246916593,1944.8494113729778,2114.465527763209,2168.1278460650433,2219.71062570338,2268.868301369862,2315.3552219915723,2399.8367763720817
2025-04-06,1738.58066474067,1782.3603413899757,1853.502315945097,1878.675630018448,1880.8646138509132,1904.9434360080313,2099.033335819953,2141.353689914282,2200.4562533908447,2256.1537309057944,2309.467648247615,2441.9741362395143,1738.281384551438,1776.9408243858168,1823.4953289491773,1850.6797862937058,1876.447065214691,1913.593358462776,2087.3903961714773,2141.83190951095,2194.1052775271846,2243.908852966449,2291.0197618386233,2376.720848887468
2025-04-06,1694.8009880913644,1738.5806647406698,1804.2501797146283,1848.029856363934,1858.9747755262604,1878.6756300184481,2078.6028200502774,2117.58757973323,2174.188447401261,2233.7774517294824,2284.9510293240046,2416.435991527419,1694.6513479967482,1734.967653404564,1785.167769503151,1814.378245411588,1841.7661800189017,1880.7718525851865,2059.2375519953857,2114.564654062678,2167.613376742544,2218.131133769736,2265.921783391699,2352.927421430242
2025-04-06,1651.0213114420587,1694.800988091364,1760.4705030653226,1808.6281473795584,1837.0849372016075,1852.4078240288645,2058.172304280601,2093.8214695521788,2147.920641411678,2211.401172553171,2260.434410400393,2389.4385242603475,1650.9464913947504,1692.3923138672938,1745.628628456396,1776.7170434808907,1805.68548075334,1846.5805753611326,2030.0765250790869,2086.3800418810156,2140.278169818164,2191.570720770737,2240.0911893289954,2328.478707114258
2025-04-07,1607.241634792753,1651.0213114420585,1716.690826416017,1760.4705030653226,1804.2501797146285,1826.1400180392811,2033.3638208459947,2070.0553593711265,2121.6528354220945,2186.1062482669054,2235.9177914767824,2360.981734438298,1607.2042247690988,1649.4155286260113,1705.1471461646297,1737.9433916013554,1768.420323428741,1811.190748208922,1999.972359470336,2057.3290372289284,2112.140793638909,2164.2616441347677,2213.55670967466,2303.3961907545595
2025-04-08,1563.4619581434474,1607.2416347927528,1672.9111497667113,1716.690826416017,1764.118809452765,1799.8722120496977,2005.6366923014343,2046.2892491900752,2095.3850294325107,2158.865560574004,2211.401172553171,2333.2546058937382,1563.4432531316202,1606.1711129153882,1663.9327317934103,1698.2595534000436,1730.1529323618795,1774.7521898695743,1968.9859028267103,2027.45977302144,2083.2403784123353,2136.2364544547404,2186.345947785228,2277.700652746021
2025-04-08,1519.6822814941418,1563.4619581434472,1629.1314731174057,1672.9111497667113,1716.6908264160168,1773.6044060601141,1974.9909186469204,2022.523139009024,2069.1172234429278,2129.679109474467,2186.88455362956,2305.5274773491783,1519.672928988228,1562.7482768918708,1622.1482591381716,1657.8310172990966,1691.0374973592573,1737.3959917414818,1937.1740771504606,1996.8177081227395,2053.614145555384,2107.5262870803967,2158.4854245326637,2251.4121921590972
2025-04-09,1519.6822814941418,1545.950087483725,1601.7691752115895,1642.2653761121976,1683.8560689290377,1747.336600070531,1945.8044675473832,2002.5095725407696,2046.132893202042,2104.3841851882016,2164.994715304907,2279.989332637083,1541.5674435658375,1562.9861706423962,1609.106858917122,1640.673006543524,1671.4104913260558,1715.6542375417273,1913.0636178596853,1972.7423886794454,2029.7042827548014,2083.871316257051,2135.1511709487727,2228.856446781535
2025-04-09,1548.868732593679,1545.950087483725,1585.3517964681,1620.3755377875445,1658.3179242169426,1721.0687940809473,1916.6180164478462,1984.9977018810475,2025.337546793622,2081.035024308572,2144.8560640462265,2255.910510479965,1574.4045391792952,1577.7379920258484,1608.6923646672624,1634.594575316111,1661.5383595517012,1702.1026621981052,1893.3331673392381,1952.4367912412956,2009.096348707872,2063.1482866281685,2114.4488361975564,2208.475633273706
2025-04-09,1607.241634792753,1563.4619581434472,1579.879336886937,1607.2416347927528,1640.076392279732,1694.800988091364,1891.8095330132396,1966.2349833170592,2006.7311842176666,2059.631626835578,2123.8418192545596,2233.2910108778237,1612.7129253106768,1602.1657651645849,1618.098797283884,1637.5812546117381,1659.9203521502177,1695.7174933535994,1877.7001443781296,1935.6914868080044,1991.6292737192957,2045.2297224896417,2096.275207775772,2190.1984423939803
2025-04-10,1607.241634792753,1572.2178934733083,1568.9344177246103,1589.7297641330306,1618.1865539550793,1668.533182101781,1865.5417270236562,1943.7197210402735,1987.0303297254795,2037.2553476592661,2100.2007938639345,2209.941849998194,1588.087441727062,1589.2644961575388,1605.9572774748983,1624.1050188902307,1645.0805992260991,1679.1855514523302,1857.42671300815,1915.012068548862,1970.7430632034004,2024.2832979528507,2075.3805705352884,2169.6497052054383
2025-04-22,1621.8348603425218,1607.2416347927528,1574.4068773057734,1585.3517964681,1607.2416347927528,1651.0213114420585,1843.6518886990036,1922.4553066677538,1970.61295098199,2017.7977135929082,2077.4353620062957,2188.7816729510296,1619.5543765845603,1609.8501012523786,1615.9715072453785,1628.9988902632901,1645.9945549516312,1675.6650214510462,1844.110235487757,1900.3459153762617,1955.1468801906522,2008.054515930642,2058.739030963005,2152.645495573852
2025-04-22,1636.4280858922903,1633.5094407823362,1590.8242560492633,1589.7297641330304,1603.5933284053108,1639.3467310022436,1824.6806954843041,1901.1908922952339,1956.3845560709656,2000.285842933186,2057.2967107476147,2169.0808184588423,1657.1776823379623,1638.1670635320406,1633.4891696555978,1640.9629080502127,1653.5032369731289,1678.057017281086,1834.477380817022,1888.9267527493228,1942.4470805760527,1994.4347973289343,2044.4669508503919,2137.634200246557
2025-04-22,1694.8009880913644,1659.7772467719194,1618.1865539550793,1602.8636671278223,1607.241634792753,1633.5094407823365,1808.6281473795586,1879.9264779227137,1944.3451449924064,1984.7197356800996,2038.9092465549065,2150.8392865216315,1697.879173539316,1671.638263934917,1656.8428352300584,1658.7115910848413,1666.592072014289,1685.622473213534,1828.2904959088703,1880.5741923043975,1932.5023773645705,1983.3107046077057,2032.4714102186383,2124.5504777709543
2025-04-23,1738.58066474067,1686.045052761503,1656.4937710232216,1624.753505452475,1618.186553955079,1633.5094407823365,1795.4942443847672,1862.4146072629917,1931.2112419976147,1971.0993918336487,2022.2729694281704,2134.0570771393973,1740.1197574646458,1708.5456230866032,1684.7356143767067,1681.1931820494112,1684.4025749951638,1697.7147067355893,1825.327260133458,1875.1178672535964,1925.178375609712,1974.5737322938912,2022.6631330096714,2113.3311290371516
2025-05-01,1782.3603413899757,1738.5806647406698,1689.328528510201,1655.399279106989,1636.42808589229,1639.3467310022436,1785.278986499929,1847.404432411801,1918.077339002823,1959.4248113938338,2007.3878793674066,2118.7341903121405,1783.1298877519635,1747.7437547374957,1716.1588151906124,1707.5471522293874,1706.2083354634894,1713.7678706485508,1825.379696127382,1872.3968756305792,1920.3472362160323,1968.1200925436906,2014.956344187303,2103.9150270372215
2025-05-08,1826.1400180392814,1782.3603413899757,1722.16328599718,1694.800988091364,1661.9662306043847,1651.0213114420585,1777.982373725045,1834.8959533691423,1904.9434360080315,1949.695994360655,1994.253976372615,2104.8706260398603,1826.5247912202751,1788.4690680545261,1750.3278995234957,1737.0694326765147,1731.3946984211968,1733.2868486535551,1828.2532444216533,1872.2592544671352,1917.8873561415228,1963.8505100282512,2009.2686324422552,2096.24304892743
2025-05-08,1869.919694688587,1826.1400180392811,1754.9980434841593,1729.824729410809,1694.8009880913642,1668.5331821017805,1773.6044060601141,1824.8891701350153,1891.8095330132396,1941.9129407341118,1982.871260443795,2092.4663843225576,1870.1120812790837,1830.2125024823151,1786.6326710378064,1769.1839669785832,1759.4415711776116,1755.8384139890973,1833.7658977710882,1874.5614831821772,1917.6830641998822,1961.6700257373657,2005.5208182812999,2090.258010317937
2025-05-08,1913.6993713378927,1869.9196946885866,1804.2501797146283,1764.848470730253,1734.9323583532278,1691.8823429814106,1772.1450835051376,1817.38408270942,1878.675630018448,1936.0756505142044,1973.239731580948,2081.521465160231,1913.7955646331409,1872.634684317276,1824.5985325821157,1803.419436252877,1789.9088753021633,1781.0434932388596,1841.747391333418,1879.168014560234,1919.6243317017024,1961.4878093134453,2003.6368272893742,2085.9046017169294
2025-05-08,1957.4790479871983,1913.6993713378924,1848.029856363934,1799.8722120496975,1771.4154222276493,1721.0687940809476,1773.6044060601141,1812.3806910923565,1868.8252027723543,1929.265478590979,1965.359389784073,2069.846884720416,1957.5271446348224,1915.5093644236852,1863.8563530386466,1839.3902159589911,1822.4242367382158,1808.5703971635653,1852.0384450949073,1885.9508317866935,1923.6064972107174,1963.2169795448826,2003.5435683618105,2083.1293270585547
2025-05-08,2001.258724636504,1957.4790479871983,1891.8095330132396,1848.0298563639342,1807.8984861020706,1756.092535400392,1777.982373725045,1809.878995283825,1861.1637593587257,1922.4553066677536,1959.2302350531702,2058.172304280601,2001.282772960316,1958.6857100443933,1904.1190304269055,1876.7807951093218,1856.6725697455379,1838.128897678846,1864.4900551717394,1894.7890300922002,1929.5300047265755,1966.7744326640534,2005.1708167117713,2081.880444246334
2025-05-08,2045.0384012858096,2001.2587246365038,1935.5892096625453,1891.8095330132394,1844.3815499764921,1796.9535669397442,1785.2789864999293,1809.8789952838247,1855.6912997775623,1915.6451347445284,1954.8522673882399,2046.4977238407862,2045.0504254477155,2002.063166007967,1945.1632632065075,1915.3330283503753,1892.3872633131652,1869.4650452108797,1878.9628308338927,1905.5684216390289,1937.3001546391872,1972.0806781106214,2008.451101465628,2082.107907645966
2025-05-08,2088.8180779351155,2045.0384012858092,1979.368886311851,1935.5892096625453,1891.8095330132394,1834.895953369142,1791.1162767198368,1812.3806910923563,1852.4078240288643,1908.834962821303,1952.2254867892816,2037.0121272334368,2088.824090016068,2045.5746955334516,1986.8153724015995,1954.8357058474746,1929.342723508743,1902.3566338825722,1895.326374301669,1918.1811623582173,1946.8268668316377,1979.0596814355692,2013.3195976663649,2083.7633124636204
2025-05-08,2132.597754584421,2088.8180779351146,2023.1485629611566,1979.368886311851,1935.589209662545,1872.8383397985406,1796.9535669397442,1817.38408270942,1851.313332112632,1902.0247908980773,1951.3498932562952,2028.985853181064,2132.6007606248972,2089.175607433543,2028.9402743642947,1995.1160195540658,1967.3480631587402,1936.6092335514666,1913.4587005553499,1932.5253995179678,1958.0244553390567,1987.638714035489,2019.7140225121439,2086.799840947886
2025-05-09,2176.377431233727,2132.5977545844207,2066.9282396104622,2023.1485629611566,1979.3688863118507,1910.7807262279387,1802.7908571596515,1824.889170135015,1852.4078240288648,1898.1332640848061,1949.598706190323,2022.418901683668,2176.378934253965,2132.8361075833727,2071.4329040351254,2036.0325810684233,2006.2417623470926,1972.0527178429124,1933.2456945764907,1948.5049388715825,1970.8114139997383,1997.7482094201648,2027.5745356639434,2091.172210355596
2025-05-09,2220.1571078830325,2176.3774312337264,2110.707916259768,2066.9282396104622,2023.1485629611564,1957.479047987198,1813.0061150444894,1834.8959533691423,1855.6912997775623,1896.18750067817,1947.8475191243508,2017.311272741249,2220.1578593931513,2176.5363332330276,2114.2115441456176,2077.4697089709534,2045.887150375592,2008.5382261790905,1954.5806036059,1966.0289302971798,1985.1102125623042,2009.3216257293898,2036.843643462704,2096.836622623686
2025-05-09,2263.936784532338,2220.157107883032,2154.4875929090736,2110.707916259768,2066.9282396104622,2001.2587246365038,1826.1400180392811,1847.404432411801,1861.1637593587257,1896.18750067817,1946.0963320583787,2013.662966353807,2263.937160287397,2220.263042549233,2157.2126368202903,2119.3327548274424,2086.168582807292,2045.9355055544097,1977.3635621591739,1985.0115709018721,2000.847102738857,2022.2953142273136,2047.4661069026624,2103.7507156911597
2025-05-10,2307.716461181644,2263.9367845323372,2198.267269558379,2154.487592909073,2110.707916259768,2045.0384012858094,1842.1925661440266,1858.662063550194,1868.8252027723543,1898.133264084806,1944.3451449924064,2011.4739825213417,2307.716649059173,2264.0074076431383,2200.3867481559923,2161.544279009898,2126.9882066570854,2084.1305845889774,2001.5011476863851,2005.3718246201545,2017.951933718959,2036.608393514428,2059.3888532135757,2111.8735164170544
2025-05-10,2351.4961378309495,2307.7164611816434,2242.046946207685,2198.2672695583797,2154.4875929090736,2088.818077935115,1861.1637593587257,1869.9196946885868,1878.675630018448,1902.0247908980773,1942.5939579264343,2010.7443212438532,2351.4962317697136,2307.7635432555103,2243.695429561384,2204.0409218226905,2168.263223245265,2123.023738325387,2026.9059648988928,2027.0331573901603,2036.357976682925,2052.2026292085943,2072.560890910308,2121.1653950420773
2025-05-10,2395.275814480255,2351.496137830949,2285.8266228569905,2242.0469462076844,2198.267269558379,2132.5977545844207,1883.0535976833785,1881.1773258269798,1890.7150410970069,1907.8620811179849,1943.4695514594205,2011.4739825213417,2395.275861449637,2351.5275258801935,2287.1087765765346,2246.770843514849,2209.923572150541,2162.5277074259084,2053.4962569137742,2049.9232870423493,2056.001757875444,2069.022318857332,2086.9332281738084,2131.5880211433064
2025-05-10,2439.055491129561,2395.2758144802547,2329.606299506296,2285.8266228569905,2242.046946207685,2176.3774312337264,1907.862081117985,1896.18750067817,1904.9434360080315,1915.6451347445284,1946.0963320583787,2013.6629663538072,2439.0555146142515,2395.2967398464175,2330.6035301770526,2289.69162974467,2251.909971477976,2202.566139970028,2081.1955414857157,2073.973947083267,2076.822899821953,2087.01418185392,2102.4587944328305,2143.1043210329967
2025-05-10,2482.8351677788664,2439.05549112956,2373.385976155602,2329.606299506296,2285.8266228569905,2220.157107883032,1935.5892096625453,1913.6993713378922,1921.360814751521,1925.3739517777076,1950.4742997233093,2017.3112727412492,2482.8351795212116,2439.0694413736687,2374.1616000106346,2332.7685778689433,2294.17225962416,2243.0722280272958,2109.9322707078095,2099.120663602428,2098.763970290549,2106.127254139757,2119.092365020883,2155.67843655415
2025-05-10,2526.614844428172,2482.835167778866,2417.1656528049075,2373.385976155602,2329.606299506296,2263.9367845323377,1966.2349833170592,1933.7129378061463,1936.6837015787776,1937.048532217522,1956.603454454212,2022.418901683668,2526.6148502993447,2482.8444679416048,2417.7689158032663,2375.97329481595,2336.6679921554396,2283.987514658568,2139.6395126671428,2125.302544573264,2121.7703386216185,2126.312787484875,2136.790488787808,2169.275685227046
2025-05-13,2570.3945210774777,2526.6148444281716,2460.9453294542127,2417.1656528049075,2373.385976155602,2307.7164611816434,1999.799402081527,1956.2282000829325,1952.006588406035,1950.6688760639727,1964.4837962510871,2028.985853181064,2570.394524013064,2526.621044536664,2461.4145340084924,2419.282549890647,2379.361254551031,2325.2608500420947,2170.2546536387326,2152.462080859571,2145.790039065773,2147.5241531475667,2155.5114185501207,2183.862521702447
2025-05-13,2614.1741977267834,2570.3945210774773,2504.725006103519,2460.945329454213,2417.1656528049075,2351.4961378309486,2036.2824659559483,1981.2451581682494,1967.3294752332918,1966.2349833170592,1974.1153251139342,2034.8231434009715,2614.1741991945764,2570.398654483139,2505.0899429790697,2462.6773361607275,2422.22165760104,2366.8474780838437,2201.7191194927555,2180.5449582771553,2170.773640788227,2169.7167497227197,2175.215044268786,2199.406500478632
2025-05-15,2614.1741977267834,2587.9063917371996,2532.0873040093347,2491.591103108727,2450.000410291887,2386.5198791503935,2071.306207275393,2005.0112683493016,1982.652362060549,1980.828208866828,1982.871260443795,2038.4714497884133,2592.284360136027,2570.3972766812517,2519.602071445383,2482.262278872864,2445.017482751261,2392.2908584580478,2225.504629272415,2202.2032673216177,2190.2673422657513,2187.137522390318,2190.712278653441,2211.570042137611
2025-05-17,2584.987746627246,2587.9063917371996,2548.504682752824,2513.4809414333804,2475.5385550039814,2415.706330249931,2106.3299485948373,2028.777378530353,1997.9752488878062,1995.4214344165964,1991.6271957736565,2040.6604336208788,2559.4496022820995,2555.803132596892,2521.1604654415587,2490.326381701102,2457.570923009247,2409.0813567043133,2244.931094766335,2220.226132716426,2206.6745374931866,2201.897405957181,2203.884928291666,2221.8993799176296
2025-05-17,2526.614844428172,2570.3945210774773,2553.9771423339876,2526.6148444281716,2493.7800869411926,2439.0554911295603,2136.9757222493513,2052.5434887114047,2013.2981357150627,2007.0960148564113,2000.3831311035176,2041.3900948983674,2521.1423850304827,2531.4804776575497,2512.6437326276277,2488.96434280615,2461.4577298968807,2418.3005830886323,2260.279744638111,2234.815523553228,2220.1457877510247,2214.112091253776,2214.824153369595,2230.454651650785
2025-05-22,2526.614844428172,2561.638585747616,2564.922061496314,2544.126715087894,2515.669925265845,2465.323297119144,2169.0808184588423,2080.062142605254,2031.9044982910177,2019.7434769995439,2011.765847032337,2042.8494174533441,2545.76845305398,2544.451825464192,2525.477241172039,2503.769829764573,2478.217236232357,2437.312325337238,2280.287149569683,2253.458801193464,2237.2310918157295,2229.602631680893,2228.7680893581396,2241.6002211401847
2025-05-22,2555.801295527709,2552.882650417755,2575.8669806586404,2561.638585747616,2537.559763590498,2491.5911031087276,2201.185914668333,2110.082492307635,2052.6998446994376,2032.3909391426766,2024.8997500271287,2046.4977238407862,2579.9713253903815,2567.692616218389,2545.1876759619827,2523.8433512122474,2499.133691846884,2459.4200593859305,2301.828249450786,2273.498545445315,2255.6185603967565,2246.323134552453,2243.8820543922043,2253.8157613561384
2025-05-22,2614.1741977267834,2570.3945210774773,2586.811899820967,2579.1504564073384,2559.4496019151507,2517.85890909831,2237.6689785427543,2142.604537818548,2075.684174940324,2047.9570463957634,2039.7848400878927,2051.6053527832055,2618.9625998832353,2597.7797022709556,2570.2468311651173,2548.2270826965823,2523.567566082146,2484.2367862597002,2324.8040962201603,2294.857174830358,2275.244673273797,2264.2201232404373,2260.1201649798077,2267.066191291219
2025-05-23,2614.1741977267834,2579.1504564073384,2581.3394402398035,2583.528424072269,2570.394521077477,2535.3707797580328,2268.3147521972683,2173.8757354251943,2097.574013264976,2062.5502719455317,2053.7943366156705,2055.9833204481356,2594.6785604803563,2588.651308539796,2570.2796511456418,2552.2575260385634,2530.7717130045053,2495.006503111922,2340.648639759342,2310.1648051774205,2289.6422268251963,2277.5320535811784,2272.2877867875595,2277.0113824317523
2025-05-23,2584.987746627246,2587.9063917371996,2564.922061496314,2579.1504564073384,2574.04282746492,2547.0453601978475,2296.0418807418287,2201.394389319044,2119.463851589629,2077.1434974953004,2065.17705254449,2060.3612881130666,2560.646702454264,2567.9724871692547,2560.576360763982,2547.5952202912194,2530.1321947619927,2498.957545776453,2352.646459415396,2322.189807358018,2301.201866708268,2288.3617401397432,2282.261396891113,2285.195102497209
2025-05-28,2570.3945210774777,2596.6623270670607,2570.3945210774773,2579.1504564073384,2581.339440239804,2561.6385857476166,2325.2283318413656,2230.163891117159,2144.6371656629794,2094.655368155022,2077.4353620062957,2066.9282396104622,2587.410450090523,2583.3730573550974,2572.48699120016,2559.7004889158675,2543.0617336796527,2513.3596272702443,2369.519216725808,2338.4111623785047,2316.468809684781,2302.527499165267,2295.277585159178,2295.9813023408014
2025-05-28,2599.5809721770147,2605.418262396922,2586.811899820967,2579.150456407338,2588.636053014688,2576.231811297385,2354.4147829409026,2258.9333929152745,2171.999463568796,2114.1130022213806,2089.693671468101,2074.954513662835,2622.682162233306,2608.233329695428,2591.479631905922,2577.5647408177256,2560.7374476329505,2531.433908158475,2388.1279043161485,2356.1635352672592,2333.126617718503,2317.980819826607,2309.500184736312,2307.8492555222865
2025-05-30,2614.1741977267834,2587.9063917371996,2597.7568189832937,2579.1504564073384,2584.987746627246,2582.069101517292,2379.223266375509,2287.7028947133895,2198.2672695583797,2132.5977545844207,2101.9519809299068,2082.251126437719,2596.5383416553914,2595.6203934894443,2586.794051721823,2576.261064501317,2562.223151239801,2536.30398477335,2399.8870408813955,2368.0652567011603,2344.700661784794,2328.9553285766447,2319.7313351810635,2316.4572970158997
2025-06-01,2584.987746627246,2579.1504564073384,2592.2843594021306,2579.1504564073384,2574.0428274649194,2582.069101517292,2401.1131047001622,2312.719852798707,2224.5350755479626,2151.0825069474604,2114.2102903917125,2089.5477392126036,2561.5765930417815,2572.6185438023535,2573.420894545456,2567.2344790334723,2556.744950191858,2535.092842230202,2408.0630282069937,2376.873567130439,2353.574524352764,2337.5492205701894,2327.8444139750677,2323.347708406466
