date,sma_3,sma_5,sma_8,sma_10,sma_12,sma_15,sma_30,sma_35,sma_40,sma_45,sma_50,sma_60,ema_3,ema_5,ema_8,ema_10,ema_12,ema_15,ema_30,ema_35,ema_40,ema_45,ema_50,ema_60
2017-05-08,,,,,,,,,,,,,1641.7849697536892,1641.7849697536892,1641.7849697536892,1641.7849697536892,1641.7849697536892,1641.7849697536892,1641.7849697536892,1641.7849697536892,1641.7849697536892,1641.7849697536892,1641.7849697536892,1641.7849697536892
2017-06-06,,,,,,,,,,,,,2431.418939661097,2352.455542670356,2308.0386318630644,2293.2329949273003,2283.3625703034577,2273.492145679615,2253.7512964319303,2250.931175110832,2248.8160841200083,2247.1710133493684,2245.8549567328555,2243.8808718080872
2017-08-13,2826.2359246148003,,,,,,,,,,,,3333.8577624124196,3137.933544315092,3022.6215751617206,2983.638044862124,2957.53764709363,2931.3647075906383,2878.858699358723,2871.34559101321,2865.709399469576,2861.3249917436683,2857.817072591366,2852.554620028805
2017-10-12,4010.6868794759116,,,,,,,,,,,,4326.540467438875,3992.4645570934326,3784.046744843834,3712.228693325265,3663.8605797622704,3615.171103398395,3517.078008553493,3503.0098353881567,3492.452595751194,3484.2382495221773,3477.6650061505884,3467.8025610716795
2017-10-31,5195.1378343370225,4010.6868794759116,,,,,,,,,,,5386.178310927525,4908.848740981967,4590.322553423379,4477.955231308338,4401.7142283167705,4324.5912425523165,4168.368515417552,4145.898233265056,4129.028455657168,4115.898686185978,4105.3899318507365,4089.619584312034
2017-11-16,6379.588789198134,5195.137834337023,,,,,,,,,,,6492.39364204205,5879.091468422236,5439.034110871842,5279.517978240968,5170.3256979693615,5059.220458077969,4832.6781011453995,4799.977876378497,4775.4148952583155,4756.290773176297,4740.980519814075,4717.999125894265
2017-11-25,7564.039744059245,6379.588789198135,,,,,,,,,,,7629.324442358677,6895.017665135753,6327.43607550464,6115.401051939153,5968.7806988875145,5818.574434074831,5509.943400460399,5465.208699335092,5431.585003208421,5405.39557568278,5384.422948744741,5352.933173927662
2017-11-28,8748.490698920357,7564.039744059244,5787.363311767578,,,,,,,,,,8785.649944563056,7948.774963021268,7252.550522948609,6983.90993662713,6796.039990140324,6602.094982795726,6200.089999670227,6141.543571999349,6097.507088381987,6063.1907791754375,6035.700921636426,5994.412274820412
2017-12-03,9932.941653781467,8748.490698920355,6971.814266628689,,,,,,,,,,9953.802825197807,9033.188941056917,8211.26359872935,7883.211117861086,7650.957347871881,7409.156539075785,6903.032667834849,6828.928407682575,6773.144735780475,6729.6507205875605,6694.79568425299,6642.4255407419805
2017-12-06,11117.392608642578,9932.941653781467,8156.2652214898,6971.814266628689,,,,,,,,,11128.970819345033,10141.96841427742,9200.415653085482,8811.372103896634,8532.298478193228,8239.073228320232,7618.675619649,7527.3022866504625,7458.4568705144475,7404.746424064456,7361.6860463410385,7296.960658202344
2017-12-06,12301.843563503688,11117.392608642578,9340.716176350912,8156.2652214898,,,,,,,,,12308.208468488288,11269.782463017025,10216.88085089793,9766.400307564745,9438.760304263204,9091.10635769386,8346.912808464003,8236.597594400117,8153.39782964237,8088.445641180773,8036.348405527571,7958.003897734863
2017-12-07,13486.294518364799,12301.843563503691,10525.167131212022,9340.716176350912,8156.265221489801,,,,,,,,13489.765436913845,12412.242132435478,11257.633687839692,10746.279495716086,10368.990091432179,9964.472178532706,9087.62824771178,8956.740174096392,8857.917441621314,8780.712895517543,8718.7567738501,8625.540124667883
2017-12-07,14670.745473225912,13486.2945183648,11709.618086073135,10525.167131212022,9340.716176350912,,,,,,,,14672.625324576566,13565.820918699255,12319.801234093946,11749.002795570794,11321.603929617952,10858.349771047438,9840.696358848427,9687.649492500794,9571.961113100713,9481.509531478881,9408.882806861066,9299.552810968602
2017-12-07,15855.196428087022,14670.745473225912,12894.069040934244,11709.618086073135,10525.167131212023,,,,,,,,15856.208593952131,14727.743223653571,13400.70112761684,12772.601549729536,12295.204162838847,11771.888909643903,10605.982343806902,10429.238818674305,10295.469922767668,10190.793767217694,10106.69583524303,9980.02404814106
2017-12-16,17039.64738294813,15855.196428087022,14078.519995795357,12894.069040934244,11709.618086073133,9932.941653781467,,,,,,,17040.18959811348,15895.862513637976,14497.866267766736,13815.169608253611,13288.395436272582,12704.21777803517,11383.34257983902,11181.415414688576,11028.380721931146,10908.520751529559,10812.162898866061,10666.934561158665
2017-12-16,18224.09833780924,17039.647382948133,15262.970950656467,14078.519995795355,12894.069040934244,11117.392608642576,,,,,,,18224.387514818136,17068.543441640893,15609.057790571176,14874.882916567458,14299.799115731368,13654.450417044969,12172.62503453668,11944.08073753822,11770.626241513066,11634.642624564587,11525.248783213747,11360.263723410095
2017-12-20,18224.09833780924,17513.427764892574,16003.252797444662,14907.635664198135,13782.407257080078,12064.953372531465,,,,,,,17632.012929423712,17058.901636037077,15931.463840660808,15281.90615296293,14747.471922852517,14126.35152869572,12635.633176595815,12399.528074262093,12219.452896832629,12077.780994671893,11963.510311128804,11790.689907875316
2017-12-21,17434.464367901834,17513.427764892578,16447.421905517578,15499.861141628691,14473.33698074906,12854.587342438874,,,,,,,16743.601289733913,16657.39489140364,15914.329633530051,15389.03272004874,14926.755028749276,14363.933379487662,12932.817260830674,12698.293597095062,12518.275765735509,12375.994979557076,12260.83503878924,12086.02886942838
2017-12-22,15855.196428087022,17039.647382948133,16595.478274875215,15855.196428087022,14966.858211941188,13486.294518364799,,,,,,,15707.171404646788,15994.879562657343,15635.625810792466,15255.485309711166,14885.64929459349,14405.578871565189,13088.900477322726,12863.713528695553,12689.468392672517,12550.952218642384,12438.351322218028,12266.639902636085
2017-12-30,14670.745473225908,16092.086619059244,16447.421905517578,15973.641523573135,15262.970950656469,13960.074900309244,,,,,,,14596.73190250816,15158.433004440698,15154.841185571391,14927.894162188479,14662.463468226993,14282.124181554695,13123.709945691318,12914.488933809916,12750.951685871192,12620.00256780013,12512.97343187724,12348.817210425801
2018-01-05,14670.745473225908,15381.416046142578,16447.421905517574,16210.531714545355,15657.787935610171,14512.818679244428,,,,,,,15225.964465339059,15390.73405204462,15311.274220114237,15099.024887485444,14851.626799346746,14491.433495459514,13357.575500361132,13148.244355134342,12983.865900661429,12851.802228838831,12743.589026924565,12577.169507548977
2018-01-05,15460.379443133317,15381.416046142578,16447.421905517578,16447.421905517578,16052.604920563876,15065.562458179616,,,,,,,16132.806140351498,15940.445301869104,15696.888142323238,15456.186104031416,15196.998659936518,14827.782687566147,13666.313593478642,13450.339765972309,13280.390857995642,13143.637445255834,13031.446077139559,12858.683958205313
2018-01-09,15855.196428087022,15144.525855170355,16003.252797444662,16328.976810031465,16151.309166802299,15381.416046142578,,,,,,,15401.775719643088,15517.174310182685,15468.150095133506,15311.951083278143,15114.262315142169,14807.198668830584,13748.936869014098,13543.035336810204,13379.627461919748,13247.33808902199,13138.317333060239,12969.635857226474
2018-01-11,15065.562458179615,14907.635664198135,15262.970950656467,15973.641523573131,16052.604920563872,15539.34284012406,,,,,,,14444.035061918152,14840.17416360699,15026.677425709468,14977.303436995755,14859.176918568943,14635.103956186873,13727.708886104298,13538.811761369221,13387.07260674533,13263.177858171057,13160.428697431742,13000.395790463219
2018-01-16,13486.294518364799,14670.745473225912,14670.745473225912,15381.416046142578,15756.492181848596,15539.34284012406,,,,,,,13372.939280789777,13994.030454481044,14420.025534203065,14487.611532224731,14459.605836920042,14332.71216661775,13614.31310375444,13448.442684055517,13312.885050415427,13200.874706140008,13107.167667009859,12959.890094224284
2018-01-22,12301.843563503688,13723.184709337022,14078.519995795355,14552.3003777398,15262.970950656467,15381.416046142576,,,,,,,12245.165927911044,13035.125856093098,13685.039224845923,13871.504415294778,13938.650835521104,13917.913334992834,13418.675597728521,13281.072566969173,13165.680920512263,13068.66634046387,12986.488610970267,12855.67845271204
2018-02-01,11117.392608642578,12301.84356350369,13486.2945183648,13841.629804823135,14572.041226987485,15065.562458179616,,,,,,,11089.053782232548,12001.046254543538,12850.296459929501,13152.211652340326,13315.537753814417,13405.87571850983,13149.29011141986,13044.5184935898,12952.819629106907,12873.584603083436,12805.17840446807,12694.207159337882
2018-02-04,9932.941653781467,11117.392608642576,12894.069040934244,13130.959231906465,13683.703010841651,14591.782076235168,,,,,,,9918.772236216813,10916.848347396746,11937.982207179502,12348.618822505949,12606.317891101495,12809.520826510778,12813.473363390156,12745.507242799573,12680.628484796323,12621.671032893575,12569.065126711348,12481.00810157606
2018-02-05,8748.490698920354,9932.941653781465,11857.674455430772,12420.288658989799,12894.069040934242,13960.074900309244,,,,,,,8741.405987945012,9799.236736941411,10965.330075398118,11476.104652098393,11824.428529904064,12139.90216344709,12417.567451517078,12389.863259186863,12354.580799493826,12318.147807893185,12283.183566475527,12220.856570460324
2018-02-15,8748.490698920354,9459.161271837022,10969.336239284938,12064.953372531465,12400.547809742113,13407.331121374058,11670.136387577762,,,,,,9337.17382141809,9843.805274983924,10735.788379038839,11194.846279167392,11531.479482445746,11858.91614970934,12232.200976786271,12223.403474491979,12202.537138240421,12177.332946158094,12151.301440525745,12102.193191661523
2018-02-19,9538.124668827762,9459.161271837022,10525.167131212022,11591.172990587022,12104.435071026835,12854.587342438874,11985.989975540724,,,,,,10227.283215444824,10268.335862181719,10820.624402356883,11180.735746517572,11467.412764168957,11764.725127069118,12149.861013874604,12149.372598347658,12135.346865621652,12115.716159826248,12094.248507995862,12052.072444404344
2018-03-14,9932.941653781463,9222.2710808648,9932.941653781467,10762.057322184242,11709.618086073133,12301.84356350369,12183.398468017578,,,,,,9487.886957010436,9761.719633516024,10360.002089114436,10737.78902039133,11047.112876278437,11382.365796796688,11900.960879962504,11924.29570687018,11928.357964250377,11922.79857119668,11912.52504187732,11886.929245491834
2018-03-29,9143.307683874058,8985.380889892578,9340.71617635091,10051.386749267576,11018.688362404151,11749.099784568503,12301.843563503686,,,,,,8525.963350422857,9029.158538400581,9738.521648758448,10159.97486377867,10509.084605001532,10899.181468255358,11586.325316087308,11638.759806874743,11664.881078166538,11676.476131919488,11679.851951348763,11674.486230134964
2018-06-13,7564.039744059242,8748.490698920355,8748.490698920355,9340.71617635091,10130.350146258317,11196.356005633317,12341.325261999058,,,,,,7452.776069748026,8145.967712187596,8991.946859287422,9471.882839830188,9871.60111863642,10328.13781275674,11211.596092442811,11297.743971625814,11349.460146705234,11380.989432132983,11400.24819054894,11418.462837224335
2018-11-19,6379.58878919813,7800.929935031466,8156.265221489799,8630.045603434244,9340.716176350908,10643.612226698133,12301.843563503686,11117.392608642576,,,,,6323.95695200967,7162.357077398167,8148.083813163664,8693.599602162545,9150.060799036268,9680.464451862777,10781.79484992546,10905.678949059975,10986.13606697951,11040.107028809485,11077.283216078724,11122.159570545356
2018-11-24,5195.13783433702,6379.588789198133,7564.039744059243,7919.375030517576,8551.082206443503,9853.978256790724,12183.398468017578,11185.075520348926,,,,,5167.321915725958,6111.799863769258,7228.554038048002,7841.5399652511405,8357.450414971592,8965.903379181394,10301.408229537445,10466.52293513066,10578.51645639804,10657.19102201735,10714.139481939728,10788.516266396493
2019-05-11,5195.13783433702,5905.8084072536885,7415.983374701605,7564.039744059242,8057.560975251373,9143.307683874058,12104.435071026837,11286.59988790845,,,,,5773.455352466455,6201.062866157724,7039.877820699294,7575.572071641459,8052.5333338959645,8640.285934015257,10024.946505664931,10208.318690583314,10335.493150984348,10426.709891985465,10494.0711402134,10584.548056927331
2019-05-13,5984.771804244428,5905.808407253688,7119.870635986326,7445.594648573131,7761.448236536094,8669.527301929613,12025.471674036095,11388.124255467972,,,,,6668.747548266106,6655.388584573313,7156.366542685782,7573.474261375062,7977.248714734166,8504.908219199784,9852.499967320688,10042.52225846852,10176.534486617988,10274.054620173982,10347.010573651636,10446.669655220494
2019-05-27,7564.039744059242,6379.588789198133,6823.757897271048,7564.039744059242,7662.743990297669,8353.67371396665,11946.508277045355,11489.648623027499,,,,,7708.619123595121,7353.0893840033705,7510.191506139251,7787.198923232445,8096.077300228281,8535.523621455868,9775.564817682953,9961.961972927922,10095.324422180676,10193.495459853224,10267.650594718934,10370.136430657285
2019-06-21,8748.490698920354,7327.149553087022,6971.814266628688,7564.039744059244,7761.4482365360955,8195.74691998517,11867.544880054613,11591.172990587022,10643.612226698133,,,,8820.780388689303,8213.040218368067,8048.6036197223375,8177.461418069861,8379.026369501871,8711.041580595267,9786.47552678751,9960.167328698126,10086.164115454854,10179.863770874825,10251.205192965379,10350.672055613964
2019-06-25,9932.941653781465,8748.490698920355,7415.983374701604,7564.039744059244,8057.560975251373,8195.74691998517,11788.581483063874,11692.697358146546,10880.502417670355,,,,9969.086498666462,9181.157740162469,8730.579576246442,8712.137229273294,8800.760641769051,9013.101428398453,9878.304170029855,10031.284246154632,10143.897008055932,10228.483736044389,10293.346018268225,10384.411364662192
2019-06-26,11117.392608642576,9932.941653781465,8156.265221489799,7919.375030517576,8254.969467728226,8353.67371396665,11709.618086073131,11794.221725706067,11117.392608642576,,,,11135.46503108534,10221.386389754392,9524.214475756322,9364.953827886153,9339.872455442826,9425.707316249162,10044.774097434887,10170.00244161252,10263.844623035051,10335.113842830297,10390.147946323106,10467.851381390867
2019-07-16,11117.392608642578,10406.72203572591,8748.490698920355,8156.2652214898,8156.2652214898,8432.63711095739,11512.20959359628,11794.22172570607,11265.448978000215,,,,10534.203342433333,10125.23814185366,9615.044578386372,9468.242817196848,9431.1831881116,9489.315716782803,10037.124384480656,10155.59915842071,10245.575958038138,10314.593810500464,10368.308474705711,10444.821067680637
2019-09-24,10327.75863873517,10406.72203572591,9340.71617635091,8393.15541246202,8156.265221489798,8511.600507948131,11235.837704128686,11726.53881399972,11354.282799614799,,,,9641.347020676792,9666.322319344376,9422.474014095102,9337.359640959405,9326.086065421456,9396.451853501148,9949.318851888953,10070.54884533783,10163.451984414469,10235.284893833954,10291.590346867953,10372.528553429669
2019-10-23,8748.490698920354,9932.941653781465,9488.772545708549,8630.045603434244,8156.2652214898,8353.673713966651,10880.502417670355,11591.172990587022,11383.894073486326,10564.648829707392,,,8602.693382367986,8965.56145257029,9009.483557392801,9014.899229860996,9054.854594742039,9166.836229791248,9787.376186113603,9919.78400630192,10021.719943497825,10100.972592004666,10163.451444060902,10254.004288328671
2020-02-09,8748.490698920354,9696.051462809244,9784.885284423826,9222.271080864799,8452.377960205076,8274.71031697591,10564.64882970739,11489.648623027499,11443.116621229383,10748.89675601912,,,9267.817518074735,9288.021522200906,9214.698424577035,9181.83238860688,9190.007068984885,9262.805709857807,9797.225739794454,9920.571810965297,10016.90698479361,10092.580948954297,10152.7056426626,10240.581137484322
2020-03-12,8353.673713966651,8748.490698920355,9636.828915066188,9340.71617635091,8649.786452681928,8195.74691998517,10248.795241744428,11286.599887908447,11413.505347357854,10854.181285340108,,,8415.928631066983,8713.360926445279,8847.882663904376,8887.66469180077,8939.760866094857,9050.059798567765,9646.59344369679,9780.08288412743,9884.647637244632,9967.113791640804,10032.91505724123,10129.679439561358
2020-03-12,7958.856729012947,8037.820126003688,9192.659806993272,9222.271080864799,8847.19494515878,8116.7835229944285,9932.941653781463,11015.868241083052,11324.67152574327,10906.823550000601,,,7397.7587101325535,7935.436877951138,8299.36974985418,8431.620982593251,8545.75850099739,8715.700622042757,9426.87328767399,9578.176264734691,9696.620224613185,9790.186172712727,9865.042354713349,9975.627757814453
2020-03-12,6379.58878919813,7327.149553087022,8452.377960205078,8866.935794406465,8748.490698920354,8037.820126003687,9617.088065818501,10677.453682551306,11176.615156385631,10906.823550000601,,,6296.448272234784,7022.003861264256,7609.537340266737,7843.137923765828,8030.134733678993,8274.995611447483,9143.047989921639,9318.920801769598,9456.308984966494,9564.885637067206,9651.892778490848,9780.862936003057
2020-04-25,6379.58878919813,7327.149553087022,7860.152482774522,8630.045603434244,8748.490698920354,8195.74691998517,9419.679573341651,10372.880579872735,11058.17006089952,10933.144682330847,10240.898902045354,,6930.244008147014,7202.682489145947,7599.426728049675,7792.390572237145,7958.410902724152,8186.01400290845,9037.412710550107,9215.491831711466,9355.753359463266,9467.323600166057,9557.205010610263,9691.2587817071
2020-04-29,7169.222759105539,7090.259362114799,7712.096113416882,8393.155412462022,8748.490698920354,8511.600507948133,9182.789382369427,10068.307477194163,10939.72496541341,10959.465814661095,10383.033016628688,,7839.367353533684,7717.951892942823,7854.774970182631,7966.233203401857,8079.98589330749,8256.401197529078,9018.129859372953,9188.060556244165,9323.62335967048,9432.457192721431,9520.752086547924,9653.440699885845
2020-05-07,8748.490698920354,7564.039744059244,7860.152482774522,8156.265221489799,8748.490698920354,8748.490698920354,8945.899191397206,9865.258742075115,10821.279869927299,10985.786946991342,10525.167131212022,,8886.154503657575,8456.281813737012,8316.590763651844,8323.827067488895,8365.104137472526,8466.171131954801,9079.049500734114,9231.675425568432,9355.72955335808,9456.611388719057,9539.223363850155,9664.571014736051
2020-07-31,9932.941653781465,8511.600507948133,8304.321590847438,8274.71031697591,8748.490698920354,8985.380889892576,8827.454095911095,9729.892918662417,10702.834774441188,11012.10807932159,10667.301245795354,,10001.773556150076,9343.318745784398,8938.992195562267,8831.76028867299,8788.593619372012,8797.853811106834,9214.506681632232,9341.75948683049,9448.19341348185,9536.381826387113,9609.551577453949,9722.02124638449
2020-10-21,11117.392608642576,9932.941653781465,8600.434329562715,8630.045603434242,8748.490698920354,9222.271080864799,8787.972397415724,9662.210006956067,10584.389678955074,11038.429211651835,10809.435360378688,,11151.80855982688,10329.493685329671,9686.293453869996,9462.69693344632,9329.158940701207,9236.17629419664,9419.277342853173,9514.076422684184,9597.41900017302,9668.610025378024,9728.890462660524,9823.352783116563
2020-10-27,12301.843563503688,11117.392608642578,9340.71617635091,9222.271080864799,9044.603437635631,9459.161271837022,8827.454095911095,9662.21000695607,10465.944583468965,11064.750343982083,10951.569474962022,,12319.051539095839,11381.760629892038,10530.73897360587,10194.271906741606,9968.78366949887,9767.784657633461,9688.538940172175,9744.700258416204,9800.067721562613,9850.361306599663,9894.594821343186,9966.29966467121
2020-11-05,13486.294518364799,12301.84356350369,10377.110761854383,9696.051462809244,9538.124668827762,9696.051462809242,8945.899191397206,9628.368551102893,10347.499487982854,11091.071476312329,11093.703589545355,,13494.898506160875,12478.088911154278,11450.741128685911,11008.186910925766,10692.225007326972,10381.00154839458,10017.835190742633,10029.988279050986,10053.03578802613,10078.905076411935,10104.202725695857,10148.75321262054
2020-11-12,14670.745473225912,13486.2945183648,11709.618086073133,10525.167131212022,10229.054392496744,9932.941653781465,9143.307683874058,9594.52709524972,10317.888214111326,11117.392608642576,11235.837704128688,,14675.047467123948,13603.791416901855,12429.509561089168,11889.470864922514,11486.586463596945,11065.614677811558,10403.04444203434,10366.556762344342,10353.43402858433,10351.697184403414,10355.4195967386,10368.74828090146
2020-11-17,15855.196428087022,14670.745473225912,12894.069040934244,11591.172990587022,10821.279869927299,10406.72203572591,9419.67957334165,9662.210006956067,10347.499487982854,11143.713740972822,11377.971818712023,,15857.347425036041,14749.076738987365,13453.985111378359,12825.874851156643,12340.956458770555,11812.692235027695,10840.351230132113,10751.259188051274,10698.569783942075,10666.364104091244,10646.10393104838,10624.450930866687
2020-11-20,17039.64738294813,15855.196428087022,14078.519995795355,12894.069040934244,11709.618086073133,11038.429211651837,9775.014859799985,9797.575830368767,10436.333309597438,11170.03487330307,11520.105933295355,,17040.72288142264,15907.417271975244,14514.01065810179,13807.377110510179,13246.102658643907,12614.421738578681,11326.220653027398,11181.166630011263,11085.930629414248,11020.68871989515,10974.254479905823,10914.147361748188
2020-11-30,18224.098337809246,17039.647382948133,15262.970950656467,14078.519995795355,12795.364794695817,11828.063181559242,10090.868447762947,10000.624565487815,10584.389678955076,11196.356005633317,11662.240047878688,10880.502417670355,18224.636087046496,17074.461278905354,15601.686217718285,14825.778063188629,14194.213426707865,13463.969307631409,11857.375234504021,11653.550076820105,11513.169713938163,11412.597532643204,11337.998711163285,11236.233949973135
2020-12-16,19408.54929267035,18224.098337809242,16447.421905517578,15262.970950656465,14078.519995795354,12538.733754475912,10406.72203572591,10271.35621231321,10702.834774441186,11222.677137963563,11804.374162462022,11196.356005633317,19408.818167288977,18247.30760180199,16710.86735711999,15874.368978323875,15178.679117985641,14355.356732974771,12430.773996788399,12165.864460287372,11978.092529459449,11840.149120508891,11735.582406401412,11589.208269993127
2020-12-17,20593.000247531465,19408.549292670352,17631.872860378688,16447.421905517578,15262.970950656467,13486.294518364797,10841.020719174983,10609.770770844956,10821.279869927299,11327.961667284551,11946.508277045354,11512.20959359628,20593.134684840774,19424.022135346408,17836.775070842636,16947.660895828623,16193.907065295918,15283.354071535936,13043.593496499743,12715.73419944792,12478.64494898703,12301.523713344093,12165.360264972149,11971.660985718016
2020-12-18,21777.451202392567,20593.00024753146,18816.323815239797,17631.872860378688,16447.421905517574,14591.78207623517,11354.282799614799,11015.868241083052,11028.558787027992,11485.888461266033,12088.642391628688,11828.063181559242,21777.51842104723,20603.31547599167,18975.69235264852,18041.16284174508,17235.16506064218,16243.385785058555,13693.210609584197,13300.94009237598,13012.902392189964,12795.013756428212,12625.787402838456,12382.268515729427
2020-12-25,22961.902157253684,21777.45120239257,20000.774770100907,18816.323815239797,17631.872860378688,15855.19642808702,11946.508277045354,11489.648623027497,11295.060251871742,11696.457519908008,12230.776506212022,12143.916769522206,22961.93576658101,21784.32802137239,20124.728195848536,19151.200372157422,18298.448938098136,17231.44870039419,14377.186877665663,13919.407409080623,13579.059995090765,13319.015355170317,13115.411648139629,12819.786387552256
2020-12-26,24146.353112114786,22961.90215725368,21185.225724962016,20000.774770100907,18816.323815239797,17039.64738294813,12617.69715146665,11929.587549118765,11620.784264458547,11959.668843210478,12372.910620795354,12459.77035748517,24146.369916778454,22966.48670324446,21281.63403807891,20274.76711160009,19380.37054340308,18244.040291329275,15093.25425127405,14569.195056872444,14175.423675641423,13872.020505669067,13632.866547488971,13283.04320669006
2020-12-28,25330.804066975903,24146.35311211479,22369.676679823126,21185.225724962016,20000.774770100907,18224.098337809242,13367.849422878684,12369.526475210036,12005.730824788408,12196.559034182697,12515.044735378688,12775.623945448131,25330.812469307733,24149.40947611147,22444.660996145652,21409.403285936234,20478.06294904363,19278.095974822765,15839.302085284762,15248.485705226125,14800.402000121288,14452.610027580062,14176.865007441591,13770.935175136032
2020-12-30,26515.255021837005,25330.8040669759,23554.127634684235,22369.676679823126,21185.225724962016,19408.54929267035,14078.519995795354,12910.989768860829,12449.899932861324,12433.44922515492,12728.245907253686,13091.477533411093,26515.259223002926,25332.841642975567,23612.448826445736,22553.09634097122,21589.100258319668,20330.934282060116,16613.365259093945,15955.576770691392,15452.498766680088,15059.447125734081,14746.193504600096,14282.421101867496
2020-12-31,27699.705976698122,26515.25502183701,24738.578589545345,23554.12763468424,22369.676679823126,20593.00024753146,14789.190568712018,13520.135974217972,12953.291588677295,12749.302813117883,12988.825117323131,13407.331121374058,27699.708077281077,26516.61340583805,24783.939560823135,23704.199630809013,22711.429751613345,21400.208910324985,17413.613308958666,16688.872174136544,16130.30623222494,15691.271515620467,15339.706805660919,14816.51785459628
2021-01-02,28884.156931559224,27699.705976698122,25923.029544406454,24738.578589545345,23554.127634684235,21777.45120239257,15499.861141628684,14196.965091281463,13515.905792236324,13117.79866574134,13296.782365587018,13723.18470933702,28884.15798185071,27700.61156603298,25958.31033442568,24861.365890298253,23843.314474463208,22483.866788329153,18238.340472882694,17446.87479280425,16832.498917435903,16346.894055389388,15956.323145517128,15372.296207929687
2021-01-02,30068.60788642034,28884.156931559228,27107.480499267564,25923.029544406454,24738.578589545345,22961.902157253684,16210.53171454535,14941.477120051304,14048.908721923824,13538.936783025292,13652.117652045352,14039.038297299983,30068.608411566078,28884.760657783027,27134.921140674553,26023.49280340805,24983.284659923134,23580.111397873756,19085.956559707392,18228.179538538767,17557.827932174394,17025.191833596436,16595.01981747071,15948.877048222788
2021-01-03,31253.058841281443,30068.60788642034,28291.931454128673,27107.480499267567,25923.029544406454,24146.353112114786,16921.202287462016,15753.672060527493,14581.911651611323,14012.717164969734,13983.763919406463,14354.891885262943,31253.059103854317,30069.010370569908,28313.274196213275,27189.678468194248,26130.096625352217,24687.37069072896,19954.978563910452,19031.467001292684,18305.115770078908,17725.103667649622,17254.82913479202,16545.427899879338
2021-01-05,32437.50979614256,31253.058841281447,29476.382408989783,28291.931454128673,27107.480499267564,25330.8040669759,17631.872860378684,16532.02554515051,15203.748402913407,14539.13981157467,14315.410186767573,14670.745473225908,32437.50992742899,31253.327164048074,29492.982335844572,28359.184958936654,27282.697993237736,25804.269023297322,20844.022956223314,19855.497603797063,19073.251526854237,18445.62597293783,17934.834727400525,17161.159741775413
2021-01-06,33621.960751003666,32437.50979614256,30660.833363850892,29476.38240898978,28291.931454128673,26515.25502183701,18460.98852878146,17310.379029773525,15884.807701958543,15118.204722840104,14718.123511420352,14986.59906118887,33621.96081664688,32437.68867798714,30673.74443079506,29531.40851321939,28440.19826280862,26929.60260459012,21751.798587721853,20699.106219215042,19861.18650176653,19185.80896701959,18634.168141418348,17795.324085914184
2021-01-06,34806.411705864775,33621.960751003666,31845.284318712,30660.833363850892,29476.382408989783,27699.705976698122,19369.06759417498,18088.73251439654,16625.08954874674,15749.91189876603,15168.214874267573,15302.452649151832,34806.41173868638,33622.08000556684,31855.32626957172,30705.855139418276,29601.843909044073,28062.318016696077,22677.100151668412,21561.197208809346,20667.93014625186,19944.75317711533,19352.00571284144,18447.210293436718
2021-01-07,35990.862660725885,34806.41170586478,33029.73527357311,31845.284318712005,30660.833363850892,28884.156931559228,20356.11005655923,18867.085999019553,17424.593943277985,16355.297942361707,15665.684275309239,15618.306237114793,35990.86267713668,34806.49120890696,33037.54568750394,31882.1206590737,30766.997312437794,29201.4934224692,23618.80215321119,22440.739841235845,21492.546327412452,20721.606222546092,20087.56568964754,19116.143105768388
2021-01-07,37175.313615586994,35990.86266072589,34214.18622843422,33029.73527357311,31845.284318712,30068.607886420337,21303.670820448126,19645.439483642567,18283.320885552293,16960.68398595739,16210.531714545348,15934.159825077757,37175.31362379239,35990.915662754065,34220.2610008214,33059.87437781705,31935.118930107154,30346.322123654856,24575.853342183884,23336.764059111145,22334.14987758167,21515.559846758853,20840.105579370083,19801.480371020898
2021-01-08,38359.764570448104,37175.313615587,35398.63718329533,34214.18622843422,33029.73527357311,31253.058841281447,22369.676679823126,20423.79296826558,19112.43655395507,17645.033426543807,16802.757191975903,16309.235960783777,38359.764574550805,37175.348950272484,35403.362010928635,34238.845725125895,33105.752209550235,31496.09817501985,25547.27156878547,24248.356562063655,23191.90340414603,22325.847176224444,21608.919701560564,20502.61094783673
2021-01-08,39544.21552530921,38359.764570448104,36583.08813815644,35398.63718329533,34214.18622843422,32437.50979614256,23514.645936188863,21303.670820448122,19941.55222235785,18382.025131790717,17442.360707600903,16723.793794985166,39544.21552736056,38359.78812690512,36586.76300772309,35418.81332313334,34278.51082309899,32650.203797041813,26532.13902593428,25174.657178625333,24065.014336471428,23151.740185834456,22393.336926678672,21218.95277069134
2021-01-10,39544.21552530921,38833.54495239255,37323.369984944635,36227.75285169811,35102.524444580056,33385.07056003145,24620.13349405923,22149.707216777486,20681.83406914604,19092.695704707385,18058.27520412868,17118.610779938866,38951.990048904336,38359.78027475279,36980.76335593522,35953.53180144061,34906.39718013947,33363.917607444586,27299.16236488418,25915.263881681647,24775.99773409055,23833.300804946415,23047.200293589744,21824.432834537787
2021-01-11,38754.58155540181,38833.544952392556,37767.53909301755,36819.97832912866,35793.45416824903,34174.70452993885,25607.17595644349,22995.743613106853,21362.89336819118,19803.36627762405,18603.12264336479,17513.42776489257,38063.65183224567,37964.95805503086,37023.99674704916,36175.673973160054,35255.46179522212,33840.353039170404,27939.41843363606,26547.35186425185,25392.117637432544,24430.435795113423,23624.77721619564,22365.313367275478
2021-01-11,37175.313615586994,38359.764570448104,37915.59546237518,37175.313615586994,36286.975399441166,34806.411705864775,26515.255021837005,23740.255641876694,21984.73011949326,20514.036850540717,19100.592044406458,17849.022202103217,37027.25724648578,37306.9262569292,36794.41139420156,36142.07191342159,35368.60054023174,34109.17213836776,28461.21848853829,27077.160378167126,25918.289010144235,24947.173891526214,24129.47930389092,22844.230513972456
2021-01-12,35990.862660725885,37412.20380655922,37767.53909301755,37293.758711073104,36583.08813815644,35280.19208780922,27344.370690239783,24518.60912649971,22547.34432305229,21145.74402646664,19621.750464545345,18145.134940818494,35916.83447617528,36473.42140657439,36352.63368518642,35899.224585617914,35282.10985309591,34196.32861525139,28872.31929854913,27510.556708329783,26359.156077196018,25387.333482278755,24564.546183980314,23263.692232218556
2021-01-13,35990.862660725885,36701.533233642556,37767.53909301755,37530.64890204533,36977.90512311014,35832.9358667444,28212.96805713793,25398.486978682246,23228.403622097427,21803.772334722813,20213.975941975903,18520.211076524516,36546.074045881134,36707.38547624526,36535.45144765726,36131.24078643859,35573.37224746556,34568.70746368419,29410.117801387318,28052.2012935491,26895.216898233706,25912.987607158946,25077.62720371766,23750.403245268328
2021-01-14,36780.496630633286,36701.533233642556,37767.53909301755,37767.53909301755,37372.72210806385,36385.679645679586,29081.56542403608,26346.047742571132,23968.685468885622,22461.800642978986,20853.5794576009,18934.768910725903,37452.91930816462,37258.17850764621,36940.854364108265,36536.42694835177,36002.04833450587,35042.59597515758,29989.652966009726,28629.58924928357,27462.969454124395,26467.401367960327,25617.230188023488,24260.403824996523
2021-01-17,37175.313615586994,36464.64304267033,37323.369984944635,37649.09399753144,37471.426354302275,36701.53323364255,29831.71769544812,27158.242683047323,24679.356041802286,23040.865554244418,21469.49395412868,19329.585895679604,36721.89098444526,36835.739892006095,36729.74509657847,36437.233437631716,36000.3274604446,35161.13070571202,30378.16898883773,29041.748221379697,27884.978551643653,26891.151509073858,26038.078005233758,24669.03709428442
2021-01-21,36385.67964567959,36227.752851698104,36583.08813815644,37293.758711073104,37372.72210806385,36859.46002762403,30502.906569869414,27902.754711817164,25301.19279310437,23567.288200849358,22085.408450656458,19724.402880633308,35764.15134515501,36159.29716329232,36302.337676244315,36140.720386005276,35816.64800773315,35116.79037417781,30664.78767439651,29364.372509233075,28227.24939935478,27242.986250413363,26393.319717924278,25021.453032617024
2021-01-21,34806.411705864775,35990.862660725885,35990.862660725885,36701.533233642556,37076.60936934857,36859.46002762403,31095.13204729996,28579.58382888066,25952.640818277978,24041.0685827938,22630.255889892564,20119.219865587012,34693.056048079336,35313.5183591961,35706.69835933388,35682.76407674393,35479.00364974405,34929.934987807734,30856.15115353575,29602.55432665452,28493.84381677785,27526.257499085317,26685.8022866161,25319.851317844805
2021-01-21,33621.960751003666,35043.301896837,35398.63718329533,35872.417565239775,36583.08813815644,36701.53323364255,31608.39412773978,29188.7300342378,26604.08884345159,24541.17009706849,23127.725290934235,20514.036850540717,33565.28292211094,34354.84883817825,34980.21201177751,35092.71783126954,35011.08132535063,34618.37938275982,30958.4634413404,29761.088539691318,28688.606745948997,27744.149209477542,26918.236125199972,25566.331099055442
2021-01-21,32437.50979614256,33621.960751003666,34806.411705864775,35161.746992323104,35892.15841448746,36385.679645679586,32042.692811188856,29730.193327888595,27255.536868625197,25041.271611343178,23577.816653781454,20908.85383549442,32409.170881696195,33320.91883921265,34151.955751507216,34394.59800267418,34432.92381825548,34197.71141335061,30977.519978133067,29844.49086402412,28815.17877981096,27899.686796727256,27093.20265344421,25762.89653819115
2021-01-29,32437.50979614256,33148.18036905922,34658.355336507135,34806.41170586478,35299.9329370569,36148.78945470737,32516.4731931333,30305.49807739256,27906.98489379881,25620.336522608613,24051.5970357259,21303.670820448122,33015.56581634993,33421.266143142995,34034.179084710944,34254.11850035628,34308.16023258984,34125.74214617521,31148.552064726937,30055.58155303648,29052.287520131784,28153.12005224561,27356.42103659359,26034.067848930783
2021-02-02,33227.143766049965,33148.18036905922,34362.24259779186,34687.966610378666,35003.82019834163,35911.89926373515,32990.25357507774,30880.802826896524,28558.432918972423,26173.080301543796,24525.37741767034,21698.487805401826,33910.98876110735,33882.981330716924,34205.7863338763,34354.53544799036,34384.814324562656,34210.826290483004,31385.090283538193,30320.978570096715,29335.97140910514,28447.54838648951,27656.450178970812,26336.232277406125
2021-02-03,34806.411705864775,33621.960751003666,34066.12985907658,34806.41170586478,34905.1159521032,35675.00907276292,33464.033957022184,31456.107576400493,29209.88094414603,26804.78747746972,24999.15779961479,22152.527338098582,34950.92571091662,34585.608440719916,34602.46996210116,34652.04948952511,34631.898736234136,34433.33186497325,31682.881431312417,30637.619524319434,29663.893309178693,28781.104491088423,27991.742812204226,26668.236629477797
2021-02-03,35990.862660725885,34569.521514892556,34214.18622843422,34806.411705864775,35003.82019834163,35438.118881790695,33937.81433896663,32031.412325904457,29861.328969319642,27489.13691805614,25544.005238850896,22646.048569290713,36063.11966325181,35448.843499008944,35174.21299624956,35110.82478877547,35023.1934030889,34776.08096967879,32037.95082964069,31002.618237845018,30033.837892324715,29152.011461000824,28360.822676962296,27028.977374976123
2021-02-06,37175.313615586994,35990.862660725885,34658.355336507135,34806.41170586478,35299.9329370569,35438.118881790695,34411.594720911075,32606.71707540843,30512.776994493255,28226.12862330305,26136.23071628145,23179.051498978213,37211.442116849954,36419.150522822,35882.1133461104,35701.54111651139,35536.51212195748,35224.04300466155,32446.583789598128,31413.25422649016,30443.704860994465,29558.577964009906,28762.280806046623,27417.398072789932
2021-02-08,38359.764570448104,37175.313615586994,35398.63718329533,35161.74699232311,35497.34142953376,35596.04567577218,34885.37510285551,33182.0218249124,31164.22501966687,28936.799196219723,26775.83423190645,23751.536127161082,38377.82882107959,37460.8388569844,36695.91383041162,36400.209194511124,36153.08195532689,35764.06624151619,32905.30834663863,31866.962848938092,30891.50258651341,29999.193705843005,29194.772036048646,27832.48695661342
2021-02-08,39544.21552530921,38359.764570448104,36435.0317687988,35753.972469753666,35694.749922010604,35911.89926373515,35359.155484799965,33757.326574416365,31815.673044840474,29647.46976913639,27391.748728434228,24363.502453839323,39553.24765062495,38550.114731379705,37592.08108594337,37187.201431652305,36857.018112397454,36384.64295235125,33410.87917417161,32361.326077737296,31375.34213558449,30472.3251698429,29657.011731084847,28273.27466963626
2021-02-08,40728.66648017032,39544.21552530921,37767.53909301755,36583.08813815644,36188.27115320274,36385.679645679586,35832.9358667444,34332.63132392033,32467.121070014087,30358.14034205305,28078.73028225367,24955.727931269877,40733.18254282819,39671.11563259695,38552.31138576556,38046.458889835965,37634.87961801421,37075.70390062441,33960.26259139359,32894.06384907195,31893.43165794047,30976.511611849048,30147.772703486797,28738.832137430778
2021-02-08,41913.11743503143,40728.66648017032,38951.99004787866,37649.09399753144,36879.20087687171,36780.496630633286,36306.71624868885,34907.9360734243,33118.56909518769,31068.81091496972,28813.08987426756,25547.953408700432,41915.37546636036,40813.26655169548,39562.36849781411,38964.84243794507,38475.293340468335,37828.43852288424,34550.62258747299,33463.02595162821,32444.07111034203,31510.361292517082,30665.882317558153,29228.268569169482
2021-02-08,43097.56838989254,41913.11743503143,40136.44100273977,38951.99004787866,37767.53909301755,37175.313615586994,36780.496630633286,35483.24082292827,33770.017120361306,31779.481487886384,29594.82750447589,26140.178886130987,43098.697405557,41969.51748271487,40611.17979715043,39931.60187782409,39368.63586134768,38635.137589509126,35179.30779015225,34066.18441794273,33025.6472940783,32072.547930731973,31210.219763633744,29740.729578105835
2021-02-08,44282.01934475365,43097.56838989254,41320.89195760088,40136.441002739775,38853.28580164023,37807.02079151292,37254.27701257774,36058.54557243223,34421.465145534916,32490.15206080305,30352.876115587005,26732.40436356154,44282.583852585885,43135.168421681505,41690.133242155636,40937.941592816605,40306.76428860864,39489.05553415292,35843.83931229057,34701.62638441242,33636.62918491049,32661.80736306813,31779.713490697523,30275.395412978563
2021-02-11,45466.47029961476,44282.01934475365,42505.34291246199,41320.89195760088,40136.44100273977,38596.65476142032,37728.05739452218,36633.8503219362,35072.913170708525,33200.82263371971,31110.92472669811,27324.629840992096,45466.75255353088,44307.086032612955,42792.53057823724,41976.665169301814,41282.78848310682,40384.289992992126,36541.8994148728,35367.547388694926,34275.563536024514,33276.93439543167,32373.3387867463,30831.47929266234
2021-02-11,46650.92125447587,45466.47029961476,43689.7938673231,42505.34291246199,41320.89195760088,39544.21552530921,38201.83777646663,37209.155071440175,35724.361195882135,33911.49320663638,31868.973337809224,27916.85531842265,46651.062381433934,45483.181424854294,43913.16205182321,43041.88463250081,42290.87832725948,41315.676402308636,37271.320929597285,36062.24507556064,34941.07073604129,33916.77983409715,32990.1154969338,31408.22583699167
2021-02-16,47835.37220933698,46650.92125447587,44874.244822184206,43689.7938673231,42505.34291246199,40649.70308317958,38675.618158411075,37784.45982094414,36375.80922105575,34622.16377955305,32627.021948920334,28568.303343596264,47835.44277281601,46662.062004635554,45047.97563235746,44128.78254850228,43326.10064472442,42278.69577193282,38030.07738836729,36784.11328439112,35631.840905486875,34580.247684333815,33629.10587030302,32004.909587235896
2021-02-17,49019.82316419809,47835.37220933698,46058.695777045315,44874.244822184206,43689.7938673231,41913.11743503143,39149.39854035551,38359.764570448104,37027.257246229354,35332.83435246971,33385.07056003144,29259.233067265246,49019.8584459376,47842.7993761101,46193.81974051852,45233.417380466744,44384.28120938768,43269.39398742547,38816.27381088118,37531.636493473896,36346.630216362086,35266.29250571384,34289.41252662085,32620.833610206646
2021-02-17,50204.2741190592,49019.82316419809,47243.146731906425,46058.695777045315,44874.244822184206,43097.56838989254,39623.17892229996,38935.069319952076,37678.70527140297,36043.50492538638,34143.119171142556,29989.644489429596,50204.29175992895,49024.77460871351,47348.24314794514,46352.56423461283,45461.887983757384,44284.31119980076,39628.13810507661,38303.38459803714,37084.25742058313,35973.916914015026,34970.176535474224,33255.3281804391
2021-02-19,51388.72507392031,50204.2741190592,48427.597686767534,47243.14673190643,46058.69577704532,44282.01934475366,40096.959304244396,39510.37406945605,38330.15329657657,36754.17549830304,34901.167782253666,30700.315062346264,51388.73389435519,50207.575082069474,48509.33934368967,47483.58456147926,46555.93232069493,45320.420041767764,40464.01303846172,39098.00800061446,37843.60057410179,36702.169220381016,35670.575600377255,33907.74953530937
2021-02-19,52573.17602878142,51388.72507392031,49612.048641628644,48427.597686767534,47243.146731906425,45466.47029961476,40570.73968618884,40085.678818960005,38981.60132175019,37464.846071219705,35659.21639336477,31470.208183005983,52573.180438998854,51390.92571592716,49675.62548590386,48624.319547866784,47663.88536488872,46375.07156711552,41322.348741387,39914.2329938439,38623.593944463886,37450.141199089114,36389.82234117911,34577.47869833586
2021-02-19,53757.62698364253,52573.17602878142,50796.49959648975,49612.04864162865,48427.59768676754,46650.92125447587,41044.52006813328,40660.98356846398,39633.04934692379,38175.516644136376,36417.265004475885,32279.583002161075,53757.62918875125,52574.643123452646,50845.948253150156,49773.002892063545,48783.607315645546,47445.947947802946,42201.69570609641,40750.8574171981,39423.22509043762,38216.96597590551,37127.16266855748,35263.9203662656
2021-02-21,54942.07793850364,53757.626983642534,51980.95055135086,50796.49959648975,49612.048641628644,47835.37220933698,41636.74554556384,41236.28831796794,40284.49737209741,38886.18721705304,37175.313615586994,33128.43951981154,54942.079041057994,53758.60504675668,52019.41061764378,50928.18943812051,49913.2875723331,48531.02108400656,43100.69824796751,41606.74657042565,40241.532103143945,39001.8160295854,37881.87424483649,35966.501855870694
2021-02-21,56126.528893364746,54942.07793850363,53165.40150621197,51980.95055135086,50796.499596489746,49019.82316419809,42307.93441998514,41811.593067471906,40935.94539727102,39596.857789969705,37933.362226698104,33957.55518821431,56126.52944464193,54942.729980579745,53195.31489110763,52088.696785713095,51051.39408821831,49628.5163879803,44018.08839772467,42480.82936766623,41077.60099885845,39803.90129960603,38653.26502578446,36684.67210667722
2021-02-22,56126.528893364746,55415.85832044808,53905.68335300017,52810.066219753644,51684.83781263558,49967.38392808698,42939.64159591105,42285.37344941636,41498.55960083004,40228.56496589563,38620.34378051755,34727.44830887403,55534.303691572786,54942.51263322104,53583.48445719593,52607.49335905773,51649.96083971255,50292.711824562786,44723.291793421886,43174.338919500835,41756.55329396749,40466.85390178964,39299.662352209554,37298.445008465365
2021-02-23,55336.894923457345,55415.85832044808,54349.85246107308,53402.29169718419,52375.767536304564,50757.01789799438,43571.34877183698,42691.47091965444,42001.95125664602,40807.62987716107,39259.94729614255,35457.859731038385,54645.96533760766,54547.550750028204,53622.18279640631,52816.60856356396,51974.21717197574,50725.82635796527,45306.48469460971,43763.27621706141,42344.14181055677,41048.7189920226,39873.13689924426,37851.30631762205
2021-02-23,53757.62698364253,54942.07793850363,54497.90883043072,53757.626983642534,52869.2887674967,51388.72507392031,44084.6108522768,43029.885478186196,42446.12036471893,41334.052523766,39852.172773573104,36148.78945470737,53609.57068319454,53889.42584294594,53389.07018137845,52772.34810268813,52066.36468899117,50956.74513143762,45775.553720212454,44253.48301263969,42844.878365915836,41553.10341988359,40376.65718965727,38345.41483629398
2021-02-23,52573.17602878142,53994.51717461475,54349.85246107308,53876.07207912863,53165.40150621198,51862.50545586475,44518.90953572587,43402.141492571114,42831.066925048784,41807.83290571044,40397.02021280921,36800.23747988098,52499.14787855743,53055.8589199374,52944.54904638759,52520.78027924659,51962.11243995987,51010.7426374698,46137.874621547446,44650.47269085386,43263.04889905395,41983.4495239684,40813.0659473984,38782.846595284886
2021-02-23,51388.72507392031,52573.17602878142,53905.68335300017,53757.626983642534,53264.10575245039,52178.35904382772,44992.68991767032,43774.39750695603,43156.7909376356,42228.971022994396,40894.48961385088,37412.20380655921,51351.71099880831,52105.330652978,52335.59906253667,52099.59734099069,51691.67577397922,50909.93405106997,46400.345510084,44959.44894538662,43602.7250712519,42343.042981947234,41185.08580995264,39165.598432776715
2021-02-23,50204.2741190592,51388.725073920315,53165.40150621197,53402.29169718419,53165.40150621198,52336.2858378092,45466.47029961476,44146.65352134095,43423.29240247935,42597.46687561785,41344.580976698104,37984.68843474208,50185.7670815032,51076.82815671803,51598.75997401682,51539.638399712145,51280.6215247429,50673.670145918346,46569.41790710365,45185.32336985302,43867.77524320901,42635.02025688812,41495.32475246221,39495.59139277677
2021-02-25,49019.82316419809,50204.2741190592,52129.0069207085,52810.06621975363,52869.2887674967,52336.2858378092,45940.2506815592,44518.90953572587,43630.571319580034,42913.32046358081,41747.29430135088,38517.691364429586,49010.569645420095,49996.34284092434,50762.45158186561,50866.13545596474,50750.58316680521,50318.88284564738,46651.12576014029,45332.732028451814,44061.87486486075,42862.37566300423,41746.28124027227,39774.67395392644
2021-02-26,47835.37220933698,49019.8231641981,50796.49959648975,51980.95055135087,52375.767536304564,52178.35904382772,46414.03106350365,44789.64118255128,43778.62768893768,43176.531786883286,42102.62958780921,39011.21259562172,47830.74544994798,48881.20231210819,49848.77817577887,50099.73287383597,50119.865947790546,49860.38758094197,46651.11256118189,45406.051067819506,44188.51631162157,43027.968072466014,41940.34912544587,40004.62509858669
2021-02-28,46650.92125447587,47835.37220933698,49612.048641628644,50914.94469197587,51684.83781263558,51862.50545586475,46887.81144544809,44992.689917670315,43956.29533216685,43387.10084552526,42410.586836073104,39465.25212831847,46648.60787478137,47742.958307943714,48874.931981075635,49257.321496668985,49403.95892332961,49311.14785179653,46574.65669242648,45409.41142757108,44251.01819865633,43134.52728351562,42079.82230176746,40187.15723144922
2021-03-01,46650.92125447587,47361.59182739254,48871.766794840456,49967.38392808698,51092.61233520504,51625.615264892534,47361.59182739254,45331.10447620206,44222.7967970106,43623.99103649748,42742.23310343421,39939.03251026292,47241.99004205917,47773.76294174147,48643.91869846703,48998.78526259961,49162.637889932856,49126.67587621708,46656.02039106196,45544.32868336627,44426.29866965145,43339.90251649789,42307.40186494414,40442.595154269155
2021-03-01,47440.55522438328,47361.59182739254,48427.597686767534,49375.158450656425,50500.38685777448,51388.72507392031,47835.37220933698,45737.20194644015,44548.5208095974,43860.881227469705,43073.87937079532,40412.81289220737,48130.906603128635,48189.116349227006,48727.453024185044,49002.610335617625,49140.666393629384,49113.319285930396,46808.57152762738,45737.60336560136,44650.90195145825,43588.00030773783,42572.73068832837,40728.885536632784
2021-03-03,49019.82316419808,47835.37220933698,48279.541317409894,49019.8231641981,49908.161380343925,51151.83488294809,48309.152591281425,46210.982328384605,44933.46736992725,44097.77141844192,43405.52563815643,40886.593274151805,49167.59036109391,48860.83560583773,49055.63548971265,49221.09465988482,49304.29835161832,49249.68865154508,47027.71325789714,45985.98435762872,44922.40632949067,43876.93958456353,42874.29640976472,41044.967858984375
2021-03-08,50204.2741190592,48782.93297322587,48427.597686767534,48901.37806871198,49612.048641628644,50914.94469197586,48782.93297322586,46752.4456220354,45288.8026563856,44334.66160941414,43737.17190551754,41360.37365609625,50278.157717507114,49703.46542853193,49574.09984175881,49615.20928062606,49624.979386200874,49517.06822402623,47309.14592086416,46286.4023401854,45238.51004982315,44204.92353509922,43210.649044565034,41389.820399434146
2021-03-09,51388.72507392031,50204.274119059206,48871.766794840456,49019.82316419809,49513.34439539022,50678.05450100365,49256.713355170315,47361.59182739254,45644.13794284393,44650.515197377106,44068.81817287865,41834.15403804069,51425.66687314426,50660.03562861509,50240.56121665275,50153.021416662705,50078.54810090149,49899.08172422869,47648.84778263955,46635.959552526205,45597.025276408414,44570.23571173006,43580.39827548918,41762.458663469195
2021-03-09,52573.17602878142,51388.725073920315,49612.04864162865,49375.158450656425,49612.048641628644,50441.164310031425,49730.493737114746,47936.896576896506,46088.30705091685,45019.01105000056,44400.46444023976,42307.93441998514,52591.6469283934,51692.566080290904,51022.131387094945,50808.40424703104,50644.56023719085,50381.3999088411,48043.05703347219,47031.92013808479,45995.87236220502,44971.23632505326,43982.21087086377,42161.93388669696
2021-03-10,53757.62698364253,52573.17602878142,50648.44322713211,49967.38392808697,49908.16138034392,50441.164310031425,50204.2741190592,48512.20132640047,46591.698706732815,45440.149167284515,44732.11070760087,42781.71480192958,53766.86243344852,52775.736699695146,51893.23062074134,51559.98128185209,51305.71680710103,50951.484690664955,48488.25495566498,47471.70104044779,46433.07441701522,45406.35871815092,44414.808224013075,42587.33160665245
2021-03-11,54942.07793850364,53757.626983642534,51980.95055135086,50796.49959648975,50401.68261153606,50599.09110401291,50678.05450100364,49087.506075904435,47154.31291029184,45913.92954922896,45063.75697496198,43255.49518387402,54946.69566340663,53892.66743091834,52833.96357021322,52390.26266577058,52047.38020544094,51598.36524391802,48981.15018564327,47952.86341751949,46906.752155858405,45874.10601163106,44876.96400759428,43037.77029994963
2021-03-11,56126.528893364746,54942.077938503644,53165.40150621197,51862.50545586475,51092.61233520504,50914.94469197586,51151.83488294808,49662.81082540841,47776.149661593925,46361.38879884315,45395.40324232309,43729.27556581846,56128.83775581625,55032.104903354186,53828.85607643826,53284.93851713234,52857.164766288064,52312.44209641997,49518.66399853471,48473.10454370964,47415.11901266113,46373.04791045144,45367.501936817454,43512.40008128859
2021-03-13,57310.979848225856,56126.528893364746,54349.85246107309,53165.40150621198,51980.95055135086,51388.72507392031,51625.615264892534,50238.11557491237,48457.208960639065,46808.848048457345,45798.11656697587,44203.055947762914,57312.13427945161,56186.54686993178,54865.8726823602,54232.300750947696,53724.59031079045,53085.31571028901,50097.91654837451,49030.25017180513,47956.4765049379,46901.817664071394,45885.29363589269,44010.40146104543
2021-03-13,58495.430803086965,57310.979848225856,55534.30341593419,54349.85246107308,53066.69725997355,52020.432249846235,52099.39564683697,50813.42032441634,49108.656985812675,47335.27069506229,46248.207929823104,44676.83632970736,58496.00801869984,57350.991832603875,55935.65247693528,55222.7700249524,54640.78899530771,53909.63649007744,50716.21400148165,49622.24732789559,48529.20983597135,47459.10917197113,46429.256602383066,44530.98415837185
2021-03-13,59679.881757948075,58495.43080308697,56718.7543707953,55534.30341593419,54349.85246107308,52810.06621975364,52573.17602878142,51388.72507392031,49760.105010986284,47914.335606327724,46745.67733086476,45150.6167116518,59680.170365754515,58522.10545933898,57030.91475157393,56248.50869547574,55598.25725983861,54778.97353990981,51371.036504682466,50247.15751432282,49131.78372178112,48043.674227039366,46998.35226445641,45073.38596691806
2021-03-15,59679.88175794808,58969.21118503141,57459.036217583496,56363.41908433697,55238.19067721892,53520.73679267031,52928.511315239746,51862.50545586475,50322.719214545315,48467.07938526291,47219.45771280921,45565.17454585319,59087.80058442074,58513.213907254976,57356.36276302128,56657.039987769975,56043.97626661034,55243.53070808954,51830.7439139997,50705.637360885936,49589.16835019597,48499.38789697137,47451.524211808086,45518.920764446084
2021-03-15,58890.247788040666,58969.21118503141,57903.20532565642,56955.644561767534,55929.12040088789,54231.40736558697,53204.88320470734,52268.602926102845,50826.110870361284,49019.82316419809,47622.17103746198,45940.250681559206,58199.3902163233,58112.46922091194,57346.27767084452,56775.9381442168,56238.8998945949,55501.96185561172,52184.35722273427,51072.78419179184,49966.329460677036,48883.54031416978,47840.06923767893,45910.190005205295
2021-03-15,57310.979848225856,58495.43080308697,58051.26169501405,57310.979848225856,56422.64163208002,54942.07793850363,53402.2916971842,52607.0174846346,51270.2799784342,49572.56694313327,47977.50632392031,46275.84511876986,57162.95955484403,57450.48911172954,57075.22238696012,56657.86373497073,56221.61204824852,55580.03273665388,52438.72432347921,51353.68027704589,50267.196818422985,49199.27024287618,48166.56215566428,46249.042226218604
2021-03-17,57310.979848225856,58258.540612114746,58347.374433729325,57784.760230170294,57014.86710951058,55652.7485114203,53639.18188815642,52979.27349901951,51744.06036037864,50125.31072206846,48427.597686767534,46631.18040522818,57829.1951789655,57798.803008848685,57390.82425721054,56991.966838265165,56571.43031827983,55944.457500361765,52829.52764858742,51750.62101942965,50669.04393912784,49604.454496392755,48573.45225716773,46655.07186569368
2021-03-22,56916.16286327215,57310.979848225856,58199.31806437169,57903.20532565641,57310.979848225856,56126.528893364746,53757.626983642534,53250.00514584491,52129.0069207085,50599.09110401289,48854.00003051754,46927.29314394346,56977.86203616513,57241.37830368737,57109.86973191148,56834.614484646685,56502.98394520668,55967.21642478243,53042.2618842479,51993.82933490026,50935.559135004674,49888.69621448135,48870.94135364412,46968.98293641309
2021-03-22,56521.34587831845,56600.30927530919,57755.14895629878,57784.76023017031,57409.68409446428,56442.38248132771,53797.1086821379,53453.053880963955,52454.73093329531,51020.229221296846,49280.40237426754,47183.92418416337,55959.96998733438,56474.944848626124,56628.13822226529,56490.51693080209,56262.84455953245,55839.07411254281,53164.843856664345,52157.686031820056,51131.20606018284,50108.90738584666,49110.021215815934,47233.13999031543
2021-03-24,54942.077938503644,55889.638702392534,57014.86710951058,57429.42494371197,57310.979848225856,56600.30927530919,53757.626983642534,53588.419704376654,52721.23239813906,51388.7250739203,49706.80471801754,47401.07352588791,54858.798485488456,55569.172226964925,55990.24683590467,55993.627849499884,55877.426470896506,55578.89321884571,53203.09178076556,52246.60500900204,51259.45321389627,50267.89191136526,49293.01276239927,47449.228760370774
2021-03-25,53757.62698364253,55178.968129475856,55978.472524007106,56837.19946628141,57014.86710951058,56600.309275309184,53639.18188815642,53656.102616083,52928.51131523975,51704.57866188327,50133.207061767534,47637.963716860126,53715.98725713494,54570.50682757042,55230.89776765506,55371.72751845969,55369.0802489908,55203.17856682196,53162.448226249144,52264.75427595135,51323.598656718874,50368.32985584941,49422.1432419344,47618.875681722755
2021-03-26,53757.62698364252,54468.29755655919,55534.30341593419,56363.41908433697,56817.45861703373,56679.27267229993,53560.21849116567,53757.626983642534,53165.40150621197,52046.75338217648,50559.609405517534,47934.0764555754,54329.032597819285,54694.363864548155,55166.71558339918,55293.60941301308,55303.38758583436,55170.54098803395,53277.27316495646,52413.54428432352,51500.27071039554,50567.58354777907,49639.41410748078,47861.25895520246
2021-03-29,54547.260953549936,54468.29755655919,55386.24704657656,55889.638702392534,56620.050124556874,56758.23606929067,53599.700189661045,53859.15135120205,53402.29169718419,52388.92810246969,50986.011749267534,48269.67089278605,55227.78074559201,55171.752207487014,55380.0074300582,55445.049318531645,55430.024710077276,55290.039476995546,53461.11127012287,52619.88643934282,51726.13747247227,50809.73608740082,49894.717141820554,48134.73769469931
2021-03-29,56126.528893364746,54942.07793850363,55534.30341593419,55771.19360690642,56422.64163208002,56837.19946628141,53718.145285147155,53960.67571876157,53639.18188815642,52731.10282276291,51412.414093017534,48644.747028492064,56269.38029690893,55884.828087733295,55809.11241187324,55784.30941483982,55719.40242365302,55542.65702487031,53709.509043978906,52880.58057617065,51998.79344501371,51092.91257805358,50186.54639532379,48438.26710104419
2021-03-30,57310.979848225856,55889.638702392534,55534.30341593419,55889.63870239252,56225.23313960317,56916.16286327215,53915.553777624016,54062.2000863211,53876.07207912863,53073.277543056116,51838.816436767534,49000.08231495041,57382.405549997944,56755.028992851185,56406.072054365184,56277.24057633947,56146.48371281473,55911.75374902797,54018.30046672807,53192.604686314946,52315.95113945598,51415.32065612205,50513.456352106296,48770.83867454773
2021-04-07,57310.979848225856,56600.30927530919,55534.30341593419,55889.638702392534,56027.82464712632,56758.23606929067,54073.48057160549,54062.2000863211,54024.128448486284,53336.48886635857,52194.15172322586,49296.19505366568,56754.46722168135,56545.52895968904,56343.951351920645,56249.83845216224,56143.413740591546,55938.60064218976,54154.3243839385,53355.64389621401,52501.97165314337,51620.49634897003,50734.272124753596,49014.00918808574
2021-04-10,57705.796833179564,57310.979848225856,55978.472524007106,55889.63870239252,56126.528893364746,56679.27267229993,54349.85246107308,54096.04154217427,54201.79609171544,53626.02132199129,52573.176028781425,49671.2711893717,57624.94901238415,57195.49624082169,56822.057896624276,56658.127970512294,56505.262519447926,56258.20441354866,54434.41344899398,53641.259452583356,52794.542977067395,51919.881859547575,51039.55483406877,49327.36867826791
2021-04-10,58100.61381813327,58021.65042114252,56718.7543707953,56244.973988850856,56422.64163208002,56600.30927530919,54705.18774753142,54231.407365586965,54379.463734944606,53915.553777624016,52952.20033433697,50085.82902357309,58652.41538516611,58023.624746530484,57457.12986580735,57207.53775004618,56993.66547922967,56685.91408305849,54772.85074767585,53976.818181843824,53130.63986281237,52257.78630583251,51379.378909186846,49669.427657222426
2021-04-13,59679.881757948075,58732.32099405919,57755.14895629878,56837.19946628141,56620.050124556874,56758.23606929067,55139.48643098049,54434.45610070602,54557.131378173784,54205.08623325673,53331.22463989252,50539.86855626984,59758.37404898765,58970.52740195672,58214.28605402999,57872.40956145774,57589.152745947096,57208.216413337264,55165.87129874227,54359.54374389583,53508.13537700281,52632.5283211224,51752.37952133458,50039.226210963796
2021-04-13,60864.332712809184,59442.991566975856,58643.487172444606,57666.31513468419,57113.57135574901,57074.08965725363,55652.7485114203,54705.18774753141,54734.79902140294,54494.618688889444,53710.24894544808,51033.38978746198,60903.57885832897,59996.612823861244,59066.39663483896,58631.750308041934,58275.24981084014,57813.28732171013,55609.9531140706,54786.814273836004,53925.00678790997,53042.50035540896,52157.24636662764,50435.83746308803
2021-04-13,62048.783667670294,60864.332712809184,59531.825388590434,58732.320994059184,57804.501079417976,57547.87003919808,56244.973988850856,55043.60230606316,54912.46666463212,54784.15114452215,54089.27325100363,51566.39271714947,62068.40674043019,61075.48675675129,59992.360632103955,59468.383819767376,59038.016704958296,58490.780735861976,56101.80150909199,55256.15377201735,54379.33043511759,53486.1653985308,52592.72144195419,50858.3663777065
2021-04-17,62048.783667670294,61338.11309475363,59975.994496663356,59324.546471489746,58396.72655684854,57705.796833179564,56679.27267229993,55348.17540874173,55001.30048624669,54994.72020316413,54397.23049926752,52020.43224984624,61466.36972661968,61005.10207543726,60186.13220559402,59722.19270941137,59318.9883984775,58787.47473357401,56409.07548536185,55567.778165824835,54695.84679647096,53807.363600983816,52917.903756172,51188.65528662957
2021-04-18,61259.149697762885,61338.11309475363,60124.050866020996,59679.88175794807,58988.95203427909,57942.68702415178,57034.607958758264,55652.7485114203,55119.74558173281,55152.6469971456,54657.809709336965,52434.990084047626,60573.12574228388,60563.36196960753,60073.632106117155,59714.49980914532,59374.51045378128,58899.02561181606,56620.10417430691,55796.26915108794,54939.098228956056,54063.00132424917,53183.71189209676,51468.8815522909
2021-04-18,59679.88175794808,60864.332712809184,60420.16360473627,59798.326853434184,59285.06477299437,58179.57721512401,57310.979848225856,55957.321614098866,55238.19067721892,55257.93152646659,54871.01088121197,52810.06621975364,59534.27827268542,59874.051580767344,59722.92070544379,59492.850898952885,59239.26743059627,58848.57626064764,56741.09777846163,55946.24786014678,55112.66459077966,54255.94005612157,53392.49193289128,51700.72090608165
2021-04-18,58495.430803086965,59916.771948920294,60272.10723537863,59679.88175794807,59383.769019232794,58416.46740609622,57508.38834070271,56261.894716777446,55356.63577270502,55310.57379112709,55036.834014892534,53145.66065696429,58422.62906045564,59019.69433658684,59186.93384828425,59096.14707154795,58942.60780253693,58656.37670883729,56777.86572512731,56022.07837749908,55219.950472838114,54388.91581252582,53546.49642150743,51885.79161866371
2021-04-19,57310.979848225856,58495.43080308697,59827.938127305715,59679.88175794808,59285.064772994374,58653.35759706845,57626.83343618882,56566.46781945601,55475.08086819113,55310.57379112709,55155.27911037863,53441.773395679564,57274.5789769102,58055.305855512815,58506.84385830214,58556.21649369645,58509.36489343061,58340.14573153234,56735.84253831928,56027.88205664917,55264.193812886726,54464.544688415546,53647.88815465105,52025.656558626724
2021-04-21,56126.528893364746,57310.979848225856,59087.65628051753,59324.546471489746,58988.95203427909,58653.35759706845,57666.31513468419,56769.516554575064,55593.52596367725,55257.93152646659,55226.3461676703,53698.404435899465,56108.32845770691,57017.563216509756,57714.673653902486,57899.100392752276,57960.55151574642,57915.38725696785,56620.11203956683,55967.551037528116,55248.47408317618,54485.328158928285,53698.74381793152,52121.82517175267
2021-04-22,54942.07793850364,56126.52889336475,58051.26169501405,58732.32099405919,58791.543541802246,58495.430803086965,57626.83343618882,56904.882377987764,55711.971059163356,55231.61039413635,55250.03518676752,53915.55377762401,54932.977720674724,55930.91780555402,56835.32994940027,57146.10522745958,57313.94774157348,57395.6672223355,56435.429985633884,55844.76100934151,55175.72007297544,54453.65814238511,53701.0574692179,52175.7553843012
2021-04-22,53757.62698364253,54942.077938503644,56718.7543707953,57903.20532565641,58298.022310610126,58179.57721512401,57508.38834070271,56972.56528969411,55830.41615464947,55205.2892618061,55226.3461676703,54093.22142085317,53753.07687472807,54811.670546629815,55888.1846337072,56314.66355497262,56584.59824729481,56792.855822667596,56186.245244224556,55662.98326116146,55048.717286296494,54371.82183615631,53656.74387688526,52188.855433561206
2021-04-23,52573.17602878142,53757.626983642534,55534.30341593419,56837.19946628142,57607.09258694114,57705.796833179564,57310.979848225856,56972.5652896941,55948.86125013558,55178.96812947586,55155.27911037863,54231.407365586965,52570.90097432419,53670.68872239331,54888.30473153234,55419.03837659946,55785.23314369599,56117.33947860977,55876.7196021899,55425.49606018492,54870.114974092285,54242.00633587755,53567.64171931498,52162.48562875591
2021-04-24,51388.72507392031,52573.17602878142,54349.85246107308,55534.30341593419,56718.7543707953,57310.979848225856,57034.607958758264,56904.882377987764,56067.30634562169,55152.6469971456,55036.83401489252,54330.1116118254,51387.58754669169,52515.217187948605,53847.40903987165,54470.89942068304,54926.62406298013,55378.20630822132,55510.74629462984,55135.39539532443,54642.432819210386,54066.30304799219,53435.51665170993,52097.9600452388
2021-04-25,50204.2741190592,51388.725073920315,53165.40150621197,54349.85246107308,55633.00766217261,56679.27267229993,56679.27267229993,56769.516554575064,56096.91761949322,55126.32586481536,54871.010881211965,54389.334159568454,50203.705355444894,51350.085846698435,52774.61217861086,53479.79464677667,54017.88546316527,54583.408414800055,55091.96733756032,54795.60512167023,54368.06729145018,53846.71190511374,53262.06424599871,51996.548154777076
2021-04-26,50204.2741190592,50914.94469197586,52425.11965942378,53520.73679267031,54645.96519978836,56126.528893364746,56363.41908433697,56667.99218701554,56156.14016723627,55178.96812947586,54799.9438239203,54468.29755655919,50796.2152146826,51362.96558910573,52466.637266457416,53099.6001789846,53613.39924943444,54184.07299700617,54853.043292589,54606.3149299816,54222.687211444,53739.759532732474,53188.482599353694,51976.52607912574
2021-04-26,50993.9080889666,50914.94469197587,51980.95055135086,52928.51131523975,53955.03547611938,55573.78511442956,56166.01059186012,56566.46781945601,56215.36271497933,55284.25265879684,54776.25480482308,54547.26095354993,51684.69562173201,51766.36906899762,52490.312546973866,53003.88669712947,53453.36490779523,53982.710875896926,54705.9520934197,54493.35201615844,54142.19886115825,53689.00065986772,53164.31589478981,51996.17708353511
2021-04-26,52573.17602878142,51388.72507392031,51832.89418199323,52573.17602878142,53461.514244927246,55021.04133549438,56047.56549637401,56464.94345189649,56274.58526272238,55442.17945277833,54799.9438239203,54626.22435054067,52721.161302687266,52430.12170721259,52771.937977344685,53140.93038558638,53500.174457925656,53954.5753893552,54644.76866534869,54452.47472840521,54123.43384844946,53691.98654284424,53187.61730503592,52054.1828103924
2021-04-27,53757.62698364253,52336.2858378092,51980.95055135086,52454.73093329531,53165.40150621198,54468.29755655919,56008.08379787863,56363.419084336965,56333.80781046544,55652.748511420294,54871.01088121197,54705.18774753142,53831.61962059545,53267.440450976275,53254.19130204668,53468.411758844064,53722.00576263024,54078.01320803684,54663.950249843976,54479.67721636595,54163.37865875251,53746.37545042789,53256.517151816806,52149.26946217914
2021-04-30,54942.07793850364,53757.626983642534,52425.11965942378,52573.17602878142,53066.69725997355,54152.443968596235,55929.1204008879,56261.894716777446,56393.030358208496,55836.996437732036,54989.45597669808,54784.151144522155,54979.07425698009,54220.46993177244,53892.48854456181,53951.70578330237,54091.93239812826,54334.07766877197,54758.31173191449,54571.17631331704,54259.16706738079,53849.92796145972,53369.21981408495,52280.206246969836
2021-04-30,56126.528893364746,54942.07793850363,53165.40150621197,52928.51131523975,53165.401506211965,53994.517174614746,55968.602099383264,56160.37034921792,56452.25290595156,56021.24436404376,55155.27911037863,54863.1145415129,56145.02705260298,55250.63990392358,54652.15327870938,54562.482886015736,54587.17046737448,54706.19044129161,54923.002560171866,54723.39914910242,54408.07292517334,54000.50247131555,53524.0007628008,52445.80388125543
2021-05-04,56126.528893364746,55415.85832044808,53757.62698364253,53165.40150621198,53165.40150621198,53757.62698364253,55968.602099383264,56058.8459816584,56422.64163208002,56126.52889336474,55297.41322496197,54882.85539076058,55543.552495553304,55147.78591545026,54716.58098088589,54631.500168286264,54641.77161677901,54735.67637844921,54924.2332476564,54735.54883974975,54434.12809885679,54041.46499337835,53579.681492805474,52527.96288097769
2021-05-04,55336.894923457345,55415.85832044808,54349.85246107308,53402.29169718419,53165.401506211965,53520.73679267031,55968.602099383264,55957.32161409887,56333.80781046544,56179.17115802524,55439.5473395453,54863.1145415129,54650.58973959791,54684.399604847684,54503.480092609585,54472.61413471468,54505.749365527154,54613.420204076254,54848.96730245942,54681.21617746613,54401.120635138584,54029.11715814421,53586.66816948908,52568.42929851636
2021-05-05,54942.07793850364,55652.74851142031,54942.07793850364,53994.517174614746,53461.51424492726,53520.73679267031,56087.047194869374,55957.32161409887,56274.58526272238,56258.13455501598,55652.7485114203,54863.1145415129,55388.55931648133,55165.1093676867,54864.15760388852,54773.3259090147,54755.10006211769,54802.55879026725,54931.3916809092,54761.51645143222,54485.304866995706,54120.35881775893,53686.38604251666,52685.50682661658
2021-05-05,55731.71190841104,55889.638702392534,55534.30341593419,54823.632843017534,53955.03547611938,53678.66358665178,56166.01059186012,55923.4801582457,56215.36271497933,56337.09795200672,55842.260664198075,54863.11454151289,56349.76958235359,55880.39952786642,55407.89588040794,55234.71753432582,55148.31233690374,55116.11142255549,55084.91532771675,54903.161841606954,54623.170672639884,54259.15399797162,53828.685321808305,52837.6878551872
2021-05-08,57310.979848225856,56126.52889336475,56126.528893364746,55534.30341593419,54645.96519978836,53994.517174614746,56244.973988850856,55991.16306995205,56156.140167236284,56416.06134899746,56031.772816975856,54922.33708925595,57422.600192720274,56752.0766196066,56094.014752114395,55827.57449228239,55663.25363939367,55538.52634517311,55304.95103721267,55102.74369711062,54812.09791155224,54443.43205290219,54011.890818592154,53023.810053772024
2021-05-10,57310.979848225856,56363.41908433697,56274.58526272238,55889.63870239252,55238.19067721892,54231.40736558697,56205.49229035549,56025.00452580523,56096.91761949322,56416.06134899746,56150.217912461965,54961.81878775133,56774.56454304251,56543.56071085932,56101.2401168367,55881.92983793373,55734.52675538924,55612.02666370486,55357.956612987444,55159.62370951328,54876.22828166081,54516.645179158004,54094.90307219484,53125.86865435151
2021-05-12,56521.34587831845,56600.30927530919,56126.528893364746,56008.08379787863,55534.3034159342,54468.29755655919,56087.047194869374,56058.8459816584,56037.69507175017,56363.41908433696,56221.284969753644,55001.3004862467,55858.321240773075,56009.73312007409,55843.64852165158,55711.04767440099,55612.61155279142,55528.28307304694,55331.12546899273,55147.537219838116,54879.44102166703,54535.1507183698,54128.15843631252,53185.60337999394
2021-05-12,54942.077938503644,56126.528893364746,55682.35978529183,55889.63870239252,55633.00766217261,54705.18774753142,56008.08379787864,56092.68743751157,55978.472524007106,56258.13455501598,56244.973988850856,55040.782184742064,54807.9741122078,55259.031074596896,55380.08817987179,55355.88027608127,55327.22931138383,55306.951061853426,55229.608511158316,55070.3162825358,54824.70928465179,54501.330544830234,54113.61399984226,53204.41517540202
2021-05-12,53757.62698364253,55178.96812947587,55386.24704657656,55534.30341593419,55534.3034159342,54942.07793850363,55810.67530540178,56025.00452580522,55830.41615464946,56100.2077610345,56221.28496975363,55080.26388323743,53690.57507049461,54363.746059325065,54756.329924073936,54849.934049299474,54903.52880636799,54965.229182695155,55058.224307091376,54931.57998694444,54714.86101913376,54417.46264895888,54053.14958268121,53183.65805971046
2021-05-12,52573.17602878142,53757.626983642534,55090.13430786127,54942.07793850363,55238.19067721892,54942.07793850364,55534.30341593419,55889.63870239253,55711.971059163356,55889.63870239251,56150.21791246197,55119.74558173281,52539.650072207456,53372.07239752348,54007.97329070647,54220.623326503264,54362.78977060672,54518.16616907052,54821.4805301824,54734.74629716589,54552.5860698382,54285.72568353838,53948.57080878677,53124.64073398209
2021-05-12,51388.72507392031,52573.17602878142,54349.85246107308,54468.29755655919,54744.66944602679,54784.151144522155,55178.968129475856,55686.58996727348,55593.525963677246,55705.39077608081,56031.77281697586,55159.22728022817,51371.962095633324,52316.13963803538,53162.70680811819,53490.37801605889,53723.01813190702,53978.929662789786,54523.5940198424,54483.04323322303,54340.442930351244,54108.20330968551,53801.61205530242,53028.62813134804
2021-05-15,50204.2741190592,51388.72507392031,53313.45787556961,53994.517174614746,54053.73972235781,54468.29755655919,54744.66944602678,55415.85832044808,55475.08086819113,55521.14284976907,55865.9496832953,55198.70897872354,50195.8926299157,51217.36748008962,52242.06599835817,52677.5498611751,52999.44967533632,53359.04135043633,54168.50954720123,54179.51943019757,54080.86516480905,53886.88835149005,53613.939282878826,52896.84291198363
2021-05-15,49019.82316419809,50204.2741190592,51980.95055135086,53165.40150621197,53461.514244927246,53994.517174614746,54231.40736558697,55178.96812947586,55356.63577270502,55336.89492345734,55652.7485114203,55238.19067721892,49015.632419626345,50090.03572317207,51262.800711909025,51797.15392447726,52204.97621902864,52668.58270777016,53759.917369827745,53827.0541099981,53776.16751491847,53623.68676784659,53387.15275209693,52730.466905018366
2021-05-16,47835.37220933698,49019.8231641981,50796.49959648975,52099.39564683697,52869.2887674967,53362.809998688834,53757.62698364253,54840.55357094411,55149.35685560433,55073.68360015487,55392.169301350856,55218.44982797122,47833.276837051104,48943.664233606665,50237.93861025722,50861.47525720428,51350.506224481986,51916.375026080976,53301.26965363602,53428.36649847254,53428.5517077963,53320.421449615766,53122.78963068854,52530.64249939093
2021-05-17,46650.92125447587,47835.37220933698,49612.048641628644,50796.49959648975,51980.95055135086,52573.17602878142,53283.84660169808,54434.45610070602,54882.85539076058,54836.79340918265,55084.21205308697,55159.22728022817,46649.87356833293,47784.59958894269,49177.61231900335,49880.565264915276,50445.2699283485,51110.136935247,52795.79583509455,52986.02471875313,53040.111979345515,52978.83584988177,52822.32649604742,52298.47398557531
2021-05-17,45466.47029961476,46650.92125447587,48427.597686767534,49612.048641628644,50895.20384272817,51862.50545586475,52810.06621975364,53960.67571876157,54557.13137817377,54599.903218210435,54799.9438239203,55060.523033989746,45465.946456543286,46617.07284087968,48089.70276917008,48862.6478248859,49497.07753087231,50256.622236411524,52246.51699213391,52502.45418999762,52612.840327156824,52600.59745471997,52487.18173733148,52035.028850024646
2021-05-18,44282.01934475365,45466.47029961476,47243.146731906425,48427.597686767534,49612.048641628644,51151.83488294808,52336.2858378092,53419.21242511078,54172.18481784392,54363.0130272382,54515.675594753644,54922.337089255954,44281.75742321792,45443.90469055063,46980.339573775076,47814.451563978015,48512.537663029216,49361.74050557481,51656.259287732355,51979.94555906328,52148.63150623097,52187.30110155307,52118.71786127265,51741.339024103065
2021-05-19,43097.56838989254,44282.01934475366,46058.695777045315,47243.146731906425,48427.59768676754,50204.2741190592,51862.505455864746,52810.06621975364,53816.84953138558,54126.12283626598,54231.40736558697,54744.66944602678,43097.43742912468,44266.97560537757,45854.290209609826,46741.48172235136,47497.24224333721,48430.66262173701,51027.66654602795,51420.66219111389,51649.287780158695,51740.47215185352,51718.243705635716,51418.40208920264
2021-05-19,41913.11743503143,43097.56838989254,44874.244822184206,46058.695777045315,47243.146731906425,49098.786561188834,51388.72507392031,52234.76147024967,53372.68042331267,53810.269248303026,53876.072079128644,54527.520104302246,41913.0519546475,43087.53923030849,44715.26271417883,45648.24258740935,46455.922895157644,47467.91310402319,50363.21201694191,50826.64724370989,51116.523439769975,51261.56952464542,51287.01656409981,51067.182439673925
2021-05-19,40728.66648017032,41913.11743503143,43689.7938673231,44874.244822184206,46058.69577704532,47835.37220933698,50914.94469197586,51659.4567207457,52869.28876749669,53441.77339567957,53544.425811767534,54270.88906408234,40728.63373997835,41906.431328642066,43566.14111665225,44538.41948520933,45392.58329979631,46477.45090666775,49665.20938168363,50199.83034756286,50551.969100670394,50751.98859696743,50826.24422617633,50688.61240513172
2021-05-19,39544.21552530921,40728.66648017032,42505.34291246199,43689.7938673231,44874.244822184206,46650.92125447586,50441.164310031425,51084.151971241736,52306.67456393767,53020.63527839562,53212.77954440641,53974.776325367064,39544.199155213224,40724.209075910745,42409.16855082912,43415.02768252547,44310.61118758886,45462.740114625776,48935.823048126986,49542.03391584294,49957.17579051828,50213.06397718157,50337.08693562455,50283.593333635
2021-05-19,38359.764570448104,39544.21552530922,41320.89195760088,42505.34291246199,43689.7938673231,45466.47029961476,49967.38392808698,50508.847221737764,51684.83781263559,52546.85489645117,52881.13327704531,53639.18188815642,38359.756385400106,39541.2439224695,41246.08967633087,42280.534215809384,43212.87309958854,44426.81180223296,48177.07778188507,48854.97910270813,49333.61883636007,49646.07215674776,49820.65927068017,49852.99663717961
2021-05-20,38359.764570448104,39070.435143364775,40580.61011081269,41676.22724405921,42801.45565117727,44518.90953572587,49612.04864162864,50035.066839793326,51092.612335205034,52178.35904382772,52620.55406697586,53323.32830019345,38951.985955354656,39542.2344567494,40867.89542054828,41783.021726627536,42648.464242007096,43816.487267610806,47620.11705729184,48337.70393834287,48856.04946174185,49206.76234897778,49417.451667530564,49514.38237752776
2021-05-20,39149.398540355505,39070.43514336477,40136.44100273977,41084.00176662866,42110.525927508286,43729.27556581847,49335.676752161045,49628.969369555234,50589.22067938906,51783.542058874016,52336.2858378092,53007.47471223049,39840.326217762486,39937.71179788971,40836.955656019854,41591.32077272623,42353.11074018605,43430.50966917705,47175.50594666242,47914.97151457589,48459.56213622311,48838.070292572775,49076.54455890137,49225.8138916052
2021-05-21,39544.21552530921,38833.54495239255,39544.21552530921,40373.33119371199,41320.89195760088,42860.67819892032,48901.37806871197,49189.03044346397,50056.21774970156,51309.76167692957,51980.95055135086,52632.39857652447,39100.0453941053,39411.729388742504,40286.468748115025,41003.76509958475,41738.749790995585,42796.66653183062,46606.746767957964,47384.117053355505,47966.85407255181,48382.39816309037,48656.07670998764,48868.937271036215
2021-05-23,38754.58155540181,38596.65476142033,38951.99004787866,39662.66062079532,40531.25798769347,41992.08083202217,48388.11598827216,48749.09151737269,49523.214820014065,50783.33903032463,51578.23722669809,52277.06329006614,38137.67950484615,38666.25746435733,39595.10094088658,40307.683011585155,41036.68268708656,42093.99741729502,45998.2655378125,46816.95158870521,47440.401880220496,47895.03784073602,48205.64283016494,48484.90205571331
2021-05-23,37175.313615586994,38359.764570448104,38359.764570448104,38951.99004787866,39741.62401778607,41123.48346512403,47795.89051084161,48309.152591281425,48990.211890326565,50204.27411905919,51128.14586385086,51921.72800360781,37064.271082786014,37774.45919648019,38794.15910085087,39522.8065841562,40260.40268303107,41331.10557271898,45352.624982939284,46215.49247064421,46881.851859349714,47377.367696667236,47726.41935359414,48074.602426185
2021-05-23,35990.862660725885,37412.20380655922,37767.53909301755,38241.319474961994,38951.99004787866,40254.88609822588,47124.701636420315,47869.21366519015,48457.208960639065,49572.56694313327,50701.74352010087,51566.39271714947,35935.3413943254,36785.11003294172,37907.993013076186,38665.28024264867,39421.3271480824,40515.518839357625,44672.22249025745,45581.64496292712,46292.769970114816,46830.70610065478,47219.53644706058,47638.90293446947
2021-05-24,35990.862660725885,36701.533233642556,37619.48272365991,37885.98418850366,38458.46881668653,39623.17892229996,46492.99446049439,47530.79910665841,48013.03985256615,49046.144296528335,50275.34117635086,51211.05743069115,36555.32750495619,36915.17789382348,37745.175369189696,38394.37721954654,39075.786604621564,40097.99318638425,44188.54986195135,45114.61981347591,45847.99012594292,46410.83421503199,46825.48406645467,47295.31818428161
2021-05-24,36780.496630633286,36701.533233642556,37767.53909301755,37767.53909301755,38162.35607797125,39149.39854035551,45861.28728456846,47158.54309227349,47628.093292236284,48572.36391458389,49848.93883260086,50914.94469197586,37457.54603770215,37396.70678603169,37881.75074724712,38388.084010619554,38965.62936859488,39880.714609391296,43812.49840664385,44739.344961793184,45482.690615440995,46060.73011348079,46493.364458037344,47001.922830364645
2021-05-28,37175.313615586994,36464.64304267033,37323.369984944635,37530.64890204533,37767.53909301755,38596.65476142033,45229.58010864254,46684.76271032904,47213.5354580349,48072.262400309206,49351.4694315592,50599.0911040129,36724.20434921402,36928.092077596426,37461.55339468685,37952.22558336616,38507.97295199965,39394.48311580629,43307.87575222948,44253.31190951637,45019.65024365777,45622.840884772915,46081.345967131376,46640.39629420104
2021-05-29,36385.67964567959,36227.752851698104,36583.08813815644,37293.758711073104,37372.72210806385,38043.91098248515,44597.872932716615,46143.29941667825,46798.97762383351,47572.1608860345,48806.62199232308,50283.23751604994,35765.3080275394,36220.86528701921,36871.521908281946,37380.259423820455,37938.50199105582,38820.97418956171,42759.39319078215,43728.477738487425,44521.418538625076,45152.49056055952,45639.031113819794,46251.868581772025
2021-05-31,35990.862660725885,36701.533233642556,36435.031768798806,37056.86852010088,37274.01786182542,37728.05739452218,43966.16575679069,45635.67757888064,46473.2536112467,47151.02276875056,48285.4635721842,50026.606475830034,36470.310821563195,36539.01472987514,36939.03117657196,37342.99654959619,37821.08839482984,38615.26661781428,42399.12937173475,43364.40888389477,44163.05488859576,44805.60683925116,45307.004818679496,45953.88477833733
2021-06-03,36780.496630633286,36938.42342461478,36583.08813815644,36819.97832912866,37372.72210806385,37570.130600540695,43334.45858086476,45128.055741083015,46206.75214640295,46782.526916127106,47835.37220933698,49750.23458636244,37415.037696005646,37145.93134339946,37254.74970854444,37527.86346247835,37903.96165261727,38583.32886189343,42138.524771012766,43086.370072999525,43879.954730034544,44525.31422815907,45034.47269778043,45704.5801528645
2021-06-05,37175.313615586994,36464.64304267033,36583.08813815644,36583.08813815644,37076.60936934857,37333.24040956848,42584.30630945273,44518.90953572587,45821.8055860731,46387.709931173405,47361.59182739254,49414.64014915179,36702.95017836576,36760.90844917493,36973.88592014032,37248.40877125063,37609.638730787825,38259.270586746774,41741.90081109336,42692.17117868066,43495.10438528051,44154.20223229932,44679.70710219226,45385.70534881151
2021-06-07,36385.67964567959,36227.752851698104,36583.08813815644,36346.19794718422,36583.08813815644,37096.35021859626,41873.63573653605,43943.604786221906,45377.636478000175,45992.8929462197,46887.81144544809,49039.56401344577,35754.68094211527,36109.40953473822,36492.224983634645,36804.409304816836,37178.37303464581,37827.66322663569,41294.44927000586,42254.06919169945,43071.2483427868,43747.725342551545,44292.39923858182,45038.43006859187
2021-06-07,34806.411705864775,35990.862660725885,36138.919030083525,36109.307756211994,36188.27115320274,36859.46002762403,41162.965163619396,43368.30003671794,44874.244822184206,45598.075961266,46414.031063503644,48625.00617924439,34688.320846559465,35280.25994016003,35854.38848749443,36225.78229503262,36631.232683316244,37301.95041718079,40799.449357622674,41774.503229777016,42610.28951024893,43307.42164342223,43873.82626777812,44663.68834439761
2021-06-09,34806.411705864775,35753.972469753666,35842.806291368244,36227.752851698104,36089.56690696431,36622.56983665181,40570.73968618884,42792.99528721397,44400.46444023976,45282.22237330303,46011.31773885087,48289.41174203374,35339.59175364267,35517.12751368198,35884.71608154586,36183.06963424958,36532.714218302346,37138.064447623685,40489.21757491675,41453.18709201113,42287.37866232956,42989.27370768622,43564.60214064619,44379.01654317289
2021-06-09,35596.045675772184,35517.08227878144,35990.862660725885,36227.75285169811,36188.27115320274,36385.679645679586,40057.47760574903,42217.690537710005,43926.684058295315,45019.01105000056,45655.98245239254,47934.07645557541,36257.45268461484,36069.85621431699,36171.51553355501,36363.47763085638,36631.57566403844,37142.7205936191,40275.41707261593,41215.52551745572,42038.000837098254,42736.464957806646,43313.973045392195,44142.57501377634
2021-06-13,37175.313615586994,35990.862660725885,36435.0317687988,36227.752851698104,36484.38389191802,36385.679645679586,39623.17892229996,41642.38578820604,43452.90367635088,44729.47859436785,45348.02520412865,47578.74116911707,37308.608627531474,36833.158999694024,36657.79309730903,36726.43889260033,36897.45088040916,37294.85109072289,40151.826455110364,41056.870910289355,41858.5686558306,42546.153564054606,43119.639134766134,43952.7770381451
2021-06-14,38359.764570448104,36938.423424614775,36731.14450751408,36583.08813815644,36681.79238439487,36543.606439661075,39267.84363584162,41168.605406261595,43067.95711602101,44439.94613873513,45087.4459940592,47223.40588265874,38426.41207642034,37736.844508232425,37299.2203035313,37238.761916729214,37304.64544116301,37576.021645046465,40112.6257103515,40972.83388908638,41745.66977700371,42415.62134995903,42979.390925304804,43808.088315683475
2021-06-18,38359.764570448104,37649.09399753144,36583.08813815644,36819.97832912866,36583.08813815644,36622.56983665181,38873.02665088792,40660.98356846398,42653.39928181963,44071.45028611168,44803.17776489254,46808.848048457345,37800.86284600367,37549.667544017284,37271.68548398813,37227.225861976076,37284.74823722824,37525.93314136399,39923.12152510695,40761.85909203641,41522.718803746386,42187.7598945962,42751.724653354315,43590.40824608376
2021-06-18,37570.130600540695,37649.09399753144,36583.08813815644,36701.533233642556,36583.08813815644,36701.53323364255,38478.20966593421,40153.36173066635,42150.00762600366,43650.312168827724,44518.90953572588,46354.8085157606,36895.86275336478,37030.06591625349,36987.058189929856,37002.43255265786,37085.68891776634,37334.04933128408,39669.42718048863,40496.8020160005,41252.86436779832,41918.30470817159,42486.53081255254,43341.00783641772
2021-06-21,35990.862660725885,37175.313615586994,36583.08813815644,36346.19794718422,36583.08813815644,36543.606439661075,38083.39268098051,39645.73989286874,41587.39342244463,43176.53178688328,44234.64130655921,45920.509832311516,35851.137229614775,36288.847846123914,36502.47008235984,36603.15603505912,36735.030885166096,37018.09462810645,39355.6839871056,40180.66728492933,40938.394621886706,41609.064665767095,42185.28200594641,43060.92977984619
2021-06-21,34806.411705864775,36227.75285169811,36583.08813815644,36109.307756211994,36286.975399441166,36227.752851698104,37688.575696026805,39138.11805507112,40965.55667114254,42650.10914027834,43879.30602010087,45486.21114886244,34736.548990309224,35399.88548108383,35862.35689761402,36061.12052886721,36256.097018371875,36593.57789346836,38985.76607270679,39816.29259218962,40581.48608052859,41261.76994827888,41849.3929989121,42751.182370179
2021-06-21,33621.960751003666,34806.41170586478,36138.919030083525,35872.417565239775,35793.45416824903,35990.862660725885,37293.758711073104,38630.496217273496,40373.33119371199,42150.00762600365,43476.59269544809,45051.91246541337,33587.029393225894,34412.426919436744,35101.2797639537,35402.282213826365,35668.62206110582,36074.069381302375,38563.29761999418,39406.35797531823,40184.209067990356,40878.07546833137,41480.22299476629,42412.74064477024
2021-06-29,33621.960751003666,34332.63132392034,35842.806291368244,35990.862660725885,35694.74992201061,35990.862660725885,37017.38682160551,38224.398747035404,39869.93953789602,41728.869508719705,43097.56838989255,44676.83632970736,34196.72054954534,34543.75518157942,35035.75352882283,35293.942121469714,35535.97431414566,35915.612171872606,38320.917719453086,39150.80408635671,39921.871285509085,40614.06968804921,41218.452756987695,42163.14700513205
2021-07-15,33227.14376604996,33621.960751003666,35102.524444580056,35635.527374267556,35497.34142953376,35675.00907276292,36701.533233642556,37784.45982094414,39336.93660820852,41202.44686211477,42647.47702704532,44282.01934475366,33317.11517284394,33841.6733864338,34458.36603267166,34774.590789592046,35059.2874652221,35480.84937490618,37941.34277425022,38777.84147519043,39556.772268350076,40258.54080730178,40874.03613106978,41844.01914069239
2021-07-19,32832.32678109626,32911.290178087,34066.12985907659,35043.301896836994,35299.9329370569,35201.22869081848,36385.679645679586,37344.520894852874,38803.93367852102,40623.38195084933,42150.00762600365,43887.20235979995,32285.087007062695,32978.80187138302,33746.07554569606,34134.31225353557,34473.713830769695,34952.37555820291,37509.84032929233,38359.79607175969,39151.704409380545,39866.97043087219,40496.673509011925,41496.50647663901
2021-07-20,31253.058841281443,32200.619605170337,33177.79164293075,34214.18622843422,34806.411705864775,34806.411705864775,36069.82605771662,36904.5819687616,38270.93074883352,39991.674774923405,41605.16018676755,43492.38537484625,31176.847446741514,32008.73720972879,32928.860510301456,33395.09327769643,33796.00522394671,34341.90459922991,37029.760550681436,37899.17250396283,38708.61751178102,39440.925858185576,40087.657492849015,41121.54152004238
2021-07-23,31253.058841281443,32200.619605170337,32733.622534857834,33503.515655517556,34411.594720911075,34648.48491188329,35872.417565239775,36566.16741022985,37826.761640760604,39465.25212831847,41155.06882392032,43156.7909376356,31807.178621442035,32151.661405200048,32819.67146271059,33220.987190141175,33587.00592736145,34103.85524884393,36733.486154789134,37595.7455524936,38402.70389560948,39136.40981105104,39787.60076485823,40836.61355693863
2021-07-24,32042.692811188852,31963.72941419812,32585.566165500197,33148.18036905922,34016.77773595737,34648.48491188329,35753.972469753666,36295.43576340446,37441.81508043075,38991.47174637403,40752.35549926755,42860.67819892032,32714.56968622285,32641.761187134587,32997.95797122017,33293.89147393436,33592.38359253718,34043.61843661388,36532.742482951995,37374.97887434922,38169.4926180452,38896.63632161546,39545.77151867032,40599.9023468343
2021-07-25,33621.960751003666,32437.50979614256,32733.622534857837,33029.73527357311,33621.960751003666,34569.521514892556,35596.04567577218,36092.38702828541,37116.09106784394,38570.33362909008,40325.95315551755,42604.04715870041,33760.49069604381,33363.311360044645,33399.83657891897,33568.89515246716,33779.15714843373,34138.96759527026,36421.366253232525,37232.28017585975,38005.437016697106,38718.789943903794,39359.88514244828,40409.82351517231
2021-07-26,34806.411705864775,33385.07056003144,33177.79164293075,33148.18036905922,33523.25650476524,34490.55811790181,35438.1188817907,35957.02120487271,36849.58960300019,38201.83777646662,39899.55081176755,42386.89781697587,34875.67667838484,34239.16179360505,33975.62015265384,34009.25288124147,34119.41953494022,34370.45447845225,36393.5918161163,37163.31229764653,37907.16345931657,38600.17769563524,39227.74671948436,40264.84488917024
2021-07-26,35990.862660725885,34806.41170586478,33473.904381646025,33503.515655517556,33621.960751003666,34411.594720911075,35398.63718329533,35889.338293166365,36642.310685899494,37885.98418850366,39473.14846801755,42150.00762600366,36025.49514698592,35217.87906759904,34686.66314441677,34584.9002874861,34589.557085808956,34721.061870594145,36444.02550063118,37163.97903970955,37871.46290106411,38538.223728943594,39147.24750240102,40163.484768843795
2021-07-27,37175.313615586994,35990.86266072589,34214.18622843422,34095.74113294811,33918.07348971895,34332.63132392034,35438.118881790695,35889.338293166365,36494.254316541854,37622.772865201194,39117.81318155921,41913.11743503143,37192.62985871702,36265.17423521539,35502.90790575707,35271.23924802465,35169.58900652267,35175.89970807595,36567.621615578224,37230.411774097185,37895.28285383564,38530.46423322277,39116.36152627822,40104.31025587803
2021-07-28,38359.764570448104,37175.313615587,35250.58081393769,34569.521514892556,34411.59472091107,34490.55811790181,35556.56397727681,35957.02120487271,36405.420494927275,37412.20380655922,38809.85593329532,41676.227244059206,38368.42269201312,37358.18799858,36400.976265657555,36048.144025712754,35842.60847095137,35721.93918523018,36759.659999090065,37358.956801394255,37975.71974752708,38574.54255996906,39133.14235520788,40085.93563837348
2021-07-30,39544.21552530921,38359.764570448104,36583.08813815644,35398.63718329533,35102.524444580056,34806.411705864775,35753.972469753666,35990.862660725885,36375.80922105575,37254.27701257774,38549.27672322588,41439.33705308699,39548.544586091724,38481.68082577677,37362.68520221595,36899.148108341404,36594.3097031389,36347.780097097755,37015.72501662212,37546.163409696586,38110.01166409887,38668.20455993528,39195.719956995206,40107.0208295639
2021-07-30,40728.66648017032,39544.21552530922,37767.53909301755,36464.64304267033,35694.74992201061,35280.19208780922,35911.89926373515,36024.704116579065,36405.420494927275,37148.99248325675,38336.07555135088,41202.44686211476,40730.83101056158,39625.49302886165,38373.89236506384,37810.77889501232,37412.587815737745,37043.44726433953,37331.68591392716,37788.77259703742,38295.531426238056,38809.29412333558,39302.29770093791,40166.26985866968
2021-08-02,40728.66648017032,40017.99590725366,38507.820939805744,37412.20380655922,36286.975399441166,35675.00907276292,35951.38096223051,36058.54557243224,36405.420494927275,37017.38682160551,38099.18536037866,40906.33412339949,40137.523267935394,39598.400527677506,38633.9641784517,38125.949191429936,37740.5305402872,37356.04329696076,37474.429800444865,37886.297443487136,38356.443597593796,38841.24861314252,39311.78579809876,40145.86372593443
2021-08-03,39939.032510262914,40017.99590725366,38951.99004787866,38004.429283989775,36879.20087687171,36069.82605771663,36030.34435922126,36092.38702828541,36405.420494927275,36885.78115995428,37862.29516940643,40629.962233931896,39248.643919191745,39185.5218752677,38573.030932228685,38168.461078524146,37835.79731415812,37481.50845614668,37531.54818790921,37912.60123372553,38356.60559817177,38820.31365616558,39274.44738380424,40087.27280334086
2021-08-05,39544.21552530921,40254.88609822588,39544.21552530921,38715.09985690644,37767.53909301755,36464.64304267033,36227.752851698104,36227.75285169811,36494.254316541854,36833.138895293785,37696.47203572588,40412.81289220736,39988.65519968103,39699.903410235245,39052.0610539935,38633.95296973254,38280.85410892923,37887.40320914966,37737.81393555352,38069.04964542002,38472.317177471574,38903.2888094183,39331.48181875909,40108.31262622182
2021-08-06,40333.84949521662,40491.776289198104,40136.44100273977,39425.7704298231,38557.17306292496,37096.35021859626,36385.679645679586,36430.80158681715,36553.47686428491,36833.138895293785,37578.02694023977,40175.92270123514,40950.88631735623,40437.641418500636,39687.851360890825,39230.16469069598,38839.66385140648,38390.617487384916,38007.18841763282,38282.60940855295,38640.162875682625,39034.155888925445,39432.733066036744,40167.5151908157
2021-08-07,41913.11743503143,40728.66648017033,40728.66648017032,40136.44100273977,39346.80703283236,37885.98418850366,36543.606439661075,36600.00886608302,36612.69941202797,36885.78115995428,37506.959882948104,39939.03251026292,42024.22735362439,41324.283742297936,40445.56625622454,39933.32899964081,39494.72608809664,38978.98635019839,38335.60010032253,38550.1076520104,38857.599488390326,39210.832409657676,39576.46660328752,40263.62747432795
2021-08-07,43097.56838989254,41676.22724405922,41320.89195760088,40847.11157565644,40136.44100273977,38833.54495239255,36819.978329128666,36769.2161453489,36760.755781385604,36991.06568927527,37483.270863850885,39702.142319290695,43153.123349189016,42310.19560978317,41298.111387008794,40723.99997147951,40231.23274296695,39641.86547451783,38719.24012979477,38868.54777768789,39122.207878689725,39431.32645244946,39761.01597688975,40395.437672150496
2021-08-09,44282.01934475365,43097.56838989254,41913.11743503143,41557.7821485731,40926.07497264718,39702.14231929069,37175.313615586994,37039.947792174295,36968.0346984863,37148.99248325675,37506.959882948104,39524.47467606152,44309.796824401885,43362.28717306037,42224.413367587906,41586.267303867746,41036.65390552816,40369.94107765497,39154.545385067664,39235.099667263654,39431.68692420701,39693.73272423235,39984.780128582825,40561.77383703286
2021-08-13,45466.47029961476,44282.01934475366,42505.34291246199,42268.45272148976,41715.70894255458,40570.73968618885,37609.612299036075,37378.36235070604,37234.53616333005,37359.56154189872,37578.02694023977,39386.28873132773,45480.359039438874,44458.498533532205,43208.08178689634,42507.113476705585,41900.38734382782,41155.06359975761,39638.182624226305,39647.09043307187,39783.847759477874,39996.22878974991,40246.22082725781,40761.50256350064
2021-08-20,46650.92125447587,45466.47029961477,43541.737497965456,42979.12329440644,42505.34291246199,41439.33705308699,38004.429283989775,37682.93545338461,37560.260175916854,37543.80946821045,37696.47203572588,39287.584485089305,46657.86562438792,45584.12309213379,44236.36854743872,43475.887791729474,42813.46193852154,41990.10217595505,40167.03365347431,40101.99568284444,40176.60829926637,40337.07146728222,40543.86020175677,40993.52771599666
2021-08-20,47835.37220933698,46650.92125447588,44874.244822184206,43689.7938673231,43294.976882369396,42307.93441998514,38399.24626894347,37987.50855606318,37856.37291463213,37728.05739452218,37862.29516940643,39228.36193734626,47838.844394293,46729.35644948856,45299.35846227414,44483.87604126922,43768.28674247178,42868.817299485454,40738.181453026154,40597.43126977003,40607.98802911199,40714.593381234336,40876.278370696564,41256.78919927216
2021-09-05,49019.82316419809,47835.37220933698,46058.695777045315,44755.7997266981,44084.6108522768,43176.53178688328,38794.06325389718,38393.60602630128,38152.48565334741,37991.26871782465,38075.49634128144,39208.62108809857,49021.559256676104,47887.662339345436,46389.33971933749,45523.94841904922,44758.43864656215,43785.74940193219,41348.89719810789,41131.145500905455,41076.103050062324,41127.19966475491,41242.111165490875,41550.2617696068
2021-09-05,50204.2741190592,49019.8231641981,47243.146731906425,46058.695777045315,44874.244822184206,44045.12915378143,39188.88023885088,38867.38640824572,38537.43221367727,38307.122305787605,38336.07555135088,39228.36193734625,50205.14216529821,49054.68325087039,47500.314242578126,46590.271447207604,45778.48271230956,44736.12136093072,41996.62811731676,41701.01177847305,41579.16136518562,41573.36480584952,41640.04794289608,41872.95388548475
2021-09-06,51388.72507392031,50204.274119059206,48427.597686767534,47243.14673190643,45959.991530806896,44913.72652067957,39702.142319290695,39408.84970189651,38981.60132175019,38675.61815841107,38644.03279961477,39287.584485089305,51389.15909703981,50227.51417684073,48627.61686173442,47678.07228022102,46823.820145612925,45715.75319441208,42678.98613431602,42305.02164999241,42115.45839606323,42051.62963073846,42068.82948355201,42223.90659640173
2021-09-07,51388.72507392031,50678.054501003644,49167.87953355573,48072.262400309206,46947.033993191144,45545.4336966055,40175.92270123514,39814.94717213461,39307.325334336994,39017.79287870428,38857.23397148977,39327.06618358467,50796.71660804951,50219.767490913546,48977.985141139936,48137.38170546433,47343.889987681585,46276.818309992974,43164.48864300343,42743.86952162973,42510.03731513223,42406.10105739494,42387.888990821666,42485.6487044814
2021-09-07,50599.09110401291,50678.054501003644,49612.048641628644,48664.48787773975,47637.96371686013,46019.21407854994,40649.703083179586,40153.36173066635,39573.826799180744,39281.00420200674,39023.05710517032,39366.54788208005,49908.2698861238,49819.786048675065,48987.28247959731,48297.825607052284,47601.72586099182,46619.69391676862,43542.2522027602,43092.53399725186,42827.589790591286,42693.660883472345,42647.98243401907,42699.955771438195
2021-09-07,49019.82316419808,50204.2741190592,49760.105010986284,49019.82316419809,48131.48494805226,46571.95785748513,41123.48346512402,40424.09337749175,39869.93953789602,39491.57326064872,39212.569257948104,39406.029580575414,48871.821047730395,49158.3147688957,48731.30241953946,48213.74317110405,47637.671453044924,46771.65370333967,43819.227716041634,43356.02528337023,43071.87328394581,42917.21852543329,42851.42270550245,42868.38468950069
2021-09-08,47835.37220933698,49256.713355170315,49612.048641628644,49138.2682596842,48427.59768676754,47124.701636420315,41597.26384706846,40627.1421126108,40166.0522766113,39728.46345162094,39402.08141072588,39445.511279070786,47761.37115110313,48322.51693075576,48268.99549396978,47929.59373171711,47485.863730188146,46756.56214723169,44001.917639632535,43539.075239538564,43246.461958008746,43079.55688269486,43000.43195286233,42992.44118507805
2021-09-10,46650.92125447587,47835.37220933698,49167.87953355573,49019.8231641981,48526.301933005954,47440.55522438327,41952.599133526805,40864.03230358302,40462.16501532657,39965.35364259317,39591.59356350366,39484.99297756616,46613.92072535894,47370.50138704209,47646.21211744645,47481.7531076985,47175.18781779224,46595.300666279574,44096.40491667205,43646.15284231766,43354.755619092066,43183.337840227294,43097.14514104464,43073.581504545924
2021-09-15,46650.92125447587,47361.591827392534,48871.766794840456,49019.8231641981,48723.71042548281,47835.37220933698,42465.86121396662,41202.44686211477,40758.27775404185,40202.243833565386,39852.172773573104,39583.697223804586,47224.646467347964,47525.45832780705,47688.24769342213,47546.04748981459,47276.754647260655,46750.30960916175,44337.62863364005,43878.88745572637,43573.32337873421,43385.604143824465,43282.96867803668,43229.75160508574
2021-09-20,46256.10426952216,46650.92125447588,48131.48494805225,48664.48787773975,48625.00617924438,47993.29900331846,42939.64159591105,41507.01996479334,40965.55667114254,40360.17062754687,40017.99590725366,39662.66062079532,46345.55838348136,46839.12898507629,47194.51938368716,47167.942546141894,46998.24936300744,46589.829695468376,44410.457134056145,43967.08657567016,43665.67244979546,43476.07827100717,43368.60093485191,43303.107458849736
2021-09-20,45861.28728456847,45940.250681559206,47095.090362548784,48072.2624003092,48328.893440529115,47993.29900331846,43413.421977855505,41811.593067471906,41113.61304050018,40544.418553858595,40136.44100273977,39741.62401778607,45313.78886411751,45986.75910496875,46547.29715281305,46643.22923679858,46580.36782173762,46301.353401629036,44402.17082444761,43984.58285430737,43695.73828849019,43511.119811731965,43404.423170661445,43335.211741381136
2021-09-20,44282.019344753644,45229.58010864254,46206.752146402956,47243.146731906425,47835.37220933698,47835.37220933698,43768.757264313834,42116.16617015048,41202.44686211477,40728.66648017032,40278.575117323104,39820.587414776805,44205.67862700502,45023.69553327668,45780.690761052945,45998.56362827021,46044.552524530685,45900.880275161966,44318.0029195405,43935.30423653994,43666.55914303267,43493.13900862653,43392.38903465143,43327.41808728525
2021-09-21,43097.56838989254,44518.90953572588,45318.41393025713,46177.14087253143,47144.442485668,47519.518621374016,44045.12915378143,42319.21490526953,41320.89195760088,40912.91440648205,40420.70923190643,39899.55081176755,43059.39803101822,43986.83616719493,44921.23002193706,45255.75522949952,45408.94712614618,45402.40992014565,44162.84900713368,43822.960446947865,43581.02504980842,43424.44129835223,43334.375534287086,43281.03566570182
2021-09-21,41913.11743503143,43097.56838989254,44430.07571411129,45229.58010864254,46256.10426952216,47045.73823942957,44242.53764625828,42556.10509624175,41439.33705308699,41018.19893580303,40491.776289198104,39919.29166101523,41894.03225559427,42900.77960485339,43989.54923487779,44432.64818416694,44688.9039498422,44818.191990148734,43941.288830504025,43651.055113274706,43441.88506368774,43307.23186955028,43232.18604317498,43197.33064398754
2021-09-22,41913.11743503143,42623.788007948104,43985.90660603838,44637.35463121199,45466.47029961476,46650.92125447587,44479.427837230505,42894.51965477349,41646.61597018768,41149.80459745427,40586.53236558699,39958.7733595106,42495.80032274341,42966.37586653311,43791.33126932552,44189.906403389774,44444.083094465335,44603.11404011671,43886.85525056472,43620.30583172472,43425.089065950655,43298.11593009513,43226.90668015358,43194.05896460546
2021-09-23,42702.75140493884,42623.788007948104,43837.85023668074,44282.01934475365,44972.94906842263,46256.10426952216,44716.318028202724,43300.61712501159,41913.11743503143,41281.410259105505,40752.35549926755,40057.47760574903,43388.909833748534,43404.92369260662,43900.37306386511,44206.65421091048,44419.15020989431,44562.97720319632,43912.34970962382,43657.06771517083,43466.89069076103,43340.89494985953,43268.285449910174,43229.73808532803
2021-09-28,43097.56838989254,42386.89781697588,43097.56838989255,43808.238962809206,44380.72359099208,45624.39709359624,44834.763123688834,43571.34877183699,42150.00762600366,41334.052523766004,40894.48961385088,40136.44100273976,42651.01363438998,42907.65494008156,43458.76070190207,43789.64752438701,44033.60670606925,44231.74473217571,43783.366975749195,43560.181534704294,43391.09661849987,43278.816819301624,43215.139381860914,43186.56049347476
2021-10-01,43492.38537484624,42860.678198920315,42949.51202053491,43689.7938673231,44084.6108522768,45071.65331466107,44992.68991767032,43875.92187451555,42386.89781697588,41491.97931774748,41107.69078572588,40274.62694747357,43466.51648957182,43365.77640830559,43641.7070669802,43879.16967354458,44071.82403509762,44238.029058747954,43815.53809784247,43600.283656290725,43434.556402715825,43322.434889866876,43256.979494245206,43222.484984431205
2021-10-01,43887.20235979994,43808.23896280921,43097.56838989255,43452.90367635088,43985.90660603837,44755.7997266981,45150.6167116518,44180.494977194125,42712.62182956268,41702.54837638946,41297.20293850366,40452.29459070273,44466.493394593286,44066.00770540864,44047.21000756566,44167.769787375524,44286.384998869486,44391.58421385631,43922.04985747954,43703.96074337528,43533.67445540629,43415.65498485183,43343.62954020936,43296.07374181586
2021-10-01,45466.47029961477,44518.90953572588,43541.737497965456,43571.34877183698,44084.6108522768,44597.872932716615,45308.54350563328,44485.0680798727,43097.56838989254,41965.759699691924,41486.71509128143,40610.221384684206,45558.70732453458,44927.64555509772,44625.81250687905,44619.25187230286,44650.159807424316,44674.001343933756,44098.10608388343,43867.68084834496,43685.73571503243,43556.32041595081,43473.332069024866,43406.09110967148
2021-10-01,46650.92125447587,45229.58010864254,44282.01934475366,43926.684058295315,44084.6108522768,44597.872932716615,45584.91539510087,44789.64118255128,43541.73749796546,42281.613287654895,41676.22724405921,40768.14817866569,46697.03976693578,45896.88777317747,45339.04799631415,45204.001024490884,45140.192484641644,45069.17270210916,44339.22003674039,44088.10824354851,43888.157564789406,43742.36827181256,43644.39856761881,43551.342003295766
2021-10-04,47835.37220933698,46650.92125447587,45318.41393025713,44518.90953572588,44380.72359099208,44755.7997266981,45940.250681559206,45094.214285229835,43956.29533216685,42650.10914027835,41865.73939683699,40985.29752039023,47858.43146556693,46937.866236851005,46156.9980336217,45897.786868074014,45737.05874303495,45563.004009870274,44641.194442932014,44362.09252011166,44138.48337160952,43971.82534005669,43855.20675564245,43730.670575008786
2021-10-05,49019.82316419809,47835.37220933698,46206.752146402956,45348.02520412865,44874.244822184206,45071.65331466107,46256.10426952217,45398.78738790841,44370.85316636823,42992.28386057155,42126.31860690643,41241.92856061013,49031.35279231306,48026.668864253734,47056.39271927448,46680.78455007132,46424.32264703868,46143.16277351889,45000.10282122165,44686.6582923822,44434.37634036341,44242.80420665767,44104.19798673468,43942.95892393514
2021-10-05,50204.2741190592,49019.82316419809,47095.090362548784,46414.031063503644,45565.17454585319,45308.54350563327,46571.95785748513,45703.36049058698,44785.41100056963,43413.421977855505,42434.27585517032,41478.81875158237,50210.03893311668,49147.35426747592,48019.13324252911,47536.77373622568,47188.076866558935,46798.85806106907,45412.2720118012,45058.9954743579,44773.61366788105,44553.49952497918,44389.87475180653,44187.125848340074
2021-10-06,51388.72507392031,50204.2741190592,48427.597686767534,47361.591827392534,46453.512761999016,45782.323887577724,46887.81144544809,46007.93359326556,45199.968834771,43887.20235979995,42789.61114162865,41715.70894255458,51391.60748094905,50289.294854577754,49031.14275058519,48452.483243963085,48016.553660747006,47520.647807033114,45874.26583296512,45476.45009631966,45154.08098216496,44902.18444707782,44710.79828033725,44462.12563910783
2021-10-06,52573.17602878142,51388.72507392031,49612.048641628644,48309.152591281425,47539.259470621706,46414.03106350365,47203.66503341105,46414.031063503644,45614.5266689724,44413.62500640489,43192.32446628143,42011.82168126986,52574.61723229579,51445.40556426602,50081.47258015349,49417.05483299571,48899.79571042324,48300.27020410929,46382.869792193575,45936.51563165761,45573.767052881456,45287.207210216104,45065.5862358306,44766.946912997766
2021-10-06,53757.62698364253,52573.17602878142,50796.49959648975,49612.048641628644,48526.301933005954,47203.66503341105,47519.518621374016,46887.8114454481,46029.084503173784,44913.72652067958,43642.41582912865,42347.416118480505,53758.34758539971,52610.96302234522,51161.607104231305,50421.6044885426,49829.37759166638,49130.496170908584,46935.076783618264,46436.824805545584,46030.75875989498,45706.9878718325,45452.910501731145,45100.61148435959
2021-10-11,54942.07793850364,53757.626983642534,51980.95055135086,50796.49959648975,49513.344395390224,48151.22579729994,47835.37220933698,47327.75037153936,46443.642337375175,45413.82803495426,44068.81817287865,42722.49225418652,54942.43823938223,53782.81831268506,52264.92305737208,51458.86347123754,50798.17009961997,50005.00026121561,47528.0737082332,46975.141858693976,46523.23630725632,46160.01518650993,45871.49505424679,45462.1732740333
2021-10-11,56126.528893364746,54942.07793850363,53165.40150621197,51980.95055135086,50796.49959648976,49256.713355170315,48151.22579729995,47767.68929763063,46858.200171576565,45913.92954922896,44566.28757392031,43077.82754064486,56126.70904380405,54958.87215786533,53386.26901089515,52522.88463068996,51800.14083017472,50918.24770959189,48159.22895731833,47549.35524089828,47049.46867066957,46644.843618765284,46320.113918662806,45850.717254201874
2021-10-15,57310.979848225856,56126.52889336475,54349.85246107309,53165.40150621198,51980.95055135086,50283.23751604994,48467.07938526291,48207.628223721906,47272.758005777956,46414.03106350365,45111.13501315643,43433.16282710319,57311.06992344551,56137.72503960587,54521.63829804889,53608.80211658032,52830.18544139199,51865.39559627877,48826.08070338493,48157.47071050537,47607.80926704745,47160.09048575144,46797.589205867764,46265.35842800629
2021-10-15,58495.430803086965,57310.979848225856,55534.30341593419,54349.85246107308,53165.40150621198,51309.76167692957,48782.93297322586,48647.56714981317,47776.149661593925,46914.132577778335,45703.36049058698,43788.49811356152,58495.47584069679,57318.44394571994,55667.91462247094,54712.63477864719,53883.984874708316,52842.20636648744,49526.32594654428,48797.6048172461,48196.69183531979,47704.43322422069,47302.78922594028,46705.240842771964
2021-10-15,59679.881757948075,58495.43080308697,56718.7543707953,55534.30341593419,54349.85246107308,52573.17602878142,49098.786561188834,49087.506075904435,48338.76386515295,47414.23409205303,46271.89694892031,44143.83340001986,59679.90427675299,58500.406868083024,56822.67419810167,55831.12531213119,54957.884542108455,53844.97215977766,50257.8102675628,49467.9787471357,48814.626518189216,48276.60677634389,47834.62667576989,47169.536635734294
2021-10-19,60864.332712809184,59679.88175794808,57903.20532565641,56718.754370795294,55534.303415934184,53757.62698364253,49414.64014915179,49527.44500199571,48871.76679484045,47914.33560632772,46840.43340725365,44558.39123422125,60864.343972211645,59683.199134612114,57984.031858005816,56961.60864950193,56048.7920998872,54870.448598264236,51018.518242010716,50166.912509326765,49460.19613503049,48875.401089215484,48392.0568978041,47657.445111188164
2021-10-19,62048.783667670294,60864.33271280919,59087.65628051752,57903.20532565641,56718.7543707953,54942.07793850364,49848.93883260086,49967.38392808697,49404.76972452795,48414.437120602415,47408.96986558698,45012.430766918,62048.78929737152,60866.54429725188,59150.52136123373,58101.90428096183,57154.090949524776,55915.79685129763,51806.56447285317,50892.81944591725,50132.05263660859,49499.65872309906,48974.076207128215,48168.191848022005
2021-10-20,63233.2346225314,62048.783667670294,60272.10723537863,59087.65628051752,57903.2053256564,56126.528893364746,50362.20091304067,50407.322854178245,49937.77265421545,48914.538634877106,47977.50632392031,45505.95199811013,63233.23743738202,62050.25805729876,60321.0022981579,59250.228153040145,58271.56704611981,56978.532942059486,52620.1852015841,51644.20104677113,50828.91373274531,50148.272563683786,49579.72028419456,48701.02783663188
2021-10-20,64417.68557739251,63233.23462253141,61456.55819023974,60272.10723537863,59087.65628051752,57310.97984822585,50954.42639047124,50847.26178026951,50470.77558390295,49493.603546142534,48546.042782253644,46038.95492779763,64417.686984817825,63234.21754895038,61494.58768351252,60405.12058562442,59399.34696706347,58056.48339083376,53457.730460577564,52419.64205240648,51549.55968449722,50820.183633827386,50208.062630622866,49255.22864424435
2021-10-21,64417.68557739252,63707.015004475856,62196.84003702794,61101.22290378141,59975.994496663356,58258.54061211474,51507.170169406425,51185.67633880127,50914.94469197586,50046.347325077724,49043.51218329531,46552.21700823745,63825.46080367462,63233.88990681072,61880.95366996116,60919.323137789324,59989.17583713546,58703.57729479597,54088.40815679548,53020.39730152781,52119.49575232995,51359.884530867,50718.86329412803,49713.576794438624
2021-10-22,63628.051607485104,63707.015004475856,62641.009145100856,61693.44838121197,60666.92422033233,59048.17458202215,52059.91394834161,51456.40798562666,51299.89125230572,50520.12770702216,49493.603546142534,47006.2565409342,62937.12223567246,62838.854493763916,61918.249225007654,61124.67959776768,60306.03858029467,59121.72809140527,54601.98077676113,53521.97440571834,52603.851830309686,51824.6217699664,51163.181924252945,50118.05493500715
2021-10-22,62048.7836676703,63233.23462253141,62789.065514458496,62048.78366767031,61160.445451524465,59679.88175794808,52494.21263179067,51760.981088305234,51625.615264892534,50941.2658243061,49896.3168707953,47480.03692287865,61900.727474240826,62180.68056677901,61684.04555563022,61077.34380050251,60391.9299852969,59339.553669080764,55006.003486993766,53929.883264959,53006.80256826191,52217.65469803811,51543.625813793195,50470.429937402514
2021-10-27,60864.332712809184,62285.67385864252,62641.009145100856,62167.22876315641,61456.558190239746,60153.66213989253,52967.993013735126,52065.5541909838,51892.116729736284,51309.76167692956,50251.652157253644,47953.8173048231,60790.30461609445,61347.080963835375,61238.67582281197,60823.25979276535,60282.38410416631,59382.094680189184,55307.54402387208,54249.32767331381,53332.318972855996,52542.10094585092,51862.699995617666,50772.4106968135
2021-10-27,59679.88175794808,60864.33271280919,62196.84003702794,62048.78366767031,61555.262436478166,60469.51572785548,53441.773395679564,52370.12729366237,52099.39564683697,51625.61526489253,50630.67646280919,48427.597686767534,59642.86770959071,60396.53091025257,60629.065818428644,60400.01815827837,60007.46821169257,59271.26169555141,55513.21414074554,54485.222324855255,53584.178341587474,52800.94259008414,52122.811253923595,51025.65003615024
2021-10-29,59679.88175794808,60390.55233086475,61900.72729831266,62048.78366767031,61752.67092895502,60864.33271280919,54033.998873110126,52776.22476390047,52336.2858378092,51967.78998518574,51080.767825656425,48901.37806871198,60253.600211199955,60552.46484443811,60681.34735051321,60484.43898637489,60139.29351955666,59470.395572708636,55858.4476002824,54839.6173935445,53939.30816521198,53151.52634427227,52465.62129452541,51348.2612969035
2021-10-29,60469.51572785549,60390.552330864746,61604.61455959739,62048.783667670294,61950.079421431874,61259.1496977629,54705.18774753142,53250.00514584491,52573.17602878142,52309.964705478946,51507.170169406425,49375.158450656425,61151.19193943513,61051.237785515514,60985.22208765924,60768.86529206497,60433.06123465107,59792.69408457885,56257.82412430289,55240.12668130617,54334.892698546806,53538.365281455284,52841.43714240862,51699.131232798034
2021-11-07,62048.7836676703,60864.33271280919,61308.50182088211,62048.78366767031,62147.48791390873,61653.9666827166,55455.34001894345,53689.94407193618,52898.90004136822,52652.13942577216,51933.572513156425,49848.93883260087,62192.21328098327,61778.57006452081,61484.78042874196,61216.93244305887,60863.85714047881,60222.76165182292,56707.85061179523,55684.1882862786,54768.9585365957,53959.88307228036,53248.964403621365,52077.33310410039
2021-11-08,63233.23462253142,61811.89347669808,61456.55819023975,62048.783667670294,62344.89640638558,62048.7836676703,56166.01059186012,54231.40736558697,53283.84660169808,52994.31414606537,52359.97485690641,50322.719214545315,63304.949429187895,62658.275235478046,62136.5371284421,61798.887558392256,61410.59997692708,60747.12714251912,57205.259323115715,56169.38263459349,55239.628538577235,54414.57192532211,53686.9594495502,52481.970574495674
2021-11-08,64417.68557739252,63233.23462253142,61900.72729831266,62048.78366767031,62542.30489886243,62443.600652624,56876.68116477678,54840.55357094412,53728.015709770996,53336.48886635857,52786.377200656425,50796.49959648975,64453.54298072076,63639.56233440324,62906.67032928911,62490.387371821605,62055.45175466963,61354.00331623594,57746.99334054387,56693.424573251614,55745.11713205029,54900.9896069955,54154.22742571263,52912.17671293064
2021-11-08,65602.13653225363,64417.68557739252,62641.009145100856,62404.11895412863,62739.71339133928,62838.41763757771,57705.796833179564,55517.38268800761,54231.40736558698,53678.66358665179,53212.779544406425,51270.2799784342,65620.06523391775,64688.5707186404,63768.874142139255,63271.51466551127,62783.31879043041,62033.07633759579,58330.19296686656,57254.155902284794,56283.72584611261,55417.75659105373,54649.620338669374,53367.113028273016
2021-11-12,65602.13653225363,64891.46595933697,63233.23462253142,62641.009145100856,62641.009145100856,62996.34443155919,58376.985707600856,56160.37034921793,54705.18774753142,53941.87490995426,53568.11483086475,51684.83781263559,65018.87540565513,64598.27567155778,63913.05446108444,63479.90937676241,63034.75983457842,62331.152492570385,58722.93442810696,57652.12981068886,56680.50465272941,55809.05919766645,55032.6863593672,53729.45584881746
2021-11-16,64812.50256234622,64891.46595933697,63825.460099961965,62877.89933607308,62641.009145100856,62996.344431559184,58969.21118503142,56803.35801042824,55090.13430786127,54231.40736558697,53876.07207912863,52059.91394834161,64126.055014093276,64143.26198854899,63761.98338585044,63435.05942144767,63065.29441734042,62443.91275881551,59013.92153915522,57962.19121676531,57000.15023408105,56131.85049585598,55354.28022899577,54041.079247945396
2021-11-16,63233.23462253142,64417.685577392534,63973.51646931961,63114.78952704531,62641.009145100856,62838.41763757771,59482.47326547122,57344.821304079036,55504.69214206267,54520.93982121969,54136.65128919808,52395.50838555225,63087.41934088179,63445.10254825609,63381.272337365976,63183.009284397245,62908.90814816039,62394.521622422355,59209.71909692293,58189.22414981918,57246.42519473309,56389.10926969115,55616.81271032365,54303.64657019935
2021-11-16,62048.7836676703,63470.12481350363,63825.460099961965,63351.67971801752,62641.009145100856,62522.564049614746,59916.7719489203,57818.601686023474,55919.24997626406,54810.4722768524,54349.85246107308,52750.84367201058,61975.87602684549,62584.845936440455,62821.9524207978,62761.4317259267,62594.35808118329,62203.248008720715,59316.46836301956,58337.841304024965,57422.90859669008,56583.684787887556,55822.60001863761,54518.76659438455
2021-11-18,60864.332712809184,62048.78366767031,63381.29099188905,63233.23462253141,62641.009145100856,62285.67385864253,60272.10723537863,58326.2235238211,56333.80781046544,55100.004732485126,54515.675594753644,53106.17895846892,60827.87889239679,61616.52454360967,62123.714495720094,62201.149913566944,62145.977108377876,61887.82722737414,59339.914388612975,58412.39911261987,57533.00491277907,56718.3024351792,55973.86753011681,54687.995324641146
2021-11-18,59679.88175794808,60864.33271280919,62641.00914510086,62877.89933607308,62641.009145100856,62048.7836676703,60548.47912484622,58732.3209940592,56748.36564466683,55389.537188117836,54634.12069023975,53402.2916971842,59661.654847741884,60576.159963435435,61317.42923069052,61527.38280257059,61584.35459987158,61463.77767433824,59285.43157639541,58417.01198463966,57579.95254327408,56795.56909882437,56072.75334473068,54812.837722658165
2021-11-18,58495.43080308698,59679.88175794808,61604.61455959739,62285.67385864252,62344.896406385575,61811.893476698075,60745.887617323075,59070.73555259094,57162.92347886822,55600.1062467598,54776.25480482308,53658.92273740411,58486.31734798387,59487.76659169891,60427.10714569838,60760.76408359882,60926.91233038762,60944.6779460742,59158.047593390096,58355.56575072286,57566.83191706771,56817.978320894144,56121.311709369584,54894.74938296781
2021-11-20,58495.43080308698,59206.10137600363,60716.27634345155,61811.89347669808,62147.48791390873,61811.893476698075,60982.7778082953,59442.99156697586,57577.481313069606,55915.95983472277,54989.45597669808,53935.2946268717,59083.09955296598,59551.80498044864,60261.05705953164,60564.24002438959,60735.061473089234,60786.578422558436,59191.71431381835,58429.13886688994,57669.90757089097,56942.409218755165,56260.864753158574,55051.64890140146
2021-11-22,58100.61381813327,58495.43080308698,59827.93812730572,60982.777808295294,61653.9666827166,61732.93007970734,61101.22290378141,59713.723213801255,57903.20532565642,56205.49229035549,55178.96812947586,54152.443968596235,58197.039700595924,58804.86326970771,59605.484345908146,59972.738174178,60208.27968464871,60352.12860076687,59070.37660590833,58367.018917696936,57652.398893118305,56958.4340673683,56302.04609938724,55125.72986175128
2021-11-26,57705.796833179564,57784.76023017031,58939.59991115989,59916.77194892031,60963.03695904761,61417.076491744374,61140.70460227678,59916.7719489203,58258.540612114746,56495.0247459882,55368.48028225363,54330.1116118254,57161.78429698034,57912.08514426006,58832.38313423185,59273.42739584832,59580.31802445118,59823.92863734161,58880.45094637205,58242.54724265449,57577.96617633914,56922.26419377971,56295.16301355044,55158.54488809296
2021-11-26,56126.528893364746,57074.089657253644,58051.26169501406,58969.21118503141,60074.69874290179,60943.29610979993,61101.22290378141,60052.13777233299,58525.042076958496,56784.55720162092,55557.99243503141,54468.2975565592,56051.93111774199,56922.08274234125,57967.870868514474,58485.90931269474,58866.7426266131,59213.69729998687,58626.36236439012,58059.18782709611,57449.38620665248,56836.16894928336,56242.10042304128,55151.447204506854
2021-11-26,54942.077938503644,56363.41908433698,57162.92347886822,58021.650421142534,58988.9520342791,60311.58893387401,60982.7778082953,60119.820684039354,58732.32099405919,57074.08965725364,55676.43753051752,54567.00180279762,54904.77905069226,55867.264156108344,57032.26111632072,57626.221616503426,58080.724835386856,58531.688510443826,58312.25040338303,57820.21221265329,57269.300316761415,56702.31901617873,56144.66933225992,55105.745648946526
2021-11-28,54942.077938503644,55652.74851142031,56718.75437079531,57429.42494371197,58298.022310610126,59758.845154938834,60903.814411304564,60221.345051598866,58969.21118503142,57363.62211288636,55889.638702392534,54685.446898283735,55515.65397202851,55953.685735193816,56830.98728899718,57353.550212296395,57780.07930584499,58231.04355830895,58171.23611201141,57726.118690441996,57213.55534745,56677.28461248673,56143.95793716901,55139.215745532674
2021-11-29,55731.71190841105,55652.748511420315,56570.698001437675,57074.08965725363,57804.501079418,59206.10137600364,60824.85101431383,60322.8694191584,59206.10137600363,57653.15456851907,56150.21791246197,54803.89199376984,56413.316910127185,56406.1171062045,56937.65230215911,57345.81014610174,57707.91015851898,58116.035594548564,58115.73570774795,57703.05542039451,57218.30776389217,56704.83663244769,56189.72383177367,55210.424816571154
2021-12-03,56126.528893364746,55415.8583204481,56274.585262722394,56600.30927530919,57212.275601987436,58416.467406096235,60627.442521836965,60322.8694191584,59354.15774536127,57942.68702415178,56387.10810343419,54863.1145415129,55677.69742431541,55918.10405030422,56494.1913324579,56908.76792653845,57282.397509285845,57719.29088754295,57910.98359309146,57549.6677760076,57107.272123312716,56628.19480857677,56140.79620342805,55201.62611720648
2021-12-03,55336.89492345735,55178.96812947587,55534.3034159342,56126.52889336475,56620.05012455688,57705.796833179564,60351.07063236938,60255.186507452054,59442.991566975856,58153.25608279376,56623.99829440641,54882.85539076058,54717.66220397897,55197.94502808365,55886.06592161005,56335.83320964829,56740.12512072534,57224.08289955539,57643.02510153283,57338.99883466173,56943.874744357185,56503.387291393345,56047.33796590101,55154.27958771612
2021-12-04,53757.62698364254,54942.07793850366,54942.077938503644,55652.74851142031,56027.824647126334,56995.12626026291,59995.73534591104,60119.820684039354,59472.60284084738,58311.182876775245,56860.888485378644,54922.337089255954,53645.4191163802,54323.02202831624,55149.868167648136,55651.71372221795,56099.05602965705,56642.71954070865,57315.93806386578,57074.23089098757,56730.669860612776,56332.50825214459,55911.09545143093,55069.649272743874
2021-12-04,52573.176028781425,53994.51717461475,54349.85246107309,54823.632843017534,55435.59916969577,56284.455687346235,59561.43666246197,59916.7719489203,59442.991566975856,58416.46740609623,57026.71161905919,54961.818787751334,52517.07209515026,53344.9230435176,54314.058591264176,54876.62487707293,55374.38972877448,55985.9702323601,56933.53722502242,56758.36944542314,56470.087108627136,56117.56081007445,55733.74650556225,54948.95775912394
2021-12-04,51388.72507392031,52573.17602878143,53757.626983642534,54112.96227010087,54843.373692265224,55573.785114429564,59048.174582022155,59646.0403020949,59354.157745361284,58469.10967075673,57145.15671454531,55001.3004862467,51360.67310710473,52298.04006869814,53400.773152996415,54027.10655743407,54578.98732727982,55263.25821819749,56499.39121735516,56394.25302611887,56164.4376058415,55860.460991305656,55516.903173153376,54793.387536104994
2021-12-09,50204.274119059206,51388.725073920315,53165.40150621199,53402.291697184206,53955.035476119396,54863.11454151291,58574.39420007772,59307.62574356316,59206.101376003644,58469.10967075673,57287.290829128644,55040.782184742064,50190.24813565142,51205.301100531455,52427.22871104124,53116.69139502753,53723.731302190325,54482.82883644756,56016.83843886813,55984.56246518068,55815.91973203654,55563.04151558769,55262.11427903061,54604.08231091311
2021-12-09,49019.823164198104,50204.27411905921,52129.00692070851,52691.621124267534,53165.40150621198,54152.44396859624,58100.613818133264,58901.528273325064,58998.822458902934,58416.46740609623,57358.35788642031,55080.26388323744,49012.8101724942,50081.991470133304,51406.81615510697,52156.451543083786,52817.82990328981,53651.89675805874,55489.001907046535,55531.82965956563,55426.62462875386,55227.05541839556,54970.867907421154,54382.148281122194
2021-12-14,47835.37220933699,49019.823164198104,50796.49959648976,51980.95055135087,52375.76753630457,53441.77339567957,57626.833436188834,58427.747891380626,58732.32099405919,58311.18287677524,57382.04690551752,55060.523033989746,47831.86571348504,48938.3013982475,50349.9506216334,51155.44603606416,51869.0747265492,52776.774820110884,54918.80315437435,55038.445845260685,54998.54143045063,54854.17951553865,54644.593784136196,54128.65536525177
2021-12-23,47835.37220933699,48546.04278225366,50056.217749701565,51270.279978434206,51882.246305112436,52731.10282276291,57271.4981497305,57987.808965289354,58495.43080308697,58232.2194797845,57429.42494371197,55119.74558173281,48425.84443884157,48965.47532023103,50054.36674220333,50767.150968452144,51430.728332341336,52307.155863121785,54538.22379961157,54704.077909560045,54706.896567714786,54600.51151984767,54424.01343632292,53961.146238782276
2021-12-23,48625.006179244396,48546.04278225366,49612.04864162865,50559.609405517534,51586.13356639716,52257.322440818454,56995.1262602629,57547.87003919809,58258.540612114746,58153.25608279376,57476.80298190641,55218.44982797124,49315.059278950386,49378.40825317375,50087.67949261575,50664.80972310798,51242.04306875947,52044.29564511396,54258.61414241834,54454.08880375048,54487.25639865223,54409.37052671256,54258.53266459832,53837.965529366134
2021-12-28,49019.823164198104,48309.15259128144,49019.8231641981,49848.93883260088,50895.20384272819,51704.57866188328,56560.827576813834,57107.93111310681,57932.81659952794,57995.32928881228,57453.11396280919,55297.41322496197,48575.21574414369,48864.062905228166,49587.166762998255,50150.36653878598,50717.93985961756,51518.180215641834,53844.21143652667,54086.38231747944,54162.774173352045,54123.54417452199,54006.642851508375,53641.152121924366
2021-12-29,48230.18919429069,48072.26240030922,48427.59768676754,49138.268259684206,50006.86562658235,51151.8348829481,56047.565496374016,56667.99218701555,57547.8700391981,57784.7602301703,57382.046905517534,55376.37662195272,47613.06849930978,48126.34902164407,48934.66776110439,49514.10375982051,50092.24468959576,50909.77284549609,53380.1281984181,53673.301137972034,53796.342248753775,53798.647157900494,53718.181896147995,53411.95626235602
2022-01-05,46650.92125447587,47835.372209336994,47835.37220933699,48427.59768676754,49217.23165667496,50599.091104012914,55455.34001894346,56228.05326092427,57103.70093112517,57521.548906867836,57263.60181003141,55455.340018943454,46539.769399462275,47239.72278096763,48163.957214106704,48778.17040341946,49380.587091137146,50229.360027260926,52869.56962372862,53217.36608165984,53390.00695272091,53436.37820643631,53394.58397807734,53151.43977225053
2022-01-05,45466.47029961477,46887.811445448104,47243.14673190644,47716.92711385088,48427.59768676754,49809.457134105505,54784.15114452216,55788.11433483301,56600.30927530919,57205.69531890487,57097.77867635086,55475.08086819114,45410.89437210797,46253.82163556298,47301.304354250475,47960.68839275295,48596.19205323199,49485.94244194752,52315.534121277444,52720.957919597335,52945.71479211576,53038.36219136986,53037.2270328864,52860.62965135487
2022-01-07,44282.019344753666,45466.470299614775,46650.92125447588,47006.25654093421,47637.96371686013,48861.896370216615,54033.99887311013,55348.175408741736,56037.69507175017,56837.19946628142,56884.57750447586,55455.340018943454,44254.23138100026,45201.7372203395,46367.14080661538,47076.48475586924,47750.249951179765,48687.39568544065,51720.826654152246,52186.325157763014,52465.3173221303,52606.15333687693,52647.434957979065,52540.519219838236
2022-01-07,43097.56838989255,44282.019344753666,46058.69577704533,46295.58596801754,46848.329746952724,47993.29900331847,53204.883204707345,54806.712115090944,55504.69214206267,56416.06134899747,56623.998294406425,55455.340018943454,43083.67440801585,44105.53062523681,45377.35783515228,46137.6906975351,46852.22956408002,47840.6109041395,51088.071220079066,51615.59138512128,51950.57577808732,52141.238291726404,52226.47973184467,52192.06922306731
2022-01-20,41913.11743503144,43097.568389892556,45022.301191541854,45584.91539510088,46058.69577704532,47124.70163642032,52415.24923479994,54197.5659097338,54971.68921237517,55942.280967053026,56316.04104614252,55396.11747120041,41906.17044409309,42979.90924354798,44344.31531182296,45154.231748923325,45910.14293578622,46951.61785114335,50419.722526607125,51010.76221345848,51403.1654812988,51645.03906738346,51775.583450210754,51816.208900124024
2022-01-21,40728.66648017033,41913.11743503144,43689.793867323104,44874.24482218421,45269.061807137914,46256.10426952217,51625.61526489254,53520.736792670315,54438.68628268768,55415.85832044809,55960.7057596842,55297.41322496197,40725.192984701156,41834.678004135065,43277.626470375464,44134.22879917531,44930.76948802053,46025.692560414085,49718.076913055855,50373.73183167219,50824.68003000329,51118.915848365396,51295.920282337094,51413.83701725666
2022-01-21,39544.21552530922,40728.66648017034,42505.342912462,43808.23896280922,44479.427837230505,45387.50690262403,50835.98129498513,52776.22476390047,53905.68335300018,54836.79340918266,55557.992435031425,55159.22728022818,39542.47877757464,40676.37352623941,42184.768270391614,43084.326212134,43919.84565454785,45067.45156166834,48985.28256782015,49706.28919593318,50216.63528586629,50564.16968040463,50788.61835058374,50985.822867416435
2022-01-21,38359.76457044811,39544.21552530923,41320.891957600885,42505.342912461994,43689.793867323104,44518.90953572588,50046.34732507773,51964.02982342428,53372.68042331268,54205.086233256734,55107.9010721842,54981.559636999016,38358.89619658082,39509.35355602194,41071.55612487948,42009.96028548909,42882.225340861565,44080.93431840818,48223.349086494636,49010.12387594934,49580.47316601622,49982.04504173197,50254.76153626248,50533.007236993464
2022-01-22,37175.313615587,38359.76457044812,40136.441002739775,41320.89195760088,42604.04715870042,43650.31216882774,49256.71335517032,51084.15197124174,52750.8436720106,53599.700189661045,54610.431671142534,54764.41029527447,37174.87942865335,38336.52325758992,39942.51313284535,40915.57889916851,41822.01569776377,43069.6753611979,47434.15641334477,48286.831576436976,48917.565250102336,49373.73230256201,49695.39121466319,50056.20334082937
2022-01-31,37175.313615587,37885.984188503666,39396.15915595159,40491.77628919811,41617.004696316166,43018.604992901805,48585.52448074902,50339.639942471906,52158.618194580034,53073.277543056116,54136.65128919808,54567.00180279763,37767.32199955073,38344.270361875984,39590.79123009041,40450.88538485571,41289.361678176734,42480.93651235417,46848.711777958575,47735.3278468408,48402.55051896134,48894.86379261842,49250.85550923507,49672.703999181125
2022-02-04,37964.94758549441,37885.98418850367,38951.990047878666,39899.550811767556,40926.074972647184,42544.82461095737,47993.29900331847,49662.81082540841,51566.39271714948,52599.49716111168,53662.87090725365,54369.59331032077,38655.76876242997,38744.252083020394,39580.44107347237,40286.036319483625,41020.87765465866,42113.84638897356,46377.45395493547,47280.266045713004,47970.43656588039,48488.31358561458,48870.20186891949,49340.61441466892
2022-02-04,39544.21552530922,38359.76457044812,38803.93367852103,39544.21552530922,40432.553741455056,41992.08083202218,47361.59182739255,49053.66462005127,50974.167239718925,52178.359043827724,53189.0905253092,54172.184817843925,39692.21762130015,39405.72354873704,39835.60227496081,40366.514530517576,40975.92208935277,41940.69890037316,46013.01605314128,46916.288287926705,47617.17944890716,48150.93740039649,48550.92509137433,49058.24889080858
2022-02-06,40728.66648017033,39307.325334337,38951.99004787867,39425.77042982311,40136.441002739775,41439.337053086994,46848.32974695273,48512.20132640048,50381.94176228837,51809.86319120427,52715.31014336476,53974.77632536707,40802.667528165795,40241.52151083518,40297.27231053206,40647.715058611,41120.10598868795,41937.25121720545,45748.50646474275,46638.33434866522,47338.93249171506,47879.7276643591,48290.618219484524,48823.977009287126
2022-02-07,41913.11743503144,40728.66648017033,39396.15915595158,39544.21552530922,40037.73675650135,41123.48346512403,46414.03106350366,48038.42094445604,49789.716284857815,51415.04620625057,52312.59681871198,53777.367832890224,41950.11795902917,41193.53713718763,40919.56032816773,41093.14293702583,41424.33097348866,42082.29086379134,45577.47820176851,46441.62512673525,47132.03666087325,47671.80756953622,48086.968688446366,48636.2218169222
2022-02-09,43097.56838989255,41913.11743503144,40136.44100273978,39899.550811767556,40136.441002739775,40965.556671142556,46058.69577704532,47632.32347421794,49286.32462904185,51020.22922129686,51957.26153225365,53579.95934041336,43116.068651891415,42223.031206376305,41666.7734429646,41672.93864752179,41863.97533829866,42357.256923911635,45493.900210956475,46321.647026585255,46993.01141251986,47524.42538712646,47937.75462395931,48493.45807210796
2022-02-17,43097.56838989255,42386.89781697589,40728.66648017033,40136.44100273978,40136.441002739775,40728.66648017033,45663.87879209162,47192.38454812667,48753.32169935435,50546.44883935242,51578.237226698104,53323.32830019346,42514.59304346143,42119.72661592802,41721.516552312794,41716.60751797809,41871.535660872934,42301.73948780161,45262.881967253044,46076.72871372426,46745.211683546586,47280.4553405013,47701.49378717904,48277.70480190141
2022-02-17,42307.93441998514,42386.89781697589,41320.891957600885,40373.331193711994,40136.441002739775,40491.77628919811,45150.616711651805,46650.92125447587,48220.31876966685,50020.02619274748,51199.21292114254,53027.21556147818,41621.62976181588,41656.03990400879,41500.88320294781,41536.98187474031,41695.70963307253,42105.10536184771,44970.35193571538,45779.61414265099,46451.72164799056,46995.594803754095,47428.04896205633,48030.19046998898
2022-02-20,40728.66648017033,41913.11743503144,41468.94832695852,40610.22138468422,40136.441002739775,40254.886098225885,44558.39123422125,46143.29941667826,47687.31583997935,49440.96128148205,50820.18861558698,52691.62112426754,40582.922643562546,40952.098444442265,41066.06816347257,41174.66072029829,41364.71053957048,41784.9941322804,44620.27861878851,45433.203105554574,46114.77010181524,46671.62162682076,47118.87835310102,47751.956478835404
2022-02-21,39544.21552530922,40965.556671142556,41320.891957600885,40847.11157565644,40136.441002739775,40017.995907253666,44005.64745528607,45635.67757888064,47154.31291029185,48809.254105556116,50370.09725273977,52316.54498856152,39471.34360700533,40087.98715311088,40464.667365022695,40662.861420325535,40902.411159705494,41356.84043705137,44216.37448650101,45040.23429504917,45736.47711916821,46310.236361546114,46775.38297948769,47444.01008211581
2022-02-21,38359.76457044811,39544.21552530923,40876.72284952797,40728.66648017033,40136.441002739775,39781.10571628144,43452.90367635088,45128.05574108302,46621.309980604354,48203.868061960435,49872.62785169809,51901.98715436013,38323.328611296165,39117.09597393625,39733.6998651481,40028.76181946398,40329.01153753342,40834.14958436832,43762.11249468551,44603.29425415145,45318.85935589086,45913.0656224955,46398.908917689136,47107.32550466194
2022-02-28,38359.76457044811,39070.43514336478,40580.61011081269,40728.66648017033,40432.553741455056,39781.10571628144,43018.60499290181,44721.95827084492,46177.14087253143,47677.44541535551,49398.84746975365,51507.17016940643,38933.77206830269,39259.46915772724,39691.59223407279,39940.66249325402,40208.27368949893,40672.90782698593,43489.99010948397,44322.234322857774,45037.169392792006,45636.1589732382,46130.09689524781,46859.35040802728
2022-02-28,39149.39854035552,39070.43514336478,40284.497372097416,40728.66648017033,40629.9622339319,39939.03251026292,42663.26970644348,44282.01934475366,45703.36049058699,47203.66503341107,48925.06708780921,51112.353184452724,39831.219274236515,39749.2015985416,39922.05317765002,40083.93594542062,40288.33411883299,40679.87765863398,43311.84019786606,44122.59166364697,44826.998504709394,45422.78964353701,45918.275703349456,46658.34102382535
2022-02-28,40728.66648017033,39544.21552530923,39988.38463338214,40728.66648017033,40827.37072640876,40254.886098225885,42386.89781697588,43842.080418662394,45318.41393025713,46782.52691612711,48451.28670586476,50717.53619949902,40872.16835463398,40470.50687737155,40364.51190151257,40416.51439807714,40538.300782863516,40834.032630683665,43221.60001959532,43999.84309464511,44684.8579555281,45270.195137525865,45761.21039444392,46502.757411798535
2022-02-28,41913.11743503144,40491.776289198104,40136.441002739775,40728.66648017033,41024.779218885604,40728.66648017033,42189.48932449903,43503.66586013065,44992.68991767032,46414.03106350365,47977.50632392032,50381.94176228837,41984.86837226326,41346.19404821188,40971.85778781923,40903.9787602254,40932.034260867986,41116.97460058478,43213.597978967395,43949.71672187136,44607.42919146328,45175.73306821175,45656.753667116056,46391.110127444146
2022-03-01,43097.56838989255,41913.11743503144,40580.61011081269,40728.66648017033,41222.18771136246,41123.48346512404,42071.04422901292,43232.93421330525,44726.18845282657,46098.177475540695,47574.79299926754,50085.8290235731,43133.44385850846,42324.80248039247,41707.44924491577,41518.16795741236,41447.41658146578,41512.60519360589,43282.5283896789,43968.17797879816,44591.55553947495,45136.87593531768,45602.84242889008,46321.95856601179
2022-03-04,43097.56838989255,42386.89781697589,40876.72284952797,40728.66648017033,41123.48346512403,41281.41025910551,41913.11743503145,42928.361110626676,44430.0757141113,45756.002755247486,47148.39065551755,49769.97543561013,42523.28064676995,42187.574131938796,41753.1532871637,41589.9769533431,41519.06286662973,41562.66922378408,43194.17929581195,43854.007948004815,44460.90001490893,44996.712472291336,45458.14710331651,46177.40428702734
2022-03-04,42307.93441998514,42386.89781697589,41172.835588243244,40728.66648017033,40827.37072640876,41281.41025910551,41636.745545563856,42623.788007948104,44045.12915378144,45334.86463796353,46721.98831176754,49454.12184764716,41625.973563470136,41701.271581349305,41525.48955227629,41433.37504912987,41397.46342255905,41458.41888083237,43035.113952835796,43680.37786561953,44278.83983283846,44811.14519196144,45272.67699444564,45998.75462273685
2022-03-04,40728.66648017033,41913.11743503144,41468.94832695852,40728.66648017033,40629.9622339319,41123.48346512404,41281.41025910551,42319.21490526954,43600.960045708525,44940.04765300983,46295.58596801754,49138.26825968421,40585.09454438968,40982.25289600261,41085.2064351725,41089.891499344296,41112.34836144369,41219.14346139198,42809.89469940522,43450.59106788704,44047.88253790674,44582.14817523703,45048.03112019727,45787.12749920348
2022-03-07,39544.21552530922,40965.556671142556,41320.891957600885,40728.66648017033,40432.553741455056,40807.629877161075,40965.55667114255,42014.641802590966,43186.402211507135,44545.23066805613,45869.18362426755,48763.19212397819,39472.429557418895,40108.090120817775,40479.55268745597,40593.50478499954,40688.87393205975,40861.72110002399,42522.78952974527,43167.767372365975,43770.413355463155,44311.609673227926,44785.745791274414,45543.60418571195
2022-03-09,39544.21552530922,40254.88609822589,41320.891957600885,41084.00176662866,40531.25798769348,40570.73968618885,40768.148178665695,41811.59306747191,42860.67819892033,44229.37708009317,45513.84833780921,48407.85683751986,40100.54801879461,40314.94890726863,40534.91130805917,40618.07963866695,40694.9958625383,40845.08927254228,42407.03965556036,43032.26176669245,43622.03545234248,44155.829487908246,44626.64442840215,45385.735358293874
2022-03-09,40333.84949521663,40254.88609822589,41320.89195760089,41320.891957600885,40827.37072640876,40570.739686188856,40649.703083179586,41676.22724405922,42594.17673407657,43966.165756790695,45205.89108954533,48052.52155106152,41006.832726913024,40847.67174985623,40841.179336275236,40853.541056187765,40882.3991813834,40978.59279285343,42375.173705843976,42970.08708136116,43538.67359422423,44058.320240382505,44520.231467988975,45271.87762566136
2022-03-10,40728.66648017033,40017.995907253666,40876.72284952797,41202.446862114775,41024.77921888561,40491.77628919811,40491.776289198104,41405.49559723382,42298.0639953613,43597.66990416724,44803.17776489255,47637.96371686013,40275.52412611112,40413.18634167389,40552.96515606057,40615.4818687553,40676.52477275661,40799.295634410395,42192.531242557736,42779.76088311172,43343.82197306822,43862.05476439711,44325.093346254675,45084.083180616464
2022-03-13,39939.03251026292,39781.10571628145,40136.44100273978,40847.11157565644,40926.07497264718,40412.81289220737,40333.84949521662,41067.081038702076,42001.951256646025,43176.53178688329,44424.15345933699,47183.92418416337,39317.64434827962,39728.712417931965,40065.587248146694,40205.351450881266,40320.10012624761,40494.354251415105,41945.25597335652,42534.20553156619,43100.69721218052,43622.82469348212,44091.158606148885,44863.6111687188
2022-03-16,39544.21552530922,40254.88609822589,39988.38463338214,40610.22138468422,40926.07497264718,40570.73968618885,40294.36779672126,40864.03230358303,41794.67233954533,42860.67819892033,44116.19621107311,46749.625500714305,40023.15541422497,40062.030438678084,40212.938188596396,40300.49963802473,40382.95648838957,40523.643280009506,41866.766328625075,42433.897806163804,42984.9883916659,43496.99169624965,43959.29601911258,44728.03769550801
2022-03-19,40333.84949521663,40491.77628919812,40136.441002739775,40373.331193711994,40926.074972647184,40886.59327415181,40333.84949521663,40728.66648017033,41646.61597018769,42597.46687561786,43855.61700100366,46374.54936500828,40968.1364246282,40679.059437462536,40590.7557989153,40593.70287384413,40618.36586479602,40697.32754938725,41869.756722587124,42404.965563234626,42932.70200168093,43428.1275814798,43879.05363357471,44635.744229613534
2022-03-24,41913.11743503144,40728.66648017033,40580.6101108127,40491.776289198104,40926.074972647184,41123.48346512404,40452.29459070274,40660.98356846398,41557.782148573104,42386.89781697588,43642.41582912866,46038.95492779763,42032.852407260376,41485.22908827254,41147.82526357692,41048.951149489294,40999.78163788779,40997.35765445041,41948.970378550934,42443.44349816011,42940.74426479214,43413.75543943004,43848.407121093886,44585.31170722647
2022-03-25,43097.56838989255,41676.22724405922,41320.891957600885,40847.11157565644,40926.074972647184,41360.37365609626,40649.703083179586,40660.98356846398,41439.337053087,42228.9710229944,43405.52563815643,45742.84218908237,43157.43587600702,42417.49250709958,41844.31283717175,41636.781730446455,41504.74128509793,41407.940365738315,42099.48966670836,42545.5866010273,43006.17231957515,43451.506052262965,43865.41153926018,44575.36759471455
2022-03-27,44282.019344753666,43097.568389892556,41913.11743503144,41439.337053086994,41222.18771136246,41597.26384706848,40926.07497264718,40728.66648017033,41320.89195760088,42123.68649367341,43168.63544718422,45486.21114886246,44311.95308781089,43433.818437937975,42649.236717714644,42333.08874302251,42114.23805656206,41915.256607472875,42316.71422369074,42707.857918033595,43126.18685885436,43539.11321177346,43928.19821846807,44604.58436280243
2022-03-27,45466.47029961477,44282.019344753666,42505.342912461994,42268.452721489775,41715.70894255459,41834.154038040695,41281.41025910551,40864.03230358303,41291.280683729354,42071.04422901292,43002.81231350366,45269.061807137914,45481.437171143385,44506.18604345061,43538.49994810604,43118.1491996504,42812.18931777957,42507.21468834826,42596.34048376629,42926.91699281345,43298.12512705337,43674.409240694345,44034.97177078051,44671.67801079476
2022-04-06,45466.47029961477,44755.799726698104,43097.56838989255,42623.788007948104,42110.52592750829,41834.1540380407,41478.81875158237,40965.55667114255,41232.058135986306,41992.08083202218,42813.30016072589,45032.171616165695,44881.72825794852,44431.46381055162,43703.7264806944,43329.76195330553,43038.317014237124,42729.06527039893,42705.09395867776,43002.20045698315,43346.11996826826,43700.827076360416,44044.65991964706,44658.902199847726
2022-04-08,44676.83632970736,44755.799726698104,43689.79386732311,42742.23310343422,42505.342912461994,41913.11743503145,41597.26384706848,41067.08103870208,41172.83558824325,41913.11743503144,42623.788007948104,44795.28142519348,43989.64832392053,43986.832003665266,43569.02468273843,43287.5449417759,43047.43261049181,42775.12816033564,42730.41488972585,43007.498675489616,43333.99550071153,43674.59843301794,44007.51904325866,44607.71047403413
2022-04-11,43097.56838989255,44282.019344753666,43837.850236680744,42979.12329440644,42604.04715870042,41992.08083202218,41636.74554556385,41168.605406261595,41113.61304050019,41755.19064104996,42434.27585517033,44499.16868647819,42951.38287947599,43295.59381412066,43201.04529435911,43037.64903145873,42872.92258349791,42667.37681967262,42677.686021677204,42946.69971756175,43264.68437382234,43598.01228926326,43925.385578688656,44519.36240451869
2022-04-11,41913.11743503144,43334.45858086478,43689.793867323104,43216.01348537866,42505.342912461994,42071.044229012914,41597.26384706848,41270.12977382112,41054.390492757135,41544.621582407985,42244.76370239255,44222.796797010604,41840.02467982316,42439.951369470546,42651.62778009494,42617.83402213357,42543.03702913982,42425.03802723484,42551.942825442384,42823.47564857922,43140.97618094407,43473.25810276018,43800.02394544637,44395.076262554474
2022-04-11,40728.66648017033,41913.11743503144,43245.62475925019,43097.56838989255,42505.342912461994,42150.007626003666,41478.81875158237,41371.65414138065,40995.16794501408,41360.37365609626,42055.25154961477,43946.42490754301,40692.12010256619,41474.70608808344,41961.091723475896,42058.99429543823,42081.67987470434,42064.93521449414,42357.89590284077,42641.29453028665,42965.52443767306,43302.43013724835,43633.1293697303,44236.030373751484
2022-04-26,39544.21552530922,40728.66648017034,42505.342912461994,42742.23310343422,42505.342912461994,41992.08083202218,41281.41025910551,41371.65414138065,40935.945397271025,41176.12572978453,41865.739396836994,43670.053018075414,39525.94233650715,40436.39224887166,41160.796800580836,41386.407072712755,41509.077520203384,41601.78888398839,42099.95194589681,42403.43175432929,42740.85321979985,43087.53160141991,43426.33059792348,44043.36442793146
2022-05-05,38359.76457044811,39544.21552530923,41468.948326958525,42150.00762600366,42209.23017374671,41676.22724405921,41123.48346512403,41303.9712296743,40876.72284952797,40991.8778034728,41676.22724405922,43393.68112860783,38350.62797604708,39349.366037776774,40275.13387058221,40620.75371687171,40842.344611800865,41048.479475438224,41782.2333439236,42112.98074614767,42469.363477448154,42830.47860784395,43181.19250367481,43818.1807460258
2022-05-07,37175.313615587,38359.76457044812,40136.441002739775,41320.891957600885,41715.70894255459,41439.337053086994,40965.55667114255,41168.6054062616,40817.500301784916,40807.629877161075,41415.648033989775,43058.08669139718,37170.745318386485,38229.864912093144,39323.07360172526,39778.95534302702,40095.962773173946,40416.27737359918,41408.59652563327,41772.86307421143,42153.339041206884,42533.10395976308,42899.218592739366,43561.54550542575
2022-05-08,35990.86266072589,37175.313615587,38951.990047878666,40254.886098225885,41024.779218885604,41202.446862114775,40807.629877161075,40965.55667114255,40758.27775404186,40623.38195084935,41107.690785725885,42683.010555691166,35988.578512125634,37088.71384335036,38319.37095820071,38874.856499906615,39282.185685895616,39715.04416513238,40982.64911788546,41385.83799762913,41794.9523352799,42197.16077324591,42581.85340958764,43274.48992514777
2022-05-09,34806.41170586478,35990.8626607259,37767.53909301756,38951.990047878666,40136.441002739775,40728.66648017033,40649.703083179586,40694.82502431715,40699.055206298806,40439.13402453761,40823.42255655922,42327.67526923283,34805.26963156465,35933.1294792348,37275.50202326803,37919.78454556062,38411.38184975839,38953.408738366285,40507.765997419774,40954.51148333509,41396.26981194537,41824.32594185385,42230.484849635825,42958.01141213216
2022-05-09,33621.96075100367,34806.41170586479,36583.08813815645,37767.539093017556,39050.69429411709,40096.9593042444,40491.776289198104,40356.41046578541,40550.998836941166,40254.886098225885,40539.15432739255,41972.339982774494,33621.38971385361,34767.92291820405,36200.39263946237,36923.0073183937,37492.32461074057,38138.921370588316,39987.104306992536,40481.3447223215,40959.257120919385,41416.20345066973,41846.44638079865,42613.074669949936
2022-05-09,32437.509796142564,33621.96075100368,35398.63718329534,36583.08813815644,37767.539093017556,39307.325334336994,40215.40439973051,40051.837363106846,40343.71991984047,40070.63817191416,40254.88609822589,41617.004696316166,32437.224277567533,33596.301559229854,35100.9851287555,35892.10759528238,36532.43756928532,37278.18855442495,39423.61750273057,39968.66217274651,40485.78402655538,40974.32754623753,41431.01917792069,42240.612771150925
2022-05-11,31253.058841281454,32437.509796142567,34214.186228434235,35398.63718329534,36583.08813815645,38359.76457044811,39860.06911327219,39747.264260428274,40077.21845499672,39886.39024560243,39970.61786905922,41261.66940985782,31252.91608199394,32420.40366829335,33982.679074903244,34833.289466398375,35538.00223345994,36376.99097092437,38820.068495204105,39418.659156202884,39977.629085180044,40500.16576867816,40985.43417350299,41841.528194445775
2022-05-18,30068.607886420345,31253.058841281454,33029.73527357312,34214.18622843423,35398.63718329534,37254.27701257774,39425.77042982311,39442.691157749694,39751.494442409916,39702.1423192907,39686.34963989255,40906.334123399494,30068.53650677659,31241.654756048647,32849.67415416013,33751.62900551853,34514.33372547522,35440.38671600373,38179.04194268845,38833.409031971794,39436.48409426634,39995.12185197366,40510.87402800755,41416.69382787524
2022-05-30,30068.607886420345,30779.278459337016,32289.453426784927,33385.07056003145,34510.29896714951,36227.75285169811,39030.9534448694,39239.64242263065,39455.38170369464,39596.85778996972,39473.148468017556,40610.22138468422,30660.79767402902,31245.456117792917,32494.8707512982,33297.34352111179,34012.59912790695,34916.970731663445,37732.2043232282,38412.27846538754,39037.29261303057,39615.03211682468,40147.82226561464,41083.45798060361
2022-06-11,29673.79090146664,30068.60788642035,31401.115210639095,32437.509796142567,33523.256504765246,35201.22869081849,38517.69136442959,39002.75223165842,39070.435143364775,39386.28873132774,39236.25827704533,40294.36779672126,29772.477302794126,30458.356389048353,31692.489902467325,32494.94595937496,33223.60802077653,34162.86900665042,37161.362556006265,37882.93837965871,38542.017695271454,39148.472280332426,39706.10968163026,40683.478675828526
2022-06-12,29278.97391651294,29357.93731350368,30512.776994493266,31489.94903225368,32536.21404238099,34174.704529938856,38043.91098248515,38664.33767312668,38715.09985690644,39123.07740802527,38999.36808607311,39978.51420875829,28736.091639746126,29538.80625159828,30805.204585629726,31623.084144342807,32373.77693707216,33354.97362790638,36550.933099259215,37317.20324563991,38013.12443413696,38650.699785579716,39235.27009744851,40257.77892375965
2022-06-13,27699.705976698126,28647.266740587016,29624.43877834743,30542.38826836479,31549.17157999673,33148.18036905923,37570.1306005407,38258.240202888584,38359.76457044811,38807.22382006231,38762.477895100885,39603.43807305228,27625.67333079157,28530.955841677856,29851.882460342462,30694.387940250843,31472.46587318983,32500.00880214771,35903.46999747269,36717.09501046225,37452.25274886087,38123.071704955175,38736.4457496393,39807.202028803214
2022-06-13,26515.255021837016,27936.596167670352,28736.1005622016,29594.827504475903,30562.12911761247,32121.6562081796,37096.350218596264,37784.45982094415,38004.429283989775,38438.727967438856,38525.58770412867,39188.88023885088,26478.23869888374,27464.238583443872,28847.198372927673,29719.190872382667,30527.59482608,31603.858210251237,35221.362518068694,36084.523290860074,36860.9625626108,37566.88610766625,38210.73408105019,39332.56364510354
2022-06-13,25330.804066975907,26515.255021837016,27847.762346055766,28647.26674058701,29575.086655228213,31095.132047299976,36622.56983665182,37242.99652729335,37649.09399753144,38017.5898501549,38288.69751315645,38794.06325389719,25312.295905499268,26358.276759667515,27802.566092747034,28705.947643243053,29545.865331623812,30671.670072984183,34506.84578218394,35421.29161374859,36240.73770473601,36983.38462509819,37659.18949743438,38834.65268317683
2022-06-13,24146.353112114797,25330.80406697591,26959.424129909938,27699.70597669813,28588.044192843954,30068.607886420345,36030.344359221264,36633.85032193621,37293.75871107312,37543.80946821046,37980.740264892556,38399.24626894348,24137.099031376478,25226.15189219624,26726.862995970736,27661.575736699528,28532.947920182258,29707.949083517873,33762.01070959145,34729.10331010282,35592.989622661546,36373.754904635374,37082.82505519041,38314.232186814574
2022-06-16,22961.902157253688,24146.3531121148,26071.085913764102,26752.145212809242,27601.001730459702,29042.08372554072,35359.15548479997,36058.545572432246,36849.5896030002,37096.350218596264,37625.40497843423,38004.42928398978,22957.275116884528,24076.58499559502,25626.993708508922,26591.734912280084,27493.640732829997,28716.636848377213,32988.81332201436,34009.56708139879,34919.06091271434,35739.132956794514,36482.61408291513,37772.040181231816
2022-06-16,21777.451202392578,22961.90215725369,24738.578589545352,25804.584448920352,26613.959268075443,28015.559564661093,34727.448308874045,35483.24082292828,36346.19794718422,36648.890968982065,37222.69165378145,37609.61229903608,21775.137682208,22915.390079573834,24508.32849495838,25501.055882325792,26432.003735091763,27701.18227327149,32189.083446225908,33264.20225680793,34220.22867871386,35080.60540030832,35859.49173936554,37208.79049340314
2022-06-18,20593.00024753147,21777.45120239258,23554.127634684246,24857.02368503146,25626.916805691184,26989.03540378146,34095.74113294812,34907.93607342431,35783.5837436252,36201.431719367865,36772.60029093423,37214.795314082374,20591.84348743918,21746.44315060601,23375.044227783266,24393.32741147935,25351.472282411545,26664.603150696348,31364.532855659123,32494.44375832516,33497.70772672895,34399.2116095966,35214.35651032337,36625.17354549872
2022-07-18,20593.00024753147,21303.670820448137,22813.84578789605,23909.46292114257,24935.987082022202,26199.401433874053,33464.03395702219,34434.155691479864,35250.5808139377,35832.93586674441,36346.19794718423,36879.20087687172,21184.64734491588,21756.7791678682,23020.023555474225,23917.713555281753,24801.622885485547,26053.709157158377,30746.01145866379,31899.055282648493,32925.987891513345,33850.4393818485,34687.41886588472,36138.36097419261
2022-07-19,21382.634217438874,21303.670820448137,22369.676679823133,23317.237443712023,24442.465850830074,25567.69425794813,32832.326781096264,33926.533853682246,34717.5778842502,35517.082278781454,35919.79560343423,36583.08813815645,22073.274751084784,22158.4868309967,23007.107689202996,23743.929664731193,24518.588927296027,25667.23328217029,30243.81085856492,31402.54677540876,32439.93492501704,33377.024690095684,34227.59452915882,35706.344212027725
2022-08-12,22961.902157253688,21777.45120239258,22221.6203104655,22961.902157253688,23850.240373399516,25093.913876003688,32200.619605170345,33418.91201588463,34273.40877617728,35174.90755848824,35564.46031697589,36326.45709793654,23109.81393159979,22821.10892470273,23260.273338738956,23817.097564255484,24461.321878806608,25477.123260913355,29850.42648782042,30999.424905016152,32035.36995548619,32975.69111905134,33832.25160286949,35327.32665173352
2022-08-19,22961.902157253688,22014.341393364804,21925.50757175022,22488.121775309242,23258.014895968965,24541.1700970685,31450.467333758304,32911.29017808701,33799.628394232845,34753.76944120429,35185.43601142034,36050.08520846895,22443.632566996184,22473.22301726601,22930.757308439763,23446.2527711895,24048.418697819834,25014.664253598257,29329.58937262436,30487.093032396577,31534.983671261667,32488.811094621266,33359.51418794008,34883.06678659271
2022-08-26,22172.268187346283,22251.231584337023,21629.39483303494,22014.341393364797,22665.78941853841,23988.42631813332,30621.35166535553,32403.668340289394,33325.84801228839,34279.989059259846,34806.41170586478,35773.713319001356,21518.316407263825,21846.482094021165,22411.255739349035,22927.47958506986,23516.81585931393,24461.956252839907,28765.938461320788,29937.421210760243,31001.228378660868,31971.60189885104,32858.866435584474,34414.538327978276
2022-09-06,20593.00024753147,21777.45120239258,21333.282094319664,21540.56101142036,22073.563941107855,23198.79234822591,29713.272599962012,31794.52213493225,32852.06763034395,33753.56641265491,34427.38740030923,35497.341429533764,20463.432849967092,21033.83782690423,21743.98764008711,22287.67407736086,22884.774849061076,23830.280382818713,28162.235934303815,29352.483881721248,30435.731834214163,31425.382191525998,32331.402869567573,33922.53697420213
2022-09-12,20593.00024753147,21540.56101142036,21481.338463677304,21422.115915934246,21777.451202392578,22725.011966281465,28963.12032854998,31219.217385428277,32378.287248399505,33253.46489838021,34119.43015204534,35220.96954006617,21120.442026179837,21281.708952067012,21751.423987266106,22194.906281912085,22714.41736495823,23573.676735265446,27750.314338692,28931.648732695554,30013.376678837412,31005.906909976587,31917.522299967146,33524.336099526634
2022-09-20,20198.183262577764,20593.000247531472,21481.3384636773,21185.225724962023,21382.634217438874,22172.268187346283,28173.48635864257,30542.388268364793,31815.673044840485,32753.36338410553,33716.71682739256,34885.37510285553,20264.495659425098,20657.322398934793,21230.78516624483,21688.29592023177,22205.822276913943,23053.03580494106,27212.135948620416,28402.58765248744,29496.068022818687,30501.67394577293,31426.97421128243,33061.521909646166
2022-11-09,19803.366277624064,19882.329674614804,21037.16935560439,20948.335533989804,20987.817232485173,21619.524408411096,27383.852388735162,29797.876239594945,31282.670115152978,32253.261869830836,33266.62546454534,34510.29896714951,19244.296998617174,19846.247711892946,20562.63253770359,21058.441814336766,21593.24936320553,22449.418621549583,26632.26255436882,27837.116023685543,28946.21583999359,29967.866286016262,30909.21424369578,32575.047472845683
2022-11-09,18224.09833780925,19171.65910169814,20296.887508816195,20711.445343017578,20593.00024753147,21066.78062947591,26594.218418827757,28985.681299118758,30749.667185465478,31753.160355556145,32769.15606350367,34095.74113294812,18141.972190782657,18910.714268911343,19779.746947757936,20327.751917720652,20892.695212396702,21773.197216724402,26013.38415620694,27237.256654546632,28365.407619493562,29405.76978716439,30365.309530306615,32065.68854055774
2022-11-21,17039.64738294814,18460.988528781476,19260.492923312722,20119.219865587023,20198.183262577764,20514.036850540728,25804.584448920352,28105.80344693622,30127.8304341634,31253.05884128145,32224.308624267564,33641.701600251356,16998.584309434842,17892.208321969905,18907.62461005329,19514.56001051454,20117.695399425982,21033.44711814473,25358.017206,26604.919975090743,27755.15341195324,28816.61439885712,29796.28535579402,31534.195429246924
2023-01-12,17039.64738294814,17750.317955864808,18816.323815239804,19645.43948364258,20099.479016339337,20198.183262577768,25133.395574499056,27361.29141816638,29535.60495673285,30752.957327006763,31703.150204128673,33207.40291680229,17611.341323622044,18002.838327249687,18755.72988288795,19279.930615477213,19826.372774561867,20682.278520602795,24897.764375790433,26139.318772874813,27290.2238939082,28356.07020369479,29342.473999587102,31097.79755913804
2023-01-13,17829.281352855545,17750.317955864808,18668.267445882168,19171.659101698137,19902.070523862487,20040.256468596286,24541.170097068498,26684.46230110289,28943.37947930229,30252.855812732072,31253.058841281454,32832.326781096264,18509.9453081462,18471.40864905658,18900.8008628396,19303.315829512332,19762.09223888625,20523.06236711124,24543.62146719937,25765.387134975892,26905.7519603839,27967.04754036504,28952.908241834753,30714.54246078783
2023-01-14,19408.54929267036,18224.098337809253,18816.323815239804,19053.214006212027,19704.662031385637,20040.256468596286,24027.908016628688,26075.316095745748,28351.154001871742,29831.717695448122,30850.34551662868,32496.73234388562,19551.472777838833,19178.60584854821,19276.845170548906,19537.80390551581,19889.92424021628,20531.804602163767,24288.7426788319,25478.032307815967,26597.812851101575,27646.436776658848,28625.068645559997,30382.68773264314
2023-01-20,20593.00024753147,19171.65910169814,18816.323815239804,19171.65910169814,19507.253538908786,20198.183262577764,23593.60933317961,25533.852802094952,27758.928524441184,29463.221842824667,30495.010230170345,32200.61960517034,20664.461990115706,20044.887633162998,19832.5353998475,19945.01250494795,20180.31300362802,20687.51042719237,24126.72387389926,25272.44446857194,26362.67325750956,27391.263481804534,28356.534575385213,30100.54810219149
2023-01-25,21777.451202392578,20593.000247531472,19260.492923312722,19526.99438815647,19605.95778514721,20277.14665956851,23238.27404672128,25060.07242015051,27166.70304701063,29068.404857870963,30187.052981906454,31943.988564950436,21813.182073684697,21017.225807859893,20527.950234826654,20493.537896276266,20608.249796493506,20971.80939345004,24051.574085728113,25144.08100680029,26196.78198367401,27198.68254814109,28144.980322947526,29866.493552801716
2023-02-15,22961.902157253688,21777.45120239258,20000.774770100918,19763.884579128695,19902.070523862487,20356.110056559246,22961.902157253688,24653.974949912415,26663.311391194653,28673.587872917262,29855.406714545345,31726.839223225896,22979.76759289975,22060.26824261153,21332.03976311291,21157.68611733782,21152.57338351217,21368.627358283135,24057.68886162407,25088.651679304814,26096.761062736015,27065.97256837123,27988.17138425967,29678.94751198468
2023-03-08,22961.902157253688,22251.231584337023,20593.00024753147,20000.774770100914,20099.479016339337,20198.183262577768,22646.048569290724,24214.03602382115,26130.308461507157,28199.807490972817,29452.693389892567,31430.726484510622,22378.609397646163,21965.99589587188,21431.020082952837,21270.370678256866,21248.70843257069,21419.730338796817,23910.57675457608,24904.696097213553,25886.063020018366,26836.036849696426,27744.61368759917,29419.881454514987
2023-03-09,22172.268187346283,22251.231584337023,21185.225724962023,20237.664961073133,20000.77477010091,20119.219865587027,22330.19498132776,23774.09709772988,25597.305531819657,27673.38484436788,29073.669084337012,31095.132047299972,21485.804822588816,21508.330679758412,21244.7934528592,21147.212418124975,21147.830250256964,21316.38907738865,23696.539560572117,24665.15743884797,25627.86483512075,26564.600467660326,27464.158211591126,29130.474859935242
2023-03-13,21777.451202392578,22488.121775309246,21777.451202392578,20829.89043850369,20296.88750881619,20277.146659568512,22132.78648885091,23435.68253919813,25153.136423746742,27173.28333009319,28765.711836073126,30779.278459337012,22223.853489921254,21992.854505590174,21626.37316494687,21477.15600705747,21426.918235948764,21522.078212371784,23649.14359906748,24570.532145407447,25497.817874806122,26407.96140625428,27287.59912221708,28928.22613297316
2023-03-13,22567.085172299983,22725.01196628147,22369.676679823137,21659.00610690647,20790.40874000832,20593.00024753147,21895.89629787869,23164.950892372737,24768.189863416883,26673.1818158185,28434.065568712012,30463.424871374045,23185.103301018025,22710.687374431716,22186.36870876197,21962.46457161335,21845.292832282,21850.112574839663,23681.22163216745,24546.96664355348,25431.89276422905,26309.630608195763,27164.412985122926,28771.44307985251
2023-03-17,24146.353112114797,22961.90215725369,22961.902157253688,22369.676679823133,21481.3384636773,20829.89043850369,21777.451202392578,22961.902157253688,24442.46585083007,26252.043698534544,28102.4193013509,30147.571283411085,24257.953683996966,23584.05960527978,22885.132121698403,22574.889934406543,22381.525329927215,22285.199011356697,23787.64630538134,24590.51316708459,25426.96160825112,26267.072931388884,27092.506742354413,28658.63501292597
2023-03-17,25330.804066975907,23909.462921142578,23554.127634684242,23080.347252739797,22369.676679823137,21303.670820448133,21737.969503897206,22826.536333840988,24175.964385986324,25883.54784591109,27770.773033989793,29890.940243191177,25386.60435291699,24561.12474413219,23691.826099506987,23291.319950302994,23017.483744067184,22813.95601266674,23963.621061282385,24697.44327014412,25480.049091987774,26277.86345732773,27069.869416749476,28588.360120272362
2023-03-19,26515.255021837016,25330.80406697591,24146.353112114797,23791.017825656465,23159.310649730538,21935.37799637406,21777.451202392578,22758.85342213464,23968.685468885633,25567.69425794813,27439.12676662868,29673.79090146664,26543.15516480756,25607.318488320834,24582.46607221613,24092.844682374838,23737.825626010406,23424.674758170662,24204.658797761695,24864.235642756565,25588.325037868784,26339.682698764507,27094.56889307645,28559.22386316443
2023-04-10,27699.705976698126,26515.255021837016,24738.578589545355,24501.688398573133,23948.944619637943,22725.01196628147,21895.896297878688,22758.853422134638,23820.629099527992,25304.48293464566,27107.480499267574,29496.123258237476,27713.656048183395,26699.5979694003,25538.39737429238,24963.99236404473,24529.568903787153,24107.110029844236,24506.56190316901,25087.564603278624,25749.09732576896,26450.312015740117,27164.748825402698,28569.877426081897
2023-04-11,28884.156931559235,27699.70597669813,25774.97317504882,25212.358971489797,24738.578589545355,23672.572730170355,22093.30479035554,22725.011966281465,23731.79527791341,25093.913876003684,26775.834231906458,29357.93731350368,28891.13196730187,27822.601275073645,26545.110821431932,25892.104277203936,25381.728747269186,24852.29726191625,24865.403579508944,25364.289230158476,25959.80515849836,26607.629230917843,27278.625665743428,28619.016217546887
2023-04-21,28884.156931559235,28173.48635864257,26663.311391194657,25567.69425794813,25232.099820737483,24304.27990609628,22251.231584337023,22691.170510428292,23613.350182427297,24857.02368503146,26444.18796454535,29140.787971779144,28295.418972,27781.636175615142,26801.687522602202,26220.759131657425,25738.34062871979,25208.223351263983,25048.261798682983,25494.03460498335,26044.678369334786,26655.110829544636,27295.138621122987,28588.87484605661
2023-05-24,28094.52296165183,28173.48635864257,27107.48049926757,26041.47463989257,25528.212559452757,24778.06028804072,22409.1583783185,22657.32905457512,23494.905086941184,24620.133494059246,26112.54169718424,28884.15693155923,27405.336996918508,27359.50912435577,26738.035855765498,26274.303838962805,25857.865919968594,25371.60231008561,25142.9065227577,25550.7690725934,26067.633328042964,26649.030142132437,27264.55494698817,28520.887197131575
2023-06-14,26515.255021837016,27699.70597669813,27255.53686862521,26515.255021837016,25626.916805691184,25093.913876003688,22567.085172299983,22623.487598721942,23376.459991455074,24383.243303087016,25780.89542982313,28647.266740587016,26368.070531947207,26683.27410522915,26425.317680478925,26102.758425874283,25776.779481046637,25366.5025296969,25155.028944965357,25538.5487945021,26031.69043718543,26591.715963864794,27188.721570628823,28416.294138428733
2023-06-20,26515.255021837016,27462.815785725903,27551.64960734049,26989.03540378146,26120.438036883308,25488.73086095739,22843.457061767578,22691.170510428292,23346.848717583547,24225.316509105534,25520.316219753688,28469.59909735785,27033.888254322665,27022.084729052138,26708.51507963875,26393.112526024073,26072.614326531482,25658.152960572053,25319.201656690453,25658.613082415224,26113.057049027837,26639.88944355749,27208.7601769504,28392.799407842533
2023-06-21,27304.88899174442,27225.925594753684,27847.762346055766,27462.815785725903,26811.367760552293,25883.547845911093,23080.3472527398,22826.536333840988,23287.626169840492,24120.03197978455,25307.115047878684,28272.190604880994,27959.02259294095,27642.77546322117,27191.991046732193,26846.02969066683,26505.1593426896,26061.40345694545,25549.198771198637,25837.809962942025,26248.232653304807,26737.46629255498,27274.462017275157,28408.909514966203
2023-06-23,28884.156931559235,27699.70597669813,28143.87508477104,27936.59616767035,27403.59323798285,26278.364830864793,23317.23744371202,23029.585068960034,23317.237443712023,24067.389715124056,25141.29191419813,28074.78211240414,29013.815239680647,28451.386270954226,27831.239233329565,27431.95299898565,27053.382195571252,26562.30401062981,25840.77355282646,26072.854292047447,26434.592421103083,26882.298538170257,27384.03637599787,28463.32593466046
2023-07-13,30068.607886420345,28647.266740587016,28439.98782348632,28410.37654961479,27995.818715413403,26910.07200679072,23554.127634684246,23300.316715785433,23406.071265326602,24067.389715124056,25022.84681871202,27877.37361992729,30133.43704048105,29385.277127729973,28591.64359065221,28126.699515766704,27699.486294911283,27148.648364461264,26189.95324885651,26360.643433698497,26669.639563945788,27072.331597844062,27535.762761704114,28554.79271682254
2023-08-16,30068.607886420345,29357.93731350368,28291.93145412868,28528.821645100903,28291.931454128684,27462.815785725907,23791.017825656465,23537.206906757656,23465.29381306966,24041.06858279381,24880.712704128684,27620.74257970739,29508.79698602014,29218.23706233973,28656.646555298215,28264.419045910796,27881.743315934043,27365.58693534851,26363.772841289265,26500.838628036487,26777.66480156302,27151.106613549608,27588.640969305,28565.59155832149
2023-08-17,29278.97391651294,29357.93731350368,28291.93145412868,28410.37654961479,28390.63570036711,27778.66937368887,24027.908016628688,23774.09709772988,23524.516360812715,24014.74745046356,24738.57858954535,27324.629840992107,28604.251481359133,28712.060033792528,28443.993093387086,28161.743942417583,27853.737571436206,27407.35181551721,26449.962075831925,26567.442369634362,26822.642419930682,27174.958760119902,27592.996460175735,28537.201829522703
2023-08-18,27699.705976698126,28884.156931559242,28291.93145412868,28055.04126315646,28291.931454128684,27936.596167670345,24264.798207600907,23909.462921142578,23583.73890855577,23909.462921142578,24596.44447496202,26989.03540378146,27559.753251598075,27979.791696474025,28015.384633042628,27862.38232049384,27647.817179190177,27295.839716307186,26454.174523961294,26564.54307253428,26807.64791268491,27146.275988491718,27550.73208645792,28470.908406648465
2023-09-11,26515.255021837016,27936.596167670352,28291.93145412868,27818.151072184235,27995.818715413407,27936.59616767035,24383.24330308702,23977.145832848924,23642.961456298828,23830.499524151834,24454.310360378688,26673.181815818498,26445.27865928699,27096.79581997465,27418.811173916692,27402.09536530876,27291.353623464904,27050.21026014077,26381.699010607288,26496.00201666482,26735.60674938048,27067.342425637726,27463.676078595403,28367.95403844983
2023-10-01,26515.255021837016,27225.925594753684,28291.93145412868,27936.59616767035,27798.41022293655,28015.559564661085,24659.61519255461,24078.67020040845,23791.017825656465,23830.499524151834,24383.24330308702,26416.550775598593,27072.492317992557,27297.76587221581,27481.23224120146,27456.206385561374,27354.177062423856,27131.397224710443,26466.731718097144,26562.8744588936,26782.635980042887,27094.83649342462,27472.932153755944,28346.044239678584
2023-10-20,27304.88899174442,27225.925594753684,28291.931454128684,28291.93145412868,27897.11446917498,28094.52296165183,25014.950479012947,24281.718935527497,23998.296742757157,23883.14178881233,24359.554283989793,26199.401433874053,27978.324624775894,27826.56289199695,27792.99328350319,27715.833757560984,27589.558580752375,27350.492188066542,26622.69463509491,26691.83459627248,26885.149197317638,27172.633035158986,27528.274306070685,28363.68729920537
2023-10-23,28884.156931559235,27699.70597669813,28291.93145412868,28528.821645100903,28193.227207890257,28173.48635864257,25449.249162462016,24552.450582352893,24264.798207600907,23988.426318133315,24383.24330308702,26021.73379064489,29023.46625559812,28573.911223471416,28298.685417484783,28143.61087189905,27970.95078162437,27690.256650360763,26845.011619051667,26879.433112403574,27040.439865262626,27298.54498667819,27627.895237994668,28419.586397515945
2023-10-23,30068.607886420345,28647.266740587016,28291.93145412868,28765.711836073122,28686.74843908238,28252.44975563331,25962.511242901834,24890.865140884638,24501.68839857313,24146.3531121148,24383.24330308702,25883.547845911093,30138.262548439787,29466.960429408093,28955.212844995156,28708.9650481504,28475.890483110077,28135.60692422585,27129.40176242166,27122.412319577852,27245.933474080364,27470.480373573617,27770.058526432724,28512.487234106542
2023-10-23,31253.058841281454,30068.60788642035,28736.1005622016,29002.60202704535,29081.56542403609,28568.303343596275,26436.291624846275,25195.43824356321,24738.578589545352,24356.922170756774,24454.310360378688,25784.843599672666,31287.886172291175,30457.143551652916,29729.056611916807,29386.882275058066,29085.37037742277,28673.34478321544,27471.86034524274,27417.69551273686,27499.18109981814,27686.438176852822,27953.095843346295,28641.176633394552
2023-10-24,32437.509796142564,31253.058841281454,29476.382408989793,29239.492218017567,29476.382408989786,29042.08372554072,26910.07200679072,25601.5357138013,24975.468780517574,24620.13349405924,24572.755455864793,25725.62105192961,32454.923461647424,31512.08261810317,30594.146420602778,30156.89654341181,29783.307357973677,29291.92177918897,27868.641016582562,27762.37691488101,27797.853278229137,27944.504378355563,28175.404285356275,28804.48119633864
2023-11-01,33621.96075100367,32437.509796142567,30512.77699449326,29831.717695448122,29871.199393943494,29673.79090146664,27383.852388735166,26075.316095745748,25301.192793104383,24935.987082022206,24738.578589545352,25705.880202681925,33630.667583756105,32610.192314023705,31530.205372883225,31002.262936585084,30556.092642264615,29981.23302002345,28316.239125568936,28153.712181066305,28139.73417746962,28242.848178108332,28435.443808067568,29001.26599626948
2023-11-09,34806.41170586478,33621.96075100368,31845.28431871201,30660.8333638509,30266.0163788972,30226.53468040183,27857.632770679607,26616.779389396543,25686.139353434242,25304.48293464566,24951.77976142035,25725.62105192961,34810.765122241,33737.0824295911,32521.462547959378,31909.281068247048,31392.211106643274,30732.436725111256,28811.37612783757,28589.109429956807,28522.71605505479,28579.718376141773,28731.734761008556,29230.43331748154
2023-11-10,35990.86266072589,34806.41170586479,33029.73527357312,31726.839223225892,30956.946102566173,30779.278459337012,28331.413152624053,27225.925594753684,26130.308461507153,25646.657654938874,25212.358971489797,25784.843599672666,35993.039368914004,34883.15949158974,33555.65167409885,32866.74153139977,32281.91918494231,31537.796336420724,29350.984998015407,29066.120773624167,28944.793985207074,28953.439911620444,29062.855519239773,29490.92143518372
2023-12-01,37175.313615587,35990.86266072589,34214.186228434235,33029.73527357312,31845.284318712012,31332.022238272195,28805.193534568494,27801.23034425765,26544.86629570854,25988.83237523208,25520.316219753684,25883.547845911093,37176.40196968106,36042.0278512092,34623.23231773203,33865.472993044925,33216.97232117398,32390.542365674148,29932.1965833341,29582.434317913874,29404.060843406904,29362.41055244525,29427.44020784089,29781.703435452866
2023-12-03,38359.76457044811,37175.313615587,35398.63718329534,34214.18622843423,32931.03102733469,31884.766017207377,29397.41901199905,28376.535093761613,27048.257951524516,26331.007095525285,25875.65150621202,26021.73379064489,38360.30874749514,37209.42374257587,35716.78414163807,34897.9716352748,34190.394352579395,33284.751510628535,30552.326837655524,30135.866607235595,29898.702535599594,29805.09772878622,29824.176515633615,30101.78607387838
2023-12-04,39544.21552530922,38359.76457044812,36583.08813815645,35398.63718329534,34214.18622843423,32674.399987114786,30068.607886420345,28951.83984326558,27610.87215508354,26752.145212809235,26278.364830864793,26199.401433874053,39544.48761383274,38382.504655107354,36830.53577242301,35958.09797071035,35196.28237220877,34215.24088182126,31208.864879108543,30724.355489087375,30426.993460123824,30280.03550428783,30251.80359464113,30450.208671629403
2023-12-04,40728.66648017033,39544.21552530923,37767.539093017556,36583.08813815645,35398.63718329534,33621.96075100367,30700.31506234627,29527.14459276955,28232.708906385622,27225.925594753684,26728.456193712012,26416.550775598593,40728.80252443209,39559.37558174872,37959.99836411378,37040.82878240509,36229.64161264303,35177.47545097253,31899.461818200783,31345.953374995173,30987.29219100948,30785.821678961074,30709.110041921776,30826.042047717478
2023-12-05,41913.11743503144,40728.66648017033,38951.99004787867,37767.539093017556,36583.08813815645,34727.448308874045,31332.022238272195,30102.44934227352,28913.76820543076,27752.348241358624,27154.858537462012,26613.95926807544,41913.18545716232,40738.77318446333,39101.68059206462,38142.05416558463,37286.245732219875,36167.487068337534,32621.920306697462,31998.82087584465,31578.03737184633,31321.11501803679,31194.931960546674,31228.387486267864
2024-01-02,43097.56838989255,41913.11743503144,40136.441002739775,38951.990047878666,37767.539093017556,35990.862660725885,31963.729414198122,30677.754091777486,29565.21623060438,28252.44975563331,27581.260881212012,26870.59030829535,43097.602400957985,41919.85523789344,40252.86698155108,39258.41147088809,38362.51859568661,37181.80360288955,33374.184760766024,32681.2207908056,32197.743809951793,31884.63260130365,31708.1510966175,31656.37573765171
2024-01-08,44282.019344753666,43097.568389892556,41320.891957600885,40136.441002739775,38951.990047878666,37175.313615587,32595.436590124045,31354.58320884098,30216.664255777978,28831.51466689874,28007.663224962012,27166.703047010626,44282.03635028638,43102.060258467216,41411.44549667635,40387.14943974749,39455.43424244479,38217.386939980206,34154.332214885704,33391.51243020509,32844.998761067116,32475.147287692325,32247.693049342553,32109.166052368728
2024-01-08,45466.47029961477,44282.019344753666,42505.342912462,41320.89195760088,40136.441002739775,38359.76457044811,33227.14376604997,32099.095237610814,30868.11228095159,29463.221842824667,28505.13262600368,27502.29748422127,45466.47880238113,44285.01392380344,42575.77344285402,41526.01704242538,40562.43224429573,39271.57872929217,34960.5637658274,34128.14625379645,33518.458395287875,33091.48529009518,32812.52555130599,32585.945246606632
2024-01-12,45466.47029961477,44755.799726698104,43245.62475925019,42150.00762600366,41024.779218885604,39307.325334337,33740.40584648979,32708.241442967963,31430.726484510622,30068.607886420345,28978.913007948126,27818.15107218424,44874.24907356739,44284.01573078684,42954.93919883172,42027.10837012144,41134.67641359695,39897.88380622485,35561.94799672614,34692.2503144202,34043.51014921399,33578.03025189825,33262.309639487314,32969.42334661823
2024-01-12,44676.83632970736,44755.799726698104,43689.793867323104,42742.23310343421,41715.708942554586,40096.95930424441,34174.704529938856,33249.704736618754,31934.11814032659,30673.993930016022,29452.693389892564,28134.0046601472,43985.90873172997,43888.533283822086,42986.63457462302,42221.73746462528,41436.6597945655,40297.84437918331,36048.11705434999,35159.21242973596,34485.171527043014,33991.92321678341,33648.00607577824,33301.49389427933
2024-01-14,43097.56838989255,44282.019344753666,43837.850236680744,43097.56838989255,42209.23017374671,40728.66648017033,34648.4849118833,33723.4851185632,32378.28724839951,31200.416576620963,29855.406714545345,28449.858248110162,42949.513083380705,43230.0613342252,42748.07521026934,42165.62473197185,41509.9609700218,40499.75351116433,36426.50417568443,35534.42937448351,34847.510352006284,34336.322967284184,33972.128101740556,33583.84238667878
2024-01-22,41913.11743503144,43334.45858086478,43689.793867323104,43216.01348537866,42505.342912461994,41202.44686211478,35122.265293827746,34129.58258880129,32852.067630343954,31674.196958565408,30281.809058295345,28765.711836073126,41839.08978177552,42396.26304954025,42299.31771469179,41904.359595280665,41389.76181773696,40528.36763229008,36704.06303403847,35822.9981025837,35134.396016932864,34614.250947557506,34237.090400416775,33818.0990584481
2024-01-22,40728.66648017033,41913.11743503144,43245.62475925019,43097.56838989255,42604.04715870042,41518.30045007774,35596.04567577219,34467.99714733304,33325.8480122884,32095.33507584935,30708.211402045345,29081.565424036085,40691.65265354237,41445.58054146324,41687.072783717886,41475.24249164949,41105.831618901924,40405.348618917466,36887.298678636645,36029.732403850605,35349.50916378142,34828.597234617984,34445.212961372265,34005.840693662896
2024-01-27,40728.66648017033,41439.337053087,42949.51202053491,43097.56838989255,42801.455651177275,41913.11743503145,36069.82605771664,34840.253161717956,33799.628394232845,32542.79432546355,31205.68080308701,29456.641559742104,41302.3850442869,41601.42617265264,41737.304928454236,41554.85611771893,41230.029436768,40593.81972093171,37211.54505001706,36356.58712781163,35669.68517715257,35136.61985349978,34738.07196985461,34265.095817995454
2024-01-29,41518.30045007774,41439.337053086994,42653.39928181964,43097.568389892556,42998.86414365412,42307.93441998514,36543.60643966108,35212.50917610288,34273.40877617728,32990.253575077746,31750.528242323126,29811.976846200436,42199.976717089725,42100.140245065944,42039.585697662755,41835.34925811413,41517.34312186409,40906.78830455181,37591.28849129947,36731.086086823205,36032.020943777796,35482.748052316994,35065.895369109356,34554.68524384707
2024-02-07,43097.56838989255,41913.11743503144,42357.28654310436,43097.56838989255,43196.272636130976,42702.75140493885,37017.38682160552,35686.28955804732,34747.18915812172,33437.712824691946,32271.68666246201,30167.31213265877,43240.99803092169,42827.43327829518,42537.90428590519,42280.19836477587,41942.677925385564,41328.69218457704,38022.94854636116,37150.58237893794,36434.45989032545,35865.32506670499,35427.31200644509,34873.61440247248
2024-02-09,44282.019344753666,42860.67819892033,42505.342912461994,43097.56838989255,43393.68112860782,43097.56838989255,37491.16720354997,36227.75285169812,35220.96954006617,33964.13547129688,32792.8450826009,30522.647419117104,44353.73416526823,43707.11228540171,43188.69673339622,42859.520534746574,42484.79982911314,41845.91444895676,38503.175756248624,37612.576152316666,36875.045764114475,36282.76616553448,35821.004499875045,35220.92133405662
2024-02-09,45466.47029961477,44282.019344753666,42949.51202053491,43097.56838989254,43591.08962108468,43492.38537484626,38083.39268098052,36836.899057055256,35694.74992201061,34543.20038256232,33314.00350273978,30937.20525331849,45502.32770987206,44688.38194175976,43958.07996030281,43548.866120151906,43125.74158686125,42446.54029964666,39028.836756134384,38114.70643577794,37351.91773942408,36733.55551903156,36245.70712946106,35595.67561856089
2024-02-11,46650.92125447587,45466.47029961477,43689.793867323104,43452.90367635088,43788.49811356153,43887.20235979996,38754.58155540181,37412.20380655923,36168.53030395506,35095.94416149749,33835.16192287867,31391.24478601525,46668.84995960452,45737.37869761884,44819.70046008819,44328.2308636401,43850.300144165216,43120.14428835795,39597.00033376049,38654.743423206,37863.3057625201,37216.24320306639,36700.203811350075,35996.97734162429
2024-02-12,47835.37220933699,46650.92125447588,44726.18845282657,44045.12915378144,43985.906606038385,44282.01934475366,39504.73382681385,37987.50855606319,36642.3106858995,35648.68794043268,34356.32034301756,31884.766017207377,47844.336561901306,46831.52685314525,45753.06106100151,45181.24764555974,44645.61137801642,43857.60414783797,40204.92438733723,39230.58118660262,38407.526123753145,37729.44233369028,37183.32615126019,36423.95609436995
2024-02-14,49019.823164198104,47835.372209336994,46058.69577704532,44874.24482218421,44479.427837230505,44676.83632970737,40333.84949521663,38562.81330556716,37204.92488945853,36201.431719367865,34877.47876315645,32358.546399151823,49024.305340480256,47955.775941783235,46742.219518347665,46094.52518619601,45500.790261253765,44650.937894240626,40850.04372486781,39840.230793969495,38982.977245651986,38271.82632625803,37693.95157430069,36875.77000600534
2024-02-14,50204.274119059206,49019.823164198104,47243.14673190643,45940.25068155921,45170.357560899494,45071.65331466107,41123.48346512404,39138.11805507112,37826.76164076061,36754.175498303055,35469.704240587,32891.54932883932,50206.51520720028,49100.092319162264,47774.776308474924,47057.10698396406,46406.626386279386,45493.16129170059,41529.95865061327,40481.813809530446,39588.135676475875,38842.12627371903,38231.00152813253,37351.604808141055
2024-02-26,51388.72507392031,50204.274119059206,48427.59768676755,47243.14673190643,46058.69577704532,45466.470299614775,41913.11743503144,39814.94717213462,38507.82093980575,37306.91927723824,36109.307756212,33464.03395702219,51389.84561799085,50257.78688903531,48841.08735743193,48060.02862847631,47355.3263312797,46378.163133835704,42242.424287914575,41153.55615505242,40221.55227920325,39439.12843889558,38793.43975659315,37850.67292978801
2024-02-26,52573.176028781425,51388.725073920315,49612.04864162865,48427.59768676754,47144.442485668005,46098.17747554069,42702.75140493885,40559.45920090446,39159.26896497936,37859.66305617342,36725.22225273978,34076.000283700436,52573.736300816694,51424.40025390438,49933.65171881207,49095.955602142894,48340.29566241244,47300.596115061555,42985.34059086489,41853.782312204225,40881.848606423475,40061.67185579266,39380.27064102232,38372.21262202734
2024-02-27,53757.62698364254,52573.17602878143,50796.49959648976,49612.04864162865,48427.59768676754,46887.811445448104,43492.38537484625,41371.65414138065,39810.71699015297,38412.4068351086,37341.136749267556,34727.448308874045,53757.90711966017,52596.95948210413,51046.635323187984,50158.88693602667,49355.954474118786,48255.78134299182,43756.743000390095,42580.909847006384,41567.713452063115,40708.64603519858,39990.53760663409,38915.48711137997
2024-02-27,54942.077938503644,53757.62698364254,51980.95055135088,50796.49959648975,49612.04864162865,47835.37220933699,44282.01934475366,42251.53199356318,40462.16501532658,39044.11401103453,37957.05124579534,35359.15548479997,54942.21800651246,53773.482619191,52175.50056100506,51243.91274645177,50397.58130784894,49239.62478678844,44554.793703162766,43333.44423847832,42277.899571320726,41378.98877004213,40623.321591384025,39479.783780934944
2024-02-28,56126.528893364746,54942.077938503644,53165.40150621198,51980.95055135087,50796.49959648976,48940.85976720737,45071.65331466107,43097.56838989254,41113.61304050019,39728.46345162095,38572.96574232311,35990.862660725885,56126.59892736917,54952.64836220263,53316.71818038746,52347.01585586525,51461.181083291536,50248.544169468114,45377.773454457274,44109.97399458279,43011.22056060475,42071.68403616902,41277.73957488085,40064.413378326324
2024-02-28,57310.97984822586,56126.52889336475,54349.85246107309,53165.40150621198,51980.95055135087,50204.274119059206,45861.28728456847,43943.60478622191,41853.894887288385,40465.455156867865,39188.88023885089,36622.56983665181,57311.01486522807,56133.575842497405,54467.543207654024,53464.90948263283,52543.37334787545,51279.40499867047,46224.073928562524,44909.16603950687,43766.54788966965,42785.75998438886,41952.943164987875,40668.70924967837
2024-02-28,58495.43080308698,57310.97984822587,55534.3034159342,54349.8524610731,53165.40150621198,51388.72507392032,46650.92125447588,44789.64118255128,42653.39928181963,41176.12572978453,39804.794735378666,37254.27701257774,58495.44831158807,57315.677814314295,55625.84066327493,54594.90444178106,53641.29771865586,52329.46459358017,47092.19056271653,45729.76135720501,44542.808078525835,43520.28701982451,42648.11723985191,41292.026598667544
2024-02-28,59679.88175794808,58495.43080308698,56718.75437079531,55534.303415934206,54349.85246107309,52573.17602878143,47440.55522438328,45635.67757888064,43512.12622409394,41886.796302701194,40420.70923190644,37885.984188503666,59679.89051219863,58498.56278047926,56789.95000761588,55734.80049105889,54752.53387160252,53396.3231084838,47980.71586272261,46570.57087696754,45338.98001206129,44274.37596476794,43362.478643185896,41933.74176987785
2024-02-28,60864.332712809184,59679.88175794808,57903.205325656425,56718.75437079531,55534.303415934206,53757.626983642534,48230.18919429069,46481.713975210005,44430.07571411129,42597.46687561786,41107.690785725885,38517.69136442959,60864.337089934466,59681.969742876274,57958.5797098502,56882.797432260966,55875.033840228345,54477.88067838211,48888.33314046127,47430.471587568645,46154.09238565734,45047.17630141197,44095.27493071701,42593.251555652976
2024-03-04,62048.7836676703,60864.33271280919,59087.65628051753,57903.20532565642,56718.7543707953,54942.07793850365,49019.8231641981,47327.750371539376,45318.41393025713,43308.13744853452,41842.050377739775,39208.621088098575,62048.785856232935,60865.72470276131,59130.72524600159,58037.4223759465,57007.06472981343,55572.29992140077,49813.810655433634,48308.40286729508,46987.221275408454,45837.874490984956,44845.783165793655,43269.972525674784
2024-03-04,63233.23462253142,62048.78366767031,60272.10723537864,59087.65628051752,57903.20532565642,56126.528893364746,49809.457134105505,48173.78676786873,46206.75214640296,44097.77141844193,42623.78800794811,39939.03251026292,63233.23571681273,62049.71166097171,60305.605319644026,59197.470230754865,58147.160244825594,56677.97312839974,50755.99613426978,49203.36301786209,47837.48782686793,46645.692365966584,45613.30876222361,43963.34037852311
2024-03-04,64417.68557739252,63233.23462253142,61456.55819023975,60272.107235378644,59087.65628051752,57310.97984822586,50599.09110401291,49019.8231641981,47095.09036254879,44940.04765300983,43381.83661905922,40649.703083179586,64417.68612453318,63233.85328473235,61482.612255779495,60361.95501284555,59294.079673660686,57793.49355388148,51713.8116438172,50114.405990889645,48704.056056537745,47469.88559220735,46397.18437249106,44672.80931449605
2024-03-04,65602.13653225363,64417.68557739252,62641.009145100856,61456.558190239746,60272.107235378644,58495.43080308697,51388.725073920315,49865.85956052746,47983.42857869463,45834.96615223822,44139.88523017032,41360.37365609626,65602.13680582396,64418.09801885981,62661.27341829844,61530.07000816723,60446.77318342285,58917.63029553564,52686.248794997766,51040.63829624106,49586.130760602726,48309.74219791237,47196.76881957297,45397.851428993745
2024-03-04,66786.58748711474,65602.13653225363,63825.460099961965,62641.009145100856,61456.558190239746,59679.88175794808,52178.359043827724,50711.895956856824,48871.766794840456,46782.52691612711,44897.93384128144,42071.04422901292,66786.5876238999,65602.41149323182,63841.221201337874,62701.15517795061,61604.35245396946,60049.306313840665,53672.3642560932,51981.21608212056,50482.95552567774,49164.58116658247,48011.44607064512,46137.95612579136
2024-03-05,66786.58748711475,66075.91691419808,64565.74194675016,63470.12481350363,62344.89640638558,60627.442521836965,52849.547918249016,51456.40798562666,49671.27118937171,47624.803150695014,45584.91539510088,42722.49225418653,66194.36207807677,65602.31983957242,64232.53571931915,63228.60633327843,62219.39615832087,60743.41009114229,54442.02698358747,52737.9338849098,51220.47655049044,49879.25748805809,48701.27707807063,46776.126145793605
2024-03-05,65996.95351720734,66075.91691419808,65009.911054823075,64062.350290934184,63035.826130054564,61417.076491744374,53441.77339567957,52133.23710269015,50411.5530361599,48414.437120602415,46295.58596801755,43334.458580864775,65306.02382773464,65207.44175217912,64273.680132224355,63444.80255948099,62557.59453048574,61202.694526923566,55085.61786060719,53386.8089789399,51864.24284457009,50511.36305819937,49317.60683080861,47354.538080000384
2024-03-07,65602.13653225363,66312.8071051703,65602.13653225363,64773.02086385085,63825.460099961965,62285.67385864253,54191.925667091615,52843.907675606824,51181.44615681963,49230.39222284007,47077.32359822588,43966.165756790695,66046.30565742469,65733.82366382433,64832.10398886667,64052.39981905077,63208.20883150559,61900.68114694746,55840.51912683353,54131.24111828651,52592.16209551674,51218.98151274388,50002.66490394907,47991.65461334656
2024-03-08,66391.77050216103,66549.6972961425,66194.36200968418,65483.691436767505,64615.094069869374,63154.271225540666,55021.04133549439,53554.57824852349,51951.33927747935,50046.347325077724,47906.43926662865,44597.87293271662,67008.67204970027,66479.56192320817,65529.6449784465,64764.87956867351,63940.951848501005,62659.47580882601,56623.133276197594,54900.11874738384,53342.35118567693,51947.331815111014,50707.30701157062,48646.71653667871
2024-03-11,67971.03844197585,66786.58748711474,66786.58748711474,66194.36200968418,65404.72803977678,64022.86859243882,55929.1204008879,54265.24882144015,52721.232398139065,50862.30242731538,48782.93297322587,45288.802656385604,68082.08072326862,67371.53774775109,66335.38818253328,65563.17226470323,64743.18839439884,63471.477507327385,57431.672380755015,55692.08378346796,54113.723781430344,52695.51258061096,51430.76515230754,49319.13547630366
2024-03-11,69155.48939683696,67734.14825100363,67378.8129645453,66905.03258260085,66194.36200968419,64891.465959336965,56916.162863272155,54975.91939435682,53491.125518798784,51678.257529553026,49635.73766072587,46019.21407854996,69211.01053748335,68361.00528240007,67225.2886645699,66431.67555324774,65604.22715706026,64330.03536287372,58264.463862751385,56505.85359281736,54905.246541040586,53462.661615192854,52172.30144249658,50008.34234949525
2024-03-11,70339.94035169807,69155.48939683696,67971.03844197585,67615.70315551752,66983.99597959158,65760.0633262351,57982.168722647155,55686.58996727349,54261.0186394585,52494.212631790695,50488.54234822587,46789.10719920967,70367.70092202126,69415.4672904531,68180.6448072342,67357.62387203163,66515.02164159856,65229.32985583441,59119.94305267451,57340.21679913953,55715.93652968526,54247.95421150398,52931.20693509042,50713.78673200166
2024-03-13,71524.39130655918,70339.94035169807,68563.26391940641,68326.37372843418,67773.629949499,66628.66069313326,59008.69288352678,56498.784907749665,55030.91176011823,53310.167734028335,51341.34703572587,47539.259470621706,71538.27159172078,70513.25894744217,69186.91090816444,68330.5726701023,67467.91712157112,66164.26890653264,59996.64622743235,58194.02932482488,56544.85876058214,55050.60151903331,53706.800484888285,51434.9362462902
2024-03-15,71524.39130655919,70813.72073364252,69155.48939683696,68681.7090148925,68267.15118069113,67260.36786905918,59916.77194892031,57277.13839237269,55711.97105916337,54047.159439275245,52123.08466593421,48230.18919429069,70939.10597170942,70455.48608219414,69443.13967339414,68695.91224857426,67909.76684928297,66686.22783717832,60663.9555257721,58868.80215965346,57217.78956996705,55715.35538212417,54359.08048579714,52054.77257338534
2024-03-16,70734.75733665178,70813.72073364252,69747.71487426752,68800.15411037863,68563.26391940641,67734.14825100363,60745.88761732308,58055.4918769957,56333.807810465456,54731.50887986167,52857.44425794809,48881.6372194643,70047.29768427319,70022.15385374175,69379.21738971477,68779.47173007656,68101.41647198358,66994.88553213564,61211.79642067954,59440.284783943265,57800.11639084116,56299.709035611355,54939.331820882784,52615.45192453924
2024-03-16,69155.48939683696,70339.94035169807,69895.77124362516,69037.04430135086,68661.96816564484,68050.0018389666,61496.039888735126,58833.84536161872,56896.42201402447,55363.21605578759,53544.425811767534,49493.60354614255,69009.16806312453,69338.44871648645,69066.28873466169,68632.4838595128,68081.35831352085,67116.90464586567,61647.87655108576,59914.21554272429,58296.25892996239,56807.1581407954,55450.379143791884,53118.91387400981
2024-03-16,67971.03844197585,69392.37958780918,69747.71487426752,69273.93449232307,68563.2639194064,68207.92863294807,62167.22876315641,59612.198846241736,57399.81366984044,55942.280967053026,54184.029327392534,50125.31072206846,67897.87777511963,68487.82830669588,68559.68845742905,68296.8663372586,67882.16280176606,67075.6150010218,61979.40628889409,60296.01398408041,58710.42129863691,57241.04637370166,55894.93633743269,53567.03440336576
2024-03-16,66786.58748711475,67971.03844197585,69303.5457661946,69155.48939683696,68563.26391940641,68207.92863294807,62759.454240586965,60289.02796330523,57932.816599527956,56468.70361365797,54776.25480482308,50757.01789799439,66750.00715368663,67525.93104854847,67902.45469627896,67806.91546362134,67531.38952953338,66891.43019242577,62213.13082072374,60590.79857009083,59046.602529570475,57604.57203313585,56275.61085792612,53961.627986498876
2024-03-17,66786.58748711474,67497.25806003141,69007.43302747932,69155.48939683696,68859.37665812169,68286.89202993881,63391.1614165129,60999.698536221884,58554.653350830034,57021.447392593145,55392.16930135087,51447.94762166337,67360.52279783125,67674.30017969094,67917.69552865606,67836.75600514033,67599.0278237553,67026.38122361954,62584.60873177227,61000.81189630772,59481.940866792305,58055.28796438989,56734.255080438445,54420.95299907697
2024-03-19,66391.77050216105,66786.58748711474,68267.15118069113,68800.15411037863,68760.67241188325,68128.96523595734,63904.42349695271,61608.844741579036,59146.87882826058,57495.22777453758,55937.01674058697,52119.13649608467,66481.32966504243,66983.5789638785,67403.12686278886,67430.46155552455,67291.8137789089,66848.35063719879,62779.28794470656,61256.44104274977,59780.48699683524,58383.411815469415,57082.01513994397,54787.54924194894
2024-03-19,65996.95351720734,66075.91691419807,67230.75659518766,68207.92863294807,68464.55967316798,68050.0018389666,64338.72218040178,62150.30803522983,59739.10430569113,57916.36589182154,56434.486141628644,52731.102822762914,65449.507621217475,66128.28116838318,66739.69546603413,66882.68410495509,66849.64020944483,66544.51750472302,62884.991017783075,61432.065739119214,60006.69180565765,58645.7715444803,57369.688492476,55103.29146807722
2024-03-19,64417.68557739252,65365.24634128141,66342.41837904182,67378.8129645453,67971.03844197585,67971.03844197585,64694.05746686012,62624.088417174265,60331.32978312169,58284.86174444501,56884.57750447587,53303.58745094577,64341.37112187444,65163.26565309926,65960.48194525576,66219.1478354235,66293.27011915046,66130.60714444907,62907.45834712168,61532.130677086774,60164.08413819782,58845.22646108573,57599.631479537995,55369.84702314133
2024-03-19,63233.23462253142,64654.575768364746,65454.08016289599,66312.8071051703,67280.10871830686,67655.18485401288,64970.42935632771,63030.18588741236,60834.72143893766,58679.67872939869,57287.290829128644,53836.59038063328,63195.07739477237,64125.10499128961,65091.21566134788,65460.89980492292,65640.27220353813,65620.37920985172,62852.05998070547,61560.83362100814,60256.02070061653,58984.5115571367,57774.10803707963,55588.82858568656
2024-03-20,63233.23462253142,63943.90519544808,65009.911054823075,65720.58162773974,66687.88324087631,67418.29466304067,65286.282944290666,63470.12481350362,61367.72436862517,59153.45911134314,57713.693172878644,54389.334159568454,63806.38148608245,64222.63185332392,64941.542309357814,65271.224490826484,65452.181953361884,65470.042505794314,62953.06808371753,61719.54761858536,60459.02874339747,59220.73651472164,58034.64049128261,55878.299349195106
2024-03-20,64022.86859243881,63943.90519544808,64861.854685465434,65365.24634128141,66095.65776344576,67181.40447206845,65602.13653225363,63910.063739594894,61900.72729831266,59679.88175794808,58140.095516628644,54942.07793850365,64704.25900916804,64682.46674630049,65088.34102555689,65331.39031654051,65475.251888576,65486.55425910173,63123.97572555857,61935.247002678436,60709.91205018431,59498.188689601986,58331.40504370558,56197.11372830638
2024-03-20,65602.13653225363,64417.68557739252,65009.91105482308,65246.801245795294,65799.54502473048,66944.51428109623,65917.9901202166,64350.00266568617,62433.73022800016,60258.94666921352,58566.497860378644,55494.821717438834,65745.4232481414,65383.8403265719,65465.729128125306,65595.97162028129,65676.99582681272,65649.05841260335,63360.2732585622,62204.765918480916,61006.335242244735,59815.07559406568,58662.980827728745,56544.30963690349
2024-03-22,65602.13653225363,64654.575768364746,64565.74194675016,65009.91105482307,65404.72803977678,66470.73389915178,66115.39861269345,64688.41722421793,62877.89933607307,60811.69044814869,58921.83314683697,55988.342948630954,65081.55441276696,65061.7887435121,65232.8305612958,65381.7377943015,65483.25578844039,65495.136808202,63428.493408164155,62327.70589953177,61172.74257567461,60015.189071736946,58888.655525055205,56802.45314463065
2024-03-24,65996.95351720734,65602.13653225363,64713.7983161078,65128.356150309184,65306.023793538356,66075.91691419808,66352.28880366567,65060.67323860284,63351.679718017534,61364.43422708388,59371.92450968419,56501.60502907077,65934.07094994085,65636.72165804631,65578.10987814446,65637.16501117662,65683.7683574672,65656.56814306609,63645.144639064194,62575.421543286764,61446.58866892816,60309.59769868292,59198.3783487598,57129.80185362806
2024-03-25,66391.77050216105,66312.8071051703,65157.967424180715,65128.35615030919,65404.72803977678,65917.9901202166,66589.17899463788,65432.92925298776,63825.46009996197,61917.17800601906,59869.39391072586,57014.86710951059,66952.55469595836,66414.8272526895,66109.87178121811,66061.50563495829,66035.65606277621,65945.87693042982,63924.23456183269,62875.178037658814,61764.854511529746,60642.7038181626,59542.40423654306,57485.25227771642
2024-03-25,67971.03844197585,67023.47767808696,65898.24927096891,65483.69143676752,65700.84077849206,65917.9901202166,66826.0691856101,65805.18526737267,64299.24048190641,62469.92178495425,60414.24134996197,57528.1291899504,68054.02204639766,67328.38130073865,66786.67569580009,66624.04813711805,66515.63042186249,66347.07848873071,64261.73487376845,63224.0842242803,62125.373286437745,61012.82493049789,59919.38797018783,57867.88304889353
2024-03-28,69155.48939683696,67734.14825100363,66934.64385647238,66075.91691419808,65898.24927096891,66075.91691419808,67062.95937658234,66177.4412817576,64773.020863850856,63022.66556388944,61006.466827392534,58041.39127039022,69196.98119904786,68332.23431772512,67576.29006377741,67299.66490340533,67103.98579568334,66846.18622160163,64653.877162667144,63619.409564692905,62526.083875002856,61418.35168817091,60328.0370851343,58276.80300796825
2024-04-02,69155.48939683696,68444.8188239203,67378.8129645453,66549.69729614252,66095.65776344576,66154.88031118881,67181.40447206845,66448.172928583,65157.96742418071,63496.44594583388,61575.003285725856,58495.43080308697,68584.00982051186,68211.83569247536,67664.01192559929,67421.73281950905,67237.37851049757,66986.79274914842,64867.88756778384,63861.16672454225,62791.69141486517,61703.251112403625,60627.76262991124,58594.64682840546
2024-04-02,68365.85542692956,68444.81882392029,67526.86933390293,67023.47767808696,66293.0662559226,66233.84370817956,67220.88617056381,66651.22166370205,65483.69143676752,63917.58406311783,62072.472686767534,58909.988637288356,67685.2986538133,67736.75295735516,67469.02871704717,67306.2518499828,67168.02604536174,66961.7670913942,64991.67465935357,64023.69010024092,62986.56439400626,61924.26573750552,60869.285174392724,58863.23507591513
2024-04-02,66786.58748711475,67971.03844197585,67378.8129645453,67141.92277357307,66490.47474839947,66075.91691419807,67181.40447206845,66786.58748711474,65750.19290161127,64286.079915741284,62522.56404961475,59285.064772994374,66643.71759303346,67025.21414898797,67054.16378709306,66996.41270130477,66927.11996642203,66791.81327150163,65031.05929631486,64111.38156868616,63114.15327880315,62084.173163443345,61054.8871892104,59084.182687873756
2024-04-04,66786.58748711474,67734.14825100363,67822.98207261821,67378.81296454529,66983.9959795916,66233.84370817956,67181.40447206845,66955.79476638061,66046.30564032655,64680.89690069499,62996.344431559184,59679.88175794808,67307.37801750466,67340.48891331727,67257.91371040035,67173.61738142678,67087.72280881493,66939.21641781091,65220.73537022847,64325.80695053581,63351.07450628264,62340.123827848634,61326.10880806652,59375.55503730547
2024-04-07,67576.22145702214,67497.25806003141,68119.09481133349,67615.7031555175,67378.81296454529,66549.69729614252,67299.84956755456,67125.00204564648,66342.41837904182,65075.71388564869,63470.12481350363,60074.69874290179,68231.4337071708,67945.4890744905,67679.59719627516,67533.95774786499,67405.8407454337,67216.25054018915,65474.59046871934,64594.12264199724,63634.21669607449,62636.44407011286,61633.14334215657,59696.20865439719
2024-04-08,69155.48939683696,67971.03844197585,68415.20755004877,68207.92863294807,67773.629949499,67023.47767808696,67497.2580600314,67294.20932491236,66638.5311177571,65470.53087060239,63943.90519544808,60469.51572785548,69285.68702943443,68743.63950022636,68270.78456414693,68044.13640310738,67857.24068485899,67606.71176662776,65788.48400955668,64913.33473698091,63961.325167090086,62971.37869119655,61974.58636341762,60045.18349733802
2024-04-08,70339.94035169807,68918.59920586474,68711.32028876405,68681.70901489252,68168.4469344527,67655.18485401288,67655.18485401288,67463.41660417824,66934.64385647236,65865.34785555609,64417.68557739252,60923.555260552246,70405.0391679968,69670.55676900396,68993.808284683,68676.9100219168,68421.41770358209,68096.42170911918,66158.54254484717,65280.61565751335,64330.2552226842,63343.24880506216,62349.08851939847,60421.55100111782
2024-04-09,70339.94035169807,69629.26977878141,68563.2639194064,68800.15411037861,68563.2639194064,67971.03844197585,67694.66655250826,67531.09951588458,67141.92277357307,66181.20144351906,64820.3989020453,61357.85394400132,69780.26428241687,69498.86764494829,69029.73742071721,68763.92445372046,68534.35181023668,68228.80517008391,66351.89395465296,65495.886420809285,64565.63249947838,63595.95491784826,62616.00620178963,60707.90966252367
2024-04-12,69550.30638179065,69629.26977878141,68563.26391940641,68681.7090148925,68661.96816564484,68128.96523595734,67655.18485401288,67531.09951588458,67289.97914293071,66444.41276682154,65175.73418850362,61792.15262745039,68875.65136219637,68989.59124395747,68794.47098099692,68619.76336067599,68447.68821511962,68196.5843290704,66456.35488931896,65633.39486642976,64731.749862531215,63786.17594070859,62826.00746680834,60946.04505283669
2024-04-13,67971.03844197585,69155.48939683696,68563.26391940641,68326.37372843418,68563.26391940641,68128.96523595732,67536.73975852678,67564.94097173776,67378.8129645453,66654.9818254635,65483.69143676752,62226.451310899465,67831.11942465555,68255.25665834323,68348.27464902311,68286.45865639212,68192.13425696503,68020.33472382594,66477.660218209,65697.46112313455,64831.98584422062,63916.62861668664,62981.32433084555,61137.53826334354
2024-04-13,66786.58748711475,68207.92863294807,68563.26391940641,68089.48353746196,68267.15118069113,68207.92863294807,67339.33126604992,67598.78242759092,67408.42423841682,66812.90861944498,65744.27064683696,62660.74999434854,66716.62797845459,67370.88328298002,67738.02173418546,67798.40008836694,67793.6730685479,67718.0599498794,66421.1748191151,65692.16531253005,64869.55417046698,63989.91156956281,63084.101280235576,61283.91854624087
2024-04-13,65602.13653225363,66786.58748711474,68119.09481133349,67852.59334648974,67773.629949499,68050.0018389666,67062.95937658234,67531.09951588458,67378.8129645453,66918.19314876597,65957.47181871196,63035.82613005456,65567.15677792355,66386.4840477842,67000.16925489815,67183.72472273522,67274.29037760092,67305.51315331855,66291.91744868137,65621.36088280015,64847.51180007263,64008.51043947464,63136.398703807594,61386.665014279846
2024-04-17,64417.68557739252,65602.13653225363,67378.8129645453,67615.70315551752,67378.81296454529,67734.14825100363,66826.0691856101,67395.73369247188,67289.97914293071,66970.83541342647,66123.29495239252,63371.42056726521,64400.19570022748,65335.40090603327,66163.07266992777,66465.45379542543,66652.58949220562,66796.47833697016,66094.58307280073,65488.687201674016,64768.76657189826,63974.80279524901,63140.19619082711,61447.20828468428
2024-04-17,63233.23462253142,64417.68557739252,66342.41837904183,67023.47767808697,66983.9959795916,67260.36786905918,66589.17899463788,67192.68495735283,67141.92277357307,66970.83541342647,66241.74004787863,63667.53330598048,63224.489683948894,64239.86182657895,65248.78622498167,65662.42286310633,65944.31167304634,66203.01650330768,65833.5637563407,65297.58144978481,64636.08447900649,63891.06283315494,63097.3956996065,61466.932069169896
2024-04-20,63233.23462253142,63943.90519544808,65454.08016289599,66549.69729614252,66885.29173335317,66865.55088410548,66470.73389915178,67023.47767808696,67112.31149970155,66997.15654575672,66383.87416246196,63983.38689394345,63821.08763067071,64299.13641018347,65064.0971921841,65436.10699297655,65709.44611986882,65979.85013756828,65742.21677705373,65248.698345763,64625.43087404951,63913.95947421539,63149.171773380476,61563.678092649854
2024-04-22,64022.86859243881,63943.90519544808,65009.911054823075,66075.91691419808,66687.88324087631,66707.624090124,66431.25220065641,66854.27039882109,67141.92277357307,67023.47767808696,66526.0082770453,64299.24048190641,64711.61208146217,64733.469784206856,65183.661489977334,65466.29418193602,65692.93695254342,65932.63593690394,65733.17934190534,65268.33380056804,64673.07505249934,63987.3584767592,63245.3664700484,61696.08657510336
2024-04-22,65602.13653225363,64417.68557739252,64861.85468546544,65602.13653225363,66490.47474839946,66707.624090124,66470.73389915178,66685.06311955521,67141.92277357307,67049.79881041721,66668.14239162863,64615.094069869374,65749.09978428845,65417.84235184282,65539.86726711899,65706.34751015034,65861.190880939,66039.3798806803,65801.1411577253,65352.681227598456,64776.173220043296,64109.06408593745,63384.2378828174,61862.98825535135
2024-04-24,65602.13653225363,64654.575768364746,64565.74194675016,65128.356150309184,65996.95351720734,66628.66069313326,66352.28880366567,66515.85584028934,67053.08895195849,66997.15654575672,66739.20944892029,64871.72511008928,65083.39268084049,65084.45676035938,65290.49355829088,65472.045340558005,65639.11314193186,65836.66809276932,65711.88595899416,65300.73702480922,64758.68601796249,64122.482411656296,63424.765243482914,61946.74882862737
2024-04-28,64812.50256234622,64891.46595933696,64269.62920803489,64654.575768364746,65306.023793538356,66312.8071051703,66273.32540667492,66346.64856102347,66905.03258260086,66891.87201643572,66762.89846801752,65088.87445181382,64158.31365168595,64467.38271441672,64833.3249058999,65064.98884637135,65268.97798510102,65511.23890898958,65551.97296954495,65185.87578023818,64684.273754769594,64083.81946429363,63417.25423872299,61988.928693323636
2024-04-30,63233.23462253142,64417.68557739252,63973.516469319606,64180.79538642031,64713.798316107794,65839.02672322586,66194.36200968419,66177.4412817576,66697.75366550016,66812.90861944498,66739.20944892029,65266.54209504298,63103.54865967813,63661.18303216792,64214.53796407111,64516.58790478934,64773.56347472707,65078.432003824666,65325.96075652078,65011.59288509545,64555.71326271411,63995.33964702855,63363.58872601787,61990.891151615986
2024-04-30,62048.7836676703,63470.12481350363,63677.40373060433,63707.015004475856,64121.57283867724,65207.31954729993,66115.39861269345,66008.23400249172,66431.25220065641,66733.94522245425,66668.14239162863,65404.72803977678,61983.94068624366,62728.89959238168,63470.04790823513,63852.5415062475,64172.14335750893,64551.66959244773,65038.11378595874,64781.189542190565,64375.645918813825,63859.208910727844,63265.57868608272,61953.954807229224
2024-05-01,60864.332712809184,62048.78366767031,63381.29099188905,63233.23462253141,63529.347361246684,64417.68557739251,66036.4352157027,65839.02672322585,66105.5281880696,66576.01842847277,66549.69729614252,65503.43228601521,60831.91122209587,61712.56031423714,62627.78876372691,63093.87609746579,63481.02618834572,63942.69611313527,64692.42139705483,64497.78355417699,64146.58425242712,63677.49903448134,63124.9631199958,61879.39503096143
2024-05-01,59679.88175794808,60864.33271280919,62641.009145100856,62759.45424058697,62937.12188381614,63707.015004475856,65839.02672322586,65568.29507640045,65809.41544935432,66365.44936983078,66383.87416246196,65562.65483375826,59663.671012591425,60640.183810520415,61709.48699469582,62257.79513485146,62714.01151369052,63261.787949379235,64292.61555228271,64164.31951244966,63870.91823050465,63452.191720027025,62943.4128327137,61768.4453781582
2024-05-03,59679.88175794808,60390.55233086475,62048.7836676703,62641.009145100856,62641.009145100856,63233.23462253142,65681.09992924436,65432.929252987764,65602.13653225361,66181.20144351906,66241.74004787863,65641.618230749,60264.00186270031,60714.90011128334,61521.67493205436,62004.438330843775,62429.44554432417,62962.10604480798,64071.43601425216,63980.98691246957,63724.25552232264,63339.676110995635,62861.8802788433,61738.80233840272
2024-05-03,60469.51572785549,60390.552330864746,61456.55819023975,62404.11895412863,62542.304898862436,62917.38103456845,65523.17313526289,65365.24634128141,65454.080162895996,65996.95351720734,66170.67299058696,65720.58162773974,61156.3927651853,61159.52796341232,61638.81020663569,62012.50111935768,62370.88217868512,62847.940747665765,63940.94231447268,63873.64228775847,63642.52518794843,63283.55035257973,62829.99413717282,61748.96566118691
2024-05-04,62048.7836676703,60864.33271280919,61308.50182088211,62167.22876315642,62641.009145100856,62759.454240586965,65483.69143676751,65365.24634128141,65365.24634128141,65812.70559089561,66146.98397148974,65799.54502473048,62194.813693858356,61850.76351645202,61993.126743501416,62234.45266538926,62503.551785430696,62896.10248202397,63895.28375370228,63838.064084134734,63622.559794513225,63281.36271214245,62845.80748956644,61797.63021967292
2024-05-10,62048.7836676703,61101.22290378142,61012.38908216683,61575.003285725856,62344.896406385575,62522.564049614746,65286.282944290666,65331.40488542824,65246.80124579531,65549.49426759314,66028.53887600363,65819.28587397817,61529.57320333377,61521.95324857108,61742.28362556981,61985.33994673835,62251.364235796624,62642.13126087213,63699.73852525756,63672.85678572771,63488.0121319897,63176.27445128396,62768.102596234625,61767.03029996985
2024-05-15,62443.600652624,62048.78366767031,61160.44545152447,61456.558190239746,62147.48791390873,62522.56404961474,65128.356150309184,65297.563429575064,65128.356150309184,65391.56747361166,65933.78279961474,65858.76757247355,62381.40391293259,62092.38037322452,62073.60606933906,62212.22988779163,62402.42121837121,62716.01918107954,63669.64149927523,63648.433332216795,63475.58396079649,63178.75098046904,62786.343067882444,61815.10257503674
2024-05-15,62838.41763757771,62759.45424058697,61604.61455959739,61575.003285725856,61950.079421431874,62680.490843596235,64970.42935632771,65263.7219737219,65098.74487643766,65286.28294429066,65839.02672322585,65898.24927096891,63399.54474516255,62867.482107947195,62594.512626684285,62613.22183135543,62712.46188898987,62928.72748061866,63717.90240754086,63691.1695680599,63521.54013721624,63232.61770208281,62850.31728403716,61900.43316904817
2024-05-15,64417.68557739252,63470.12481350363,62344.89640638558,61930.338572184184,62048.7836676703,62759.454240586965,64812.50256234622,65229.88051786871,65128.356150309184,65233.64067963018,65744.27064683696,65937.73096946428,64500.84063870809,63779.03358271601,63262.87349458859,63156.66086788238,63157.02721872275,63262.90361207304,63839.465899457806,63797.33439940401,63623.03264429213,63335.64025993169,62958.23176451414,62021.800497618635
2024-05-17,65602.13653225363,64180.79538642031,63381.29099188905,62522.56404961475,62344.89640638558,62838.41763757772,64773.020863850856,65297.56342957506,65217.18997192377,65233.640679630174,65649.51457044807,65977.21266795965,65643.71406291141,64781.55155084891,64045.921048483295,63816.647525924636,63715.42110616767,63703.36409645325,64029.602776080836,63963.40401538798,63777.3523927238,63485.68144374368,63108.36336168573,62178.02302832175
2024-05-20,66786.58748711474,65602.13653225363,64269.62920803488,63351.679718017534,62838.41763757771,62917.38103456845,64812.50256234622,65331.40488542822,65365.24634128141,65286.28294429066,65554.75849405918,66016.69436645502,66807.37625244363,65844.71384789122,64918.16935814832,64571.99132884303,64370.13146552277,64236.82338964358,64283.88894807406,64186.05037242069,63981.92244390845,63680.696965432566,63299.056502341715,62367.95796751038
2024-05-20,67971.03844197585,66786.58748711474,65157.967424180715,64417.68557739252,63529.347361246684,63233.23462253142,64930.94765783233,65365.24634128141,65483.69143676752,65312.60407662092,65531.069474961965,66056.17606495038,67981.4328246403,66948.3056975398,65859.79603341248,65405.35461393283,65106.34037803265,64851.65664054275,64598.18575122005,64462.130318221636,64234.29156356542,63918.73141900295,63528.72053771207,62590.49999019197
2024-05-20,69155.48939683696,67971.03844197586,66046.30564032655,65365.24634128141,64417.68557739252,63707.01500447585,65009.911054823075,65399.08779713458,65602.13653225363,65417.8886059419,65554.75849405919,66095.65776344576,69160.68658816919,68078.85058225923,66855.38365969817,66302.55202079924,65911.5096047504,65537.69210443717,64968.62153189605,64788.67532008149,64532.12808981794,64197.91441611152,63795.82719741049,62844.58001154733
2024-05-23,69155.48939683696,68444.8188239203,66934.64385647238,65957.47181871197,65207.31954729993,64101.83198942956,64970.42935632771,65331.40488542824,65631.74780612516,65496.85200293265,65554.75849405918,66135.13946194113,68565.86251507251,68042.91320216477,67103.30694464878,66605.9131882859,66228.36019509277,65841.8603966295,65162.32584867539,64965.47327129788,64699.8798143146,64361.96328682087,63959.56097189941,63012.66062190385
2024-06-04,69550.30638179067,69155.48939683696,67822.98207261821,66668.14239162863,65996.95351720734,64733.53916535548,64970.42935632771,65399.08779713458,65779.8041754828,65654.77879691412,65625.82555135085,66233.84370817956,69452.9014333853,68808.58891867586,67822.55881288197,67284.8272179972,66860.91098841667,66404.12039101307,65496.36549403169,65264.054775764605,64975.00471857901,64621.875333149575,64209.7719282522,63252.899309974746
2024-06-11,68760.67241188325,69155.48939683696,68267.15118069113,67378.8129645453,66490.47474839946,65286.28294429067,64851.98426084159,65432.92925298776,65809.41544935432,65786.38445856536,65673.2035895453,66253.58455742724,68711.96993768058,68529.40542644252,67855.55428601394,67409.59289508422,67031.69982742578,66599.98514738341,65656.0218132539,65414.4427572208,65121.15270508708,64767.491120505765,64357.27257600907,63407.59240150484
2024-06-13,68365.85542692956,68681.7090148925,68415.20755004877,67734.14825100363,66786.58748711474,65839.02672322586,64773.020863850856,65466.77070884094,65779.8041754828,65839.02672322585,65649.51457044807,66233.84370817956,67749.27871239766,67948.46611333326,67618.0061084808,67296.3191845443,66993.9902366087,66623.31043984983,65728.96153414815,65490.6730199927,65202.39342616208,64855.27791906316,64452.53982752418,63518.379129249406
2024-06-18,66786.58748711475,67734.14825100361,68267.15118069113,67852.59334648974,67181.40447206845,66154.88031118881,64694.05746686012,65399.08779713458,65690.97035386821,65839.02672322585,65649.51457044807,66174.6211604365,66675.70762232564,67166.35625297338,67170.03509154143,66988.28597503691,66779.85889747716,66495.66370140029,65720.77927596141,65496.86543734053,65221.89308987397,64887.75003268338,64497.62205128417,63586.6990462649
2024-06-21,65602.13653225363,67023.47767808696,67822.98207261821,67734.14825100363,67280.10871830686,66312.8071051703,64615.094069869374,65263.7219737219,65542.91398451057,65786.38445856536,65649.51457044807,66075.91691419807,65546.69659985907,66250.13269444642,66558.40186617502,66520.90408455611,66416.44761746413,66235.91643589933,65636.70871476343,65436.91100067675,65182.66345511857,64867.31244766879,64494.48728759913,63613.94450713613
2024-06-23,64417.68557739252,65602.13653225363,67082.70022583002,67378.81296454529,67181.40447206845,66312.80710517029,64536.13067287863,65060.67323860284,65424.46888902447,65760.06332623512,65649.51457044808,65937.73096946428,64389.96561119524,65244.50000380808,65819.475812032,65923.14600055163,65926.72254132063,65860.58120922834,65481.645870103304,65314.48453522422,65087.56936572358,64796.26558569979,64445.02639872726,63601.46221546793
2024-06-24,63233.23462253142,64417.68557739252,66046.30564032655,66786.58748711474,66885.29173335317,66391.77050216103,64457.16727588789,64789.94159177744,65306.02379353835,65654.77879691412,65649.51457044807,65760.06332623512,63219.374639432775,64179.261225095484,64981.54422439608,65218.7164854823,65330.11656075905,65384.10651653359,65260.17088930118,65133.05670924898,64939.335917037344,64676.80985012284,64351.05609546518,63550.55472063926
2024-06-24,62048.7836676703,63233.23462253142,65157.967424180715,65957.47181871196,66391.77050216105,66233.84370817956,64378.20387889715,64553.05140080523,65187.57869805223,65496.85200293265,65578.4475131564,65602.13653225363,62041.85367612098,63074.28505433339,64066.60833293233,64427.010344996284,64643.072891843694,64819.13479106804,64976.5684263017,64895.9053761134,64740.55527292773,64511.04997457358,64214.32184504837,63462.48186548336
2024-07-04,60864.332712809184,62048.78366767031,63825.460099961965,64891.46595933696,65700.84077849206,65917.9901202166,64299.24048190641,64316.16120983299,64980.299780951544,65286.28294429067,65460.002417670294,65444.20973827215,60860.86771703453,61942.81728887162,63091.78020515805,63563.89605644206,63879.505025090526,64176.72816192805,64634.84670576276,64606.126286215294,64493.69315024472,64300.999182529566,64036.50066501643,63338.46218650301
2024-07-04,59679.88175794808,60864.33271280919,62641.009145100856,63943.90519544807,64812.50256234623,65444.20973827215,64101.83198942956,64079.27101886078,64713.798316107794,65023.071620988194,65294.17928398974,65286.282944290666,59678.14926006075,60793.68846027673,62070.36922692004,62642.35691946841,63051.18591401305,63466.56599207291,64238.75535720303,64266.64320381925,64201.09498696752,64048.58316601274,63819.20380751485,63179.67426817701
2024-07-04,58495.43080308698,59679.88175794808,61456.558190239746,62641.009145100856,63726.75585372354,64812.50256234622,63825.460099961965,63842.380827888555,64388.074303520996,64786.181430015975,65152.04516940641,65128.356150309184,58494.564554143304,59632.78558959311,61012.72714276578,61673.01563378794,62168.07728850733,62697.11772409202,63791.80209855935,63880.2174618418,63864.99180946659,63755.64389130489,63563.979338330144,62987.258052863064
2024-07-07,57310.97984822586,58495.43080308697,60272.107235378644,61456.558190239746,62739.71339133928,64022.86859243882,63470.12481350363,63605.49063691633,64003.12774319113,64549.29123904375,64938.84399753141,64970.42935632771,57310.54672375403,58464.033357517,59926.905309565554,60664.563499165546,61238.608304639245,61875.794120251114,63297.2683433855,63449.45698581525,63487.50581355777,63423.9432391973,63272.31461478628,62762.316107753126
2024-07-13,57310.97984822586,58021.650421142534,59531.82538859045,60627.44252183697,61752.67092895502,63312.198019522155,63272.71632102678,63470.12481350362,63736.62627834738,64391.364445062274,64749.33184475363,64812.50256234621,57902.9887634205,58474.499172706994,59608.79986368143,60270.17573624216,60816.58099670813,61453.2487056056,62987.47237304366,63174.233308997005,63243.9899593876,63209.66008978685,63084.98583772615,62622.418225630674
2024-07-14,58100.61381813327,58021.650421142534,59087.656280517534,60035.21704440642,61061.74120528604,62601.52744660549,63154.271225540666,63402.44190179728,63529.34736124669,64207.11651875055,64559.819691975856,64713.798316107794,58791.43526068429,58876.29336778736,59624.59584018513,60162.849558370515,60641.70419074504,61231.57783714841,62774.07943013427,62980.10266727205,63070.131022731424,63056.19146665359,62951.45234431197,62525.94161794446
2024-07-15,59679.88175794808,58495.43080308698,58939.599911159894,59679.88175794808,60568.21997409392,62127.74706466104,63114.7895270453,63300.91753423776,63381.290991889044,64022.86859243882,64370.307539198075,64654.575768364746,59827.88398674674,59538.9731494613,59900.09292299048,60290.39195008665,60675.954732601065,61185.672196606014,62650.869964500394,62862.5598920241,62962.53110517388,62960.89325995886,62869.60451557284,62471.46263625296
2024-07-15,60864.332712809184,59442.991566975856,59087.65628051753,59561.43666246198,60272.10723537864,61575.00328572586,63154.27122554067,63199.39316667824,63292.45717027447,63838.62066612709,64251.862443711965,64634.83491911706,60938.333827208524,60375.576655530975,60377.57975514155,60610.09953510185,60887.15918415017,61293.56113048905,62612.025687285546,62817.35010178222,62917.95805944186,62921.23632116138,62837.415462694,62457.604309120106
2024-07-15,62048.7836676703,60864.33271280919,59531.82538859044,59679.88175794808,60173.40298914022,61259.1496977629,63272.71632102678,63097.868799118725,63262.845896402934,63654.37273981536,64180.7953864203,64654.57576836474,62085.78422486997,61328.12931119779,61012.16972567264,61087.03318736177,61248.09386697805,61536.02031699434,62652.10368310786,62840.45479737939,62933.337403982856,62934.801464699965,62852.937782696856,62483.03481172111
2024-07-15,63233.23462253142,62048.78366767031,60272.10723537864,60035.21704440642,60272.10723537864,61101.22290378142,63470.12481350363,63097.86879911871,63292.45717027447,63549.088210494374,64157.106367323075,64654.575768364746,63251.73490113125,62357.98139992936,61768.95102605485,61692.60634918554,61735.72336088797,61896.228474544114,62766.01219241654,62928.07872960235,63005.74463195426,62999.27468699441,62914.30044134744,62546.46598562529
2024-07-19,64417.68557739252,63233.23462253142,61308.501820882106,60627.44252183697,60568.21997409392,61101.22290378142,63628.05160748512,63165.551710825064,63381.290991889044,63496.445945833875,64109.72832912863,64654.57576836474,64426.93571669244,63439.36644403745,62620.77002743236,62403.43001883428,62330.55615648269,62359.4669817578,62948.987956277,63076.63749641631,63132.39789538382,63112.442593315835,63019.70577830359,62646.65190711053
2024-07-20,65602.13653225363,64417.68557739252,62641.00914510086,61456.558190239746,61061.74120528605,61259.14969776289,63785.9784014666,63300.917534237764,63440.513539632106,63496.44594583388,64062.350290934184,64654.57576836474,65606.76160190359,64555.106791729886,63546.507240695115,63200.36774033983,63016.0994381184,62912.85704492743,63196.57502278266,63282.74582923291,63310.65104620042,63272.18802348885,63167.42662970745,62782.38750241834
2024-07-21,66786.58748711474,65602.13653225363,63825.46009996197,62522.564049614746,61752.67092895502,61575.003285725856,63943.90519544808,63503.966269356795,63499.73608737516,63549.088210494374,64014.97225273974,64713.7983161078,66788.90002193971,65693.7506751452,64529.736396535285,64067.76241336456,63778.39774640416,63545.12971955848,63504.60492079512,63543.206529940864,63537.9870167266,63476.48586778049,63355.80356361737,62952.50720841042
2024-07-24,66786.58748711475,66075.91691419808,64565.74194675016,63470.12481350363,62344.896406385575,61811.89347669808,64101.83198942956,63673.17354862267,63470.12481350363,63575.40934282461,63896.52715725363,64694.05746686012,66195.51827709668,65663.21262751467,64768.04753780603,64346.73952588985,64058.97294422716,63802.255571145375,63639.929540889214,63657.59153006936,63638.67723699644,63568.905461892165,63443.8950526264,63039.380302504724
2024-07-28,67181.40447206843,66786.58748711474,65454.080162895996,64417.68557739252,63233.2346225314,62285.67385864253,64259.75878341104,63943.90519544808,63558.95863511822,63680.6938721456,63872.83813815641,64694.05746686011,67083.27835953626,66432.48789900173,65479.82329428822,65005.70296517821,64660.829174650025,64323.35342999918,63919.35592160448,63897.22746961973,63850.01192992272,63760.302547990985,63621.43008758591,63201.074014712656
2024-07-31,66391.77050216105,66786.58748711474,65898.24927096891,65009.91105482307,64022.86859243882,62680.49084359622,64299.24048190641,64079.27101886077,63618.18118286127,63759.65726913635,63825.46009996197,64634.83491911706,66342.70744589495,66155.70411008569,65507.0040138361,65114.14543191919,64805.64569120443,64483.201317780986,64027.9224126141,63991.94463976606,63935.48142271953,63840.38228644048,63699.104850156815,63279.797377222996
2024-08-02,65996.95351720734,66312.8071051703,66046.30564032655,65365.24634128141,64516.38982363095,63075.30782854993,64259.75878341104,64146.95393056713,63677.40373060433,63759.65726913635,63778.08206176752,64536.13067287863,65380.196511643735,65576.36459918796,65264.93325018197,64987.51636745979,64745.95951984876,64475.011850232426,64053.068423244964,64015.59691407864,63959.00357660607,63865.48242952634,63727.28448653117,63317.1051876511
2024-08-02,64417.68557739252,65365.24634128141,65898.24927096891,65483.691436767505,64812.50256234623,63470.12481350363,64141.31368792492,64146.95393056713,63736.62627834738,63707.01500447586,63730.704023573075,64457.16727588789,64306.71556708757,64795.32127363578,64813.44466625964,64668.55605020009,64513.23261256916,64319.789696769796,64000.175919973124,63972.132342326004,63923.6002129926,63837.99339443857,63707.90998205255,63314.35533301519
2024-08-02,63233.23462253142,64654.575768364746,65454.08016289599,65365.24634128141,64911.206808584655,63864.94179845733,63943.905195448075,64180.795386420294,63795.84882609044,63601.73047515487,63683.32598537863,64378.20387889715,63177.74961737894,63879.80873831396,64199.07555546201,64192.23379883105,64134.086621046255,64035.91394313236,63874.27964563101,63865.279638178465,63832.14574736695,63760.20166718498,63642.84620499201,63272.86117944284
2024-08-03,62048.7836676703,63233.23462253142,64713.7983161078,65009.91105482307,64812.50256234623,64022.86859243882,63667.53330598048,64113.11247471394,63855.071373833496,63522.76707816413,63635.94794718419,64299.24048190641,62021.041165094066,62874.6500631457,63458.02159042806,63587.1608740998,63631.047558240556,63639.466289341966,63680.08952093283,63698.56036454682,63687.3743798273,63634.29432133821,63533.884891531336,63193.8930318726
2024-08-04,60864.332712809184,62048.78366767031,63677.40373060433,64417.68557739252,64516.38982363094,64022.86859243882,63312.19801952215,63977.746651301255,63825.46009996197,63443.803681173384,63588.56990898974,64161.05453717261,60850.461461521074,61809.727294746495,62618.43496098807,62876.746489344936,63023.1758966571,63144.51822291773,63422.01160074027,63475.300441957996,63491.88693485726,63462.36334031559,63382.74751368813,63078.67954589657
2024-08-04,59679.88175794808,60864.33271280919,62789.065514458496,63588.569908989746,64022.86859243882,63864.94179845733,62996.34443155919,63774.697916182195,63736.62627834738,63364.84028418265,63470.12481350363,63983.38689394344,59672.94613230402,60704.96179752665,61702.211814787835,62080.14363729803,62326.59972841554,62563.38229543888,63104.16767831102,63198.64101757627,63248.15736745347,63246.40975173364,63191.08803477327,62928.40909331308
2024-08-05,58495.43080308698,59679.88175794808,61456.558190239746,62522.564049614746,63331.93886876983,63549.088210494374,62562.04574811012,63503.96626935681,63588.569908989746,63285.8768871919,63304.301679823075,63766.23755221892,58491.96299026495,59573.63448109305,60726.38248888518,61213.022948375816,61554.96590069404,61906.831989537255,62730.413624757144,62871.54873039013,62958.53895188096,62988.347582008144,62960.49555679111,62744.23108290701
2024-08-05,57310.97984822586,58495.43080308697,60272.107235378644,61575.003285725856,62443.600652624,63075.30782854993,62167.22876315642,63165.551710825064,63470.12481350363,63206.91349020116,63091.10050794808,63509.606511999,57309.24594181485,58424.59928518362,59704.192800991754,60288.20584746472,60719.821745720306,61184.2941025157,62304.356545312476,62496.82540611094,62625.27016853825,62690.00763901506,62692.49686402026,62527.257237925995
2024-08-05,56126.528893364746,57310.97984822587,59087.656280517534,60272.10723537863,61357.85394400132,62443.600652624,61772.41177820271,62759.454240586965,63262.84589640294,63127.95009321043,62901.5883551703,63272.71632102678,56125.66194015925,57263.7588362903,58645.94505377217,59316.18259128997,59830.93808307159,60404.017082014194,61829.37082874416,62077.117213466074,62250.48030365801,62353.141130287884,62388.55886684585,62278.56283167194
2024-08-08,56126.528893364746,56837.19946628142,58347.37443372933,59442.991566975856,60666.924220332345,61890.85687368882,61496.03988873512,62387.198226202054,63085.17825317377,63048.98669621968,62783.143259684184,63095.04867779762,56718.320894192555,57279.49917360215,58349.28611920634,58951.60027436922,59443.252200787625,60017.38742779066,61537.86173322685,61812.33180428605,62009.52906192931,62133.91672671419,62189.438120957624,62115.6912565475
2024-08-08,56916.16286327216,56837.19946628143,57903.20532565642,58850.76608954531,59877.290250424936,61338.11309475364,61298.631396258264,62116.46657937664,62907.510609944606,62970.02329922894,62712.07620239252,62956.86273306383,57606.875848639764,57684.80971676375,58381.76271562427,58868.66037049972,59297.43352421829,59827.1428497027,61341.57586676621,61628.059526441655,61838.10963466851,61975.721686552504,62044.575088842335,61996.99419116267
2024-08-08,58495.43080308698,57310.979848225856,57755.14895629878,58495.43080308698,59383.7690192328,60785.369315818454,61180.186300772155,61811.89347669807,62729.842966715434,62891.059902238194,62688.3871832953,62858.1584868254,58643.37880329392,58349.83373049187,58670.233613918455,59016.1551682176,59356.27171402287,59808.735213233376,61234.369795229555,61519.827428192,61732.830226047874,61875.902559219474,61951.842017016774,61921.023290885365
2024-08-08,59679.88175794808,58258.54061211475,57903.20532565642,58376.985707600856,59087.65628051753,60469.51572785548,61140.70460227678,61608.844741579036,62552.17532348627,62891.0599022382,62712.07620239252,62798.93593908234,59753.855758051555,59188.00005793098,59157.81119144974,59352.18744905244,59588.28109845154,59940.68490068036,61210.49643507341,61483.41105511517,61690.464493694715,61831.92126154844,61909.19459331096,61886.37769779649
2024-08-15,59679.88175794808,58969.21118503142,57903.20532565642,58140.095516628644,58692.83929556382,59837.808551929564,61061.741205286045,61371.95455060681,62285.67385864252,62785.775372917204,62712.07620239252,62719.9725420916,59124.64328056926,58957.14363964964,59010.615549591355,59196.413513422354,59420.150283780065,59760.02813848119,61035.33091042912,61317.412152224715,61534.60919171369,61686.856459003444,61775.321503463885,61775.19910995162
2024-08-21,60074.69874290179,59679.88175794808,58347.37443372933,58258.54061211475,58594.13504932539,59521.9549639666,61101.22290378142,61236.58872719411,62048.783667670294,62706.81197592648,62712.07620239252,62700.23169284392,59994.487996689226,59592.87333070283,59422.55269697311,59499.67154967451,59642.33219593839,59898.06621027219,61024.29876864719,61292.24107225719,61501.912778108555,61651.09455699424,61739.59645284116,61745.33463761977
2024-08-23,60469.51572785549,60390.55233086475,59087.656280517534,58613.87589857308,58692.839295563834,59364.02816998512,61219.66799926753,61168.905815487764,61900.72729831267,62627.84857893574,62712.07620239252,62660.74999434854,61021.63583217976,60411.51010969199,60006.15957935027,59963.146480219206,60012.555499281756,60166.90589244696,61090.39456858417,61334.27121644681,61528.589406867686,61668.385387893555,61751.721441660855,61755.28378624088
2024-08-23,62048.7836676703,61101.22290378142,60124.050866021,59206.101376003644,58988.9520342791,59364.028169985126,61417.076491744374,61168.905815487764,61723.059655083496,62548.88518194499,62712.07620239252,62621.26829585317,62127.435227355585,61352.08494730513,60723.28736672386,60557.7079606396,60508.04459516631,60550.196983707516,61228.64231400012,61439.76918345151,61611.74283202208,61736.42231113999,61809.81999778665,61803.741191156274
2024-08-27,62048.7836676703,61101.22290378142,60568.21997409391,59679.88175794808,59186.36052675595,59285.06477299438,61575.003285725856,61135.06435963458,61545.39201185433,62390.95838796352,62712.07620239252,62522.56404961474,61495.88397008239,61189.50086913982,60754.630776965045,60613.45791557953,60562.85815172675,60589.46394984523,61205.138468761994,61407.800490638045,61575.28380181654,61698.505372081425,61772.74206503433,61772.94091290297
2024-08-27,61259.14969776289,61338.113094753644,60716.27634345155,60153.662139892534,59383.7690192328,59206.10137600364,61614.484984221235,61101.22290378141,61367.72436862517,62180.38932932154,62641.00914510086,62443.60065262401,60587.882864015235,60686.29449874258,60515.79766162795,60443.71679601018,60427.015629606954,60475.76617585809,61106.734809999805,61311.8050054886,61482.8251655302,61610.73912798712,61690.66911179801,61704.31602198456
2024-09-01,59679.88175794808,60864.33271280919,60568.21997409392,60272.107235378644,59581.177511709655,59127.1379790129,61575.003285725856,61067.38144792824,61190.056725395996,61917.17800601907,62522.56404961474,62364.637255633264,59541.656833551104,59956.00660019071,60066.82724861884,60089.482979115055,60129.84873321926,60228.224254261695,60938.263583747364,61155.33977202184,61337.09861126457,61475.290939945706,61565.365648686,61599.10666966743
2024-09-05,58495.43080308698,59916.77194892031,60124.050866020996,60153.66213989252,59778.58600418651,59048.174582022155,61456.55819023974,61033.539992075064,61012.38908216683,61680.28781504684,62356.74091593419,62285.67385864251,58426.31834088848,59074.33101620243,59454.4167151982,59584.300591680665,59696.17659706643,59863.56870350722,60704.24527822985,60941.764220699835,61140.702574043025,61294.23393595496,61398.526989812046,61458.5123465183
2024-09-06,57310.97984822586,58495.43080308698,59827.93812730572,59798.326853434184,59679.88175794808,58969.21118503142,61259.14969776289,60999.6985362219,60834.72143893766,61364.43422708388,62143.53974405919,62206.71046165178,57276.42361712662,58091.730308589875,58714.8860881241,58955.6148283505,59147.00002726618,59396.438727239416,60408.90873727081,60674.251146959,60896.108735960996,61069.55110801278,61191.781966383416,61283.6932155421
2024-09-06,56126.528893364746,57310.97984822587,59087.65628051753,59206.101376003644,59383.76901923281,58890.24778804067,60982.7778082953,60965.85708036871,60657.053795708496,61074.90177145117,61882.96053398974,62127.74706466104,56109.250777815134,57041.8461852278,57876.484277097334,58225.88084837835,58500.08893668733,58839.64362864745,60056.20997606003,60355.797079822594,60605.66820925557,60803.13923107366,60946.695533873644,61075.7714016104
2024-09-10,56126.528893364746,56837.19946628142,58495.43080308697,59087.65628051752,59186.360526755954,59048.174582022155,60745.88761732308,60932.01562451554,60568.21997409392,60864.33271280919,61646.07034301752,62108.00621541335,56710.1153130205,57131.557406227155,57750.81662623701,58059.535211986986,58317.14907692402,58648.56065609475,59879.09835490944,60186.64056695611,60444.95170383939,60651.30621442596,60804.11844813743,60952.33561207347
2024-09-13,56916.16286327216,56837.19946628143,57903.20532565642,58850.766089545294,58988.9520342791,59127.1379790129,60508.997426350856,60898.174168662365,60538.608700222394,60706.40591882772,61409.1801520453,62068.52451691798,57602.77305805373,57586.1818718471,57916.286443314784,58138.788955823344,58344.57703479524,58629.419424468775,59789.82948059831,60092.68446896338,60349.85312331483,60557.572500888215,60713.581677728325,60871.78135547218
2024-09-13,58495.43080308698,57310.979848225856,57755.148956298784,58613.87589857308,59087.65628051753,59206.10137600363,60272.10723537864,60864.3327128092,60568.21997409392,60601.12138950673,61243.35701836475,62029.04281842262,58641.32740800091,58284.081833880766,58308.1965132333,58418.98764711875,58550.008530664905,58760.72721615369,59782.73607913701,60069.75098501809,60317.171593296924,60519.41203380337,60673.044425965796,60832.70267987656
2024-09-18,59679.88175794808,58258.54061211475,57903.205325656425,58376.985707600856,59087.65628051753,59285.064772994374,60035.21704440642,60830.49125695601,60657.053795708496,60548.47912484623,61053.84486558697,61989.561119927246,59752.830060405046,59144.16546019024,58876.22677980573,58863.595840880655,58906.05840484096,59023.677903235635,59852.51650711586,60113.89441433981,60343.862379614606,60534.40858506467,60680.545927411775,60833.73973014349
2024-09-19,60864.332712809184,59679.88175794808,58347.37443372934,58495.43080308697,59087.65628051752,59364.028169985126,59916.7719489203,60796.64980110284,60805.11016506613,60548.479124846235,60935.399770100856,62009.30196917493,60900.80686403767,60112.37152935026,59581.239421553415,59442.72090029695,59389.5545991224,59401.81612378998,59994.21116263551,60221.38826174706,60427.02927171493,60600.250979961354,60734.20230939056,60873.57723654651
2024-09-21,62048.7836676703,60864.33271280919,59087.65628051753,58850.76608954531,59087.65628051753,59679.88175794809,59758.84515493883,60762.808345249665,60923.555260552246,60601.12138950672,60864.33271280919,62009.30196917493,62067.02074328454,61152.6592270773,60392.79391065964,60131.90521343048,59980.889987339164,59880.74343613266,60203.18041811267,60388.71305956841,60563.91733760847,60714.72852963961,60832.203576586355,60950.94305295865
2024-09-26,63233.23462253142,62048.78366767031,60124.050866020996,59442.991566975856,59383.76901923281,59916.77194892031,59719.36345644345,60728.9668893965,61042.000356038356,60706.4059188277,60840.64369371197,62009.30196917492,63242.353160338535,62241.001343849035,61287.21428104473,60911.13800687812,60663.47392427045,60447.86120379015,60475.08397677589,60612.54486611419,60751.906032232175,60875.726662152345,60972.81071389191,61064.6067429639
2024-09-27,64417.68557739252,63233.23462253142,61456.558190239746,60272.10723537863,59877.290250424936,60153.662139892534,59758.84515493883,60695.12543354331,61160.44545152447,60864.33271280919,60864.33271280919,62009.30196917493,64422.24484629608,63361.3797399839,62246.08589242449,61764.04682967367,61423.268171652475,61092.14561984809,60805.86156100026,60889.74440312194,60988.50264198942,61081.22274346323,61154.35290287088,61213.37821232548
2024-10-01,64417.68557739252,63707.015004475856,62196.84003702794,60982.777808295294,60272.107235378644,60153.66213989253,59758.84515493883,60559.759610130626,61190.056725395996,60995.93837446043,60864.33271280919,61950.079421431874,63827.73973441374,63318.66470083307,62465.4522768927,62031.171882920535,61701.724548710765,61359.78174518351,60962.466274647435,61019.938304200245,61098.00176299151,61174.78847733668,61235.87767620108,61279.603013030486
2024-10-01,63628.05160748511,63707.015004475856,62641.00914510086,61693.44838121197,60666.92422033233,60232.625536883264,59758.84515493883,60458.2352425711,61160.44545152447,61127.54403611166,60864.33271280919,61851.37517519345,62938.26170104202,62895.37102311215,62372.859252621056,62034.374025602316,61755.11825931992,61445.90698549435,61032.551267745686,61077.096379948576,61144.381368097806,61212.78826822112,61267.75634253704,61304.822051023955
2024-10-01,62048.7836676703,63233.23462253142,62789.0655144585,62048.78366767031,61061.74120528604,60311.58893387401,59758.84515493883,60255.186507452054,61071.61162990988,61180.18630077216,60864.33271280919,61713.189230459655,61901.29720692561,62218.35825301117,62037.631132662864,61821.63924145811,61618.0743290875,61373.21020140871,61021.698457749786,61065.27617621861,61130.72045808372,61197.63802668133,61251.935808036076,61290.379777564296
2024-10-14,62048.7836676703,62996.34443155919,63085.17825317378,62522.564049614746,61752.67092895503,60627.442521836965,59877.29025042494,60187.50359574569,61012.38908216683,61259.14969776289,60935.39977010086,61594.744134973545,62567.26591472851,62556.65037618458,62303.3207970781,62078.292947107795,61866.560528078866,61605.71325404904,61164.37821031635,61185.718312124875,61233.28212464217,61286.142226501666,61329.63380076999,61354.079936738046
2024-10-14,62838.41763757771,62759.45424058697,63381.29099188905,62996.34443155919,62344.896406385575,61101.22290378142,60074.69874290178,60187.50359574569,60953.166534423784,61338.11309475364,61053.84486558697,61535.52158723048,63492.47574606052,63176.995443253894,62773.17963714798,62503.63706170502,62259.04130489635,61957.20979446698,61374.269008192234,61365.27204908419,61388.618878434936,61422.296285237186,61450.73387045436,61454.52602380854
2024-10-14,64417.68557739252,63233.23462253142,63677.40373060433,63470.12481350363,62937.12188381614,61732.93007970734,60351.07063236938,60255.186507452054,60893.94398668072,61417.076491744374,61219.66799926752,61456.558190239746,64547.30613915707,63985.37580625381,63401.83672494924,63067.00060180477,62773.3636475667,62412.825636690315,61647.03465490587,61600.653409260274,61594.15632496274,61604.02846989151,61613.533974855294,61590.51325423743
2024-10-15,65602.13653225363,64180.795386420294,63973.516469319606,63943.90519544808,63529.347361246684,62522.564049614746,60706.40591882771,60390.55233086475,60923.555260552246,61496.039888735126,61432.86917114252,61436.817340992064,65666.9468131359,64919.11303320745,64154.00356098602,63743.28912640659,63390.78269980487,62959.545867993365,61978.61870859676,61888.76085802997,61847.445649945854,61829.35712281597,61816.39881849325,61760.87634462006
2024-10-18,66786.58748711474,65602.13653225363,64269.62920803488,64417.68557739252,64121.57283867724,63233.23462253142,61140.70460227678,60593.6010659838,60923.555260552246,61575.00328572586,61622.3813239203,61456.55819023974,66818.99262755588,65936.42150279692,65002.23353453932,64511.97082014645,64095.43742936963,63585.98243974117,62365.22643333089,62226.66516824919,62146.15749345959,62096.38674539008,62057.75723512321,61964.48821756629
2024-10-28,67971.03844197585,66786.58748711474,65009.911054823075,64891.46595933697,64713.7983161078,63943.90519544808,61535.52158723049,60864.332712809184,61012.38908216683,61653.96668271661,61811.893476698075,61515.7807379828,67987.24101219642,67009.4441341436,65925.17928171658,65356.24692499928,64873.90696282614,64282.17080937815,62803.30791484741,62611.599847615165,62488.07612289274,62403.30425197686,62336.09967286273,62200.25874904415
2024-10-29,69155.48939683696,67971.03844197586,66046.30564032655,65365.24634128141,65306.023793538356,64654.575768364746,61930.33857218419,61202.74727134094,61160.44545152447,61732.93007970734,62001.405629475856,61614.48498422122,69163.59068194724,68119.60953999509,66906.23729726803,66262.37300258088,65714.83517649875,65039.39200216814,63289.54226561197,63040.95209784199,62871.09389015164,62748.375386749634,62649.97577794246,62467.133556794266
2024-10-29,70339.94035169807,69155.48939683696,67378.8129645453,66194.36200968418,65898.24927096891,65365.24634128141,62325.15555713789,61608.844741579036,61367.72436862517,61811.89347669808,62190.917782253644,61752.67092895503,70343.99099425321,69254.53679551645,67932.49374377717,67219.10360330419,66608.61304266189,65850.01691521703,63820.82284889889,63512.25427610405,63293.2059592448,63129.94129630899,62997.99207321148,62764.0928284684
2024-10-29,71524.39130655918,70339.94035169808,68563.2639194064,67260.36786905918,66490.47474839946,66075.91691419807,62719.9725420916,62082.62512352348,61634.22583346891,61969.82027067956,62380.42993503141,61930.33857218419,71526.41662783675,70405.97195081774,68993.90452547565,68217.23790477983,67547.10984554779,66707.37008349244,64394.243456158336,64023.17583084385,63752.505291058354,63546.415251316364,63378.80972768169,63090.15018818964
2024-10-31,71524.39130655919,70813.7207336425,69303.5457661946,68207.92863294807,67082.70022583,66549.69729614252,63114.7895270453,62522.56404961474,61871.11602444113,62022.46253534005,62498.87503051752,62088.26536616567,70933.17848976741,70383.96141777786,69293.02359796953,68603.18380421952,67976.77607726322,67161.44136701814,64777.83680425768,64374.10719311353,64073.8435866994,63841.785907856414,63651.795242370106,63327.84822722857
2024-11-03,70734.75733665178,70813.7207336425,69747.71487426752,68800.15411037863,67674.92570326057,66865.55088410548,63391.16141651289,62860.9786081465,62108.006215413356,62101.42593233079,62569.94208780919,62246.19216014715,70044.33394330219,69974.47074413089,69262.46044216231,68703.60300287724,68158.11658796687,67410.69737074549,65060.26600377892,64639.73953776484,64321.72874816959,64072.81649433511,63867.62638569857,63518.91843020364
2024-11-04,69155.48939683696,70339.94035169805,69895.77124362515,69155.48939683696,68267.15118069113,67023.47767808697,63588.56990898974,63131.710254971884,62344.89640638557,62180.38932932154,62593.63110690641,62404.11895412863,69007.68619263903,69306.65997674588,68975.47777545422,68570.4094463497,68129.33533473748,67480.74000464928,65248.05777398517,64824.8116991099,64499.74385518457,64242.304405102994,64028.54450556407,63664.889578642535
2024-11-06,69155.48939683696,70103.05016072585,70191.88398234043,69629.26977878141,68859.37665812168,67497.25806003141,63825.460099961965,63436.283357650456,62670.62041897238,62338.31612330302,62641.009145100856,62621.26829585317,69673.81327216854,69651.0867683966,69278.69168128619,68892.14233823124,68469.42841426987,67838.14004803039,65576.566327386,65131.207735364806,64784.63148916089,64507.41901147804,64276.050225037274,63883.743703091655
2024-11-06,69945.12336674436,69866.15996975363,70487.99672105571,70103.05016072583,69451.60213555224,68128.96523595734,64180.7953864203,63740.85646032903,63055.566979302246,62548.88518194499,62759.454240586965,62877.899336073075,70599.10228936386,70275.5216144508,69777.73604245797,69370.73305974541,68939.4227053913,68298.92145534648,65960.29697120363,65486.384600431156,65113.40026074136,64812.504763439574,64560.2988949196,64134.25674009283
2024-11-06,71524.39130655918,70339.94035169807,70784.10945977099,70576.83054267029,70043.82761298279,68918.59920586474,64615.09406986937,64146.95393056713,63499.73608737516,62812.09650524746,62854.21031697586,63114.7895270453,71653.97227539207,71086.62849677396,70429.09298000515,69977.66200550448,69519.33340631884,68850.16155610571,66395.68698992729,65887.63224826388,65483.90962662821,65155.823785092514,64879.84961519476,64415.390692503905
2024-11-06,72708.84226142029,71287.50111558696,71080.22219848627,71050.61092461474,70636.05309041335,69629.26977878141,65128.35615030919,64519.20994495204,63914.29392157656,63127.95009321043,63020.0334506564,63351.67971801753,72773.63274583673,72022.18340327645,71198.91525473322,70689.59495291847,70192.25030015923,69480.55301362768,66879.40352065982,66332.39119093152,65894.12346026988,65535.71376036328,65233.31799172946,64726.14159587663
2024-11-06,73893.2932162814,72708.8422614203,71376.33493720154,71524.39130655918,71228.2785678439,70339.94035169807,65720.58162773974,64891.46595933696,64328.851755777934,63496.44594583388,63233.23462253141,63588.56990898974,73925.68845848962,73040.70365923179,72060.87723615751,71487.44026532285,70943.86474184896,70180.20190831703,67408.32872391675,66818.24413427658,66342.1049583613,65950.58464779022,65619.37392035646,65065.53840263061
2024-11-08,75077.7441711425,73893.2932162814,72116.61678398974,71998.17168850361,71820.50404527446,71050.61092461474,66391.77050216103,65263.721973721884,64743.40958997933,63917.58406311783,63493.813832600856,63825.460099961965,75093.94179224662,74114.53414815573,72994.50343390109,72355.57751271935,71762.06941633429,70940.45106052785,67979.54591114816,67342.9080782614,66826.01179580734,66398.91553814914,66036.73945785625,65432.64190281167
2024-11-10,76262.19512600361,75077.7441711425,73153.01136949321,72471.95207044805,72412.729522705,71761.2814975314,67141.92277357307,65737.50235566634,65157.96742418072,64391.364445062274,63801.77108086474,64062.350290934184,76270.29393655568,75225.2381257254,73983.86846655968,73281.22634329123,72636.6196724159,71753.72543806996,68590.3265672589,67904.22685618383,67344.09151702974,66879.25164870387,66484.18677642975,65826.54368023523
2024-11-10,77446.64608086472,76262.19512600361,74485.51869371196,73301.06773885083,73004.95500013557,72471.95207044807,67852.59334648974,66278.96564931712,65661.35907999668,64917.78709166722,64157.106367323075,64299.24048190641,77450.69548614076,76360.52442905887,75016.58592637439,74253.93010555208,73558.84695907896,72613.39688777694,69238.1182103858,68500.16408838061,67894.67715208816,67390.20144814151,66960.5361983876,66246.36510285443
2024-11-10,78631.09703572583,77446.64608086472,75669.96964857307,74367.07359822583,73597.18047756613,73182.62264336474,68563.2639194064,66888.11185467427,66135.13946194113,65417.888605941895,64559.819691975856,64536.13067287863,78633.12173836384,77512.19894956822,76083.02194064387,75265.1333573766,74521.41634854174,73513.66577562818,69920.53303491492,69128.79652739207,68476.18304664915,67930.43390651062,67464.65430791072,66691.25634623102
2024-11-11,79815.54799058694,78631.09703572583,76854.42060343418,75669.96964857305,74485.51869371196,73893.2932162814,69273.93449232307,67564.94097173776,66608.91984388557,65917.9901202166,65009.911054823075,64773.02086385085,79816.56034190595,78674.79894819483,77175.68349726703,76307.8361915714,75518.12136345041,74449.45742185567,70635.33728720738,69788.30777283963,69087.10089537113,68498.67586472722,67995.45213685915,67160.39544902359
2024-11-11,80999.99894544805,79815.54799058694,78038.87155829527,76854.42060343418,75571.26540233464,74603.96378919807,69984.60506523974,68309.4530005076,67082.70022583002,66418.09163449128,65507.38045586474,65009.91105482308,81000.50512110756,79844.6825988996,78288.74269794307,77376.3114113419,76543.71036912098,75416.33148166235,71380.44132676235,70476.98233547683,69725.99596878281,69093.70951845011,68551.8834217259,67652.98739944331
2024-11-11,82184.44990030916,80999.99894544805,79223.3225131564,78038.87155829527,76854.42060343418,75314.63436211474,70695.2756381564,69121.64794098378,67645.31442938904,66918.19314876597,66052.22789510085,65306.02379353835,82184.70298813892,81019.42201765648,79417.66673288247,78465.8731284016,77593.73967466703,76410.40265335084,72153.89032859511,71193.20003101537,70391.50352421643,69714.37001135293,69132.94292894546,68168.26325166208
2024-11-11,83368.90085517027,82184.44990030918,80407.7734680175,79223.32251315638,78038.87155829529,76262.19512600361,71405.94621107307,69900.0014256068,68267.15118069111,67497.25806003141,66644.4533725314,65582.39568300595,83369.02739908514,82197.39861511478,80558.93008336001,79572.68743415247,78664.44923395386,77428.2712979359,72953.85558546196,71935.43068540514,71082.32539181723,70359.54313303654,69737.66484587644,68705.47927119075
2024-11-11,84553.35181003138,83368.90085517027,81592.2244228786,80407.77346801749,79223.32251315638,77367.68268387398,72116.61678398974,70678.35491022981,68948.21047973627,68050.00183896658,67212.98983086474,65917.9901202166,84553.41508198882,83377.53333170735,81709.79067925613,80693.61749428703,79752.65746948287,78466.96273130547,73778.62637123169,72702.22913426555,71797.22672708926,71028.16311703219,70365.12123488304,69263.91610827792
2024-11-11,85737.80276489249,84553.35181003138,82776.67537773971,81592.22442287861,80407.77346801749,78631.09703572583,72827.2873569064,71456.70839485283,69688.49232652446,68602.74561790178,67781.52628919807,66293.0662559226,85737.83440087122,84559.10679438943,82868.11579936669,81826.09680800822,80855.67227721683,79523.87410486148,74626.60232920085,73492.23050012601,72535.03292185345,71719.2105345437,71014.42054804065,69842.87799841027
2024-11-11,86922.2537197536,85737.80276489249,83961.12633260082,82776.67537773972,81592.2244228786,79815.54799058694,73656.40302530916,72235.06187947583,70487.99672105571,69155.48939683694,68350.0627475314,66707.624090124,86922.26953774296,85741.63942113119,84032.24666053291,82968.02551102759,81971.21572297034,80596.72792608062,75496.2863514856,74304.14573204204,73294.62666589067,72431.71027976603,71684.70620008839,70441.69198902599
2024-11-13,88106.70467461471,86922.2537197536,85145.57728746193,83961.12633260083,82776.67537773971,80999.99894544805,74564.4820907027,73013.41536409887,71346.72366333002,69787.19657276288,68918.59920586474,67161.66362282076,88106.71258360939,86924.81149057939,85200.89309807579,84117.68553256363,83097.3603239712,81683.53138900502,76386.27791780754,75136.75739301059,74074.94515191928,73164.72964279873,72375.15519734423,71059.70719158198
2024-11-13,89291.15562947582,88106.70467461471,86330.02824232305,85145.57728746193,83961.12633260082,82184.44990030916,75551.52455308694,73791.76884872187,72175.83933173279,70471.5460133493,69558.20272148974,67655.18485401288,89291.15958397316,88108.40985516524,86373.05165057827,85273.67117834059,84232.47513325824,82782.54078842152,77295.26686403523,75988.9156814176,74874.97741691534,73917.37646634567,73084.9768203882,71696.29405814342
2024-11-14,89291.15562947582,88580.48505655916,87070.31008911124,85974.69295586471,84849.46454874666,83132.01066419805,76380.64022148974,74468.59796578536,72916.12117852099,71129.57432160547,70103.05016072585,68128.96523595734,88698.93212929394,88107.8414616484,86758.30787814193,85788.76817766317,84828.51044731308,83448.06127419567,77992.77898084682,76662.12618103965,75520.42752704707,74534.30377975009,73674.06418724028,72234.34030886539
2024-11-15,89685.97261442953,89291.15562947582,87958.64830525707,86922.2537197536,85836.50701113092,84158.53482507769,77249.23758838788,75179.26853870203,73686.0142991807,71866.56602685238,70671.58661905918,68661.96816564484,89587.26935681544,88897.09650254458,87584.37425729638,86640.9206152402,85697.29446839368,84326.50443796333,78798.12269720102,77429.54175900061,76249.94845667102,75227.40390169015,74332.94820283382,72832.41461405605
2024-11-19,90080.78959938324,90001.82620239249,88846.9865214029,87869.81448364249,86823.54947351517,85185.05898595731,78117.83495528602,75991.46347917822,74455.90741984043,72656.19999675978,71240.12307739252,69234.4527938277,90623.66344800673,89818.0835147624,88490.08165327452,87553.49096505072,86614.64263313281,85243.19857561769,79627.92494507179,78220.12596901158,77001.66109484313,75941.86710332242,75012.44268663375,73449.71438316851
2024-11-20,91660.05753919804,90712.49677530916,89735.32473754874,88817.37524753137,87810.59193589941,86211.58314683693,78986.43232218416,76871.34133136076,75225.80054050015,73498.47623132769,71879.72659301752,69846.41912050595,91734.08597103294,90826.89184119465,89457.73206233779,88515.49415214316,87573.08353481379,86193.36231542287,80480.60775468388,79032.59166484755,77774.48291919519,76676.76455509505,75711.73938498486,74085.60927312124
2024-11-20,92844.50849405915,91423.1673482258,90623.66295369457,89764.93601142026,88797.63439828368,87238.10730771656,79855.02968908232,77818.90209524964,75995.69366115986,74314.43133356536,72566.70814683696,70497.86714567956,92881.52270997659,91894.24771043652,90473.56037046724,89517.94238792082,88566.2952139071,87172.81195711004,81354.69496076365,79865.72320840716,78567.38421332817,77431.20781134977,76430.06174045373,74739.48960781927
2024-11-21,94028.95944892026,92844.50849405915,91512.0011698404,90712.49677530915,89784.67686066794,88264.63146859618,80723.62705598045,78732.62140328536,76765.58678181958,75130.386435803,73301.06773885085,71129.57432160547,94047.46655687898,93000.6352748848,91526.86037787038,90553.4820271682,89588.92832004161,88177.88676294396,82248.80563450672,80718.37249703906,79379.3854909113,78204.34705450038,77166.66364883965,75410.76570054791
2024-11-21,95213.41040378138,94028.95944892026,92400.33938598624,91660.05753919804,90771.71932305221,89291.15562947583,81592.2244228786,79646.34071132107,77535.4799024793,75946.34153804065,74082.80536905918,71761.2814975314,95222.66395776073,94133.0439694707,92609.3050402642,91616.0964510726,90636.45647982637,89205.38358740628,83161.64793928967,81589.4552115726,80209.55504543483,78995.36941555142,77920.82826493014,76098.86719858335
2024-11-21,96397.86135864246,95213.41040378137,93288.67760213207,92607.61830308693,91758.76178543647,90317.67979035545,82460.82178977675,80560.06001935678,78394.20684475361,76762.2966402783,74911.92103746196,72392.98867345732,96402.48813563216,95282.80008414834,93714.41776765074,92700.8629715146,91705.04968500749,90252.49967816845,84092.01338278735,82477.94727279099,81057.006619487,79803.49736763765,78691.86685508973,76803.2424492912
2024-11-22,97582.31231350359,96397.86135864249,94621.1849263508,93555.1790669758,92745.80424782074,91344.20395123509,83329.4191566749,81473.7793273925,79312.15633477097,77578.25174251595,75788.41474405918,73024.69584938325,97584.62570199842,96444.12114555379,94837.16121225385,93803.75393457824,92791.46715937012,91316.78262694298,85038.77143992137,83382.88149476731,81920.89718772499,80627.98718940972,79479.11769484507,77523.35788700885
2024-11-25,97582.31231350359,96871.64174058693,95361.466773139,94147.40454440637,93436.73397148971,92133.83792114249,84198.01652357305,82285.97426786869,80200.4945509168,78315.24344776287,76570.1523742675,73656.40302530916,96991.24353032044,96428.70121658336,95183.98346700688,94275.40982986265,93346.29703618126,91951.91746840542,85771.6159508066,84105.93593164926,82627.09056191612,81313.63389242088,80142.59783853886,78142.19406726008
2024-11-25,96792.67834359617,96871.64174058691,95805.63588121193,94858.07511732304,93930.25520268183,92765.54509706842,85066.6138904712,83030.48629663853,80999.99894544805,78999.59288834929,77304.51196628138,74228.88765349206,96102.3269670509,96023.60427898269,95190.52278629011,94445.95538875695,93633.54524658129,92359.6040853274,86380.7639800308,84723.01784676772,83241.05738347054,81917.97200161134,80733.61009601258,78701.90607904011
2024-11-25,95213.41040378135,96397.86135864248,95953.69225056955,95213.41040378137,94226.36794139711,93239.32547901286,85935.21125736933,83707.31541370203,81740.28079223624,79631.30006427522,77991.49352010083,74761.89058317956,95065.64320798559,95358.72266896187,94932.39760020793,94370.13794515027,93694.37820078728,92568.27350577651,86874.1959457656,85240.01460244285,83767.29650861445,82444.53667323421,81254.99634515741,79204.43241968448
2024-11-26,94028.95944892026,95450.30059475359,95805.63588121193,95331.85549926748,94621.18492635082,93555.17906697582,86685.36352878137,84316.46161905916,82421.34009128138,80289.32837253138,78631.09703572583,75255.41181437166,93955.07585102237,94520.65127732763,94468.42224328598,94092.75077222461,93563.6290151368,92602.80287931183,87259.37740049421,85662.48648531042,84210.08733717275,82896.70936109676,81709.48701767274,79651.64802923841
2024-11-27,94028.95944892026,94739.63002183693,95805.63588121193,95568.74569023971,95016.0019113045,93949.99605192951,87474.99749868878,84959.44928026947,83132.01066419805,81026.3200777783,79294.38957044805,75827.89644255453,94584.24312740186,94751.57098614554,94633.97516784053,94296.50706887129,93817.44153646674,92929.12881987052,87772.54082006113,86193.09336966992,84746.83480383661,83432.21810208373,82239.0526406679,80161.86974705232
2024-11-29,94818.59341882767,94739.63002183693,95805.63588121191,95805.63588121193,95410.81889625824,94344.81303688322,88264.6314685962,85703.96130903931,83842.68123711471,81815.95404768571,79957.68210517027,76439.86276923279,95491.05224302216,95300.33444364452,95025.94987690763,94678.57148519332,94214.42920141686,93362.720387217,88329.01311287284,86760.02492461284,85315.17756260766,83995.9417219348,82794.30004138337,80694.19734149634
2024-12-04,96397.86135864246,95213.41040378137,95805.63588121193,96042.52607218415,95805.63588121194,94976.52021280913,89054.2654385036,86516.1562495155,84553.35181003137,82579.26688526287,80620.97463989249,77091.3107944064,96536.68227826287,96060.99373359753,95594.03041837341,95206.5243630679,94732.56506481483,93890.16937800283,88926.00015807482,87361.26311288454,85913.57437972455,84586.65348678631,83374.22209128106,81247.9060297283
2024-12-04,97582.31231350359,96160.97116767026,95805.63588121193,96279.41626315637,96200.45286616562,95529.26399174433,89843.899408411,87396.03410169804,85264.02238294805,83342.57972284003,81284.26717461471,77782.24051807537,97651.72277331378,96962.91691185324,96299.08216281593,95853.84052766733,95353.21094228404,94499.74361429807,89560.88810067417,87994.90201041121,86540.55920356067,85203.17999902953,83977.85115705966,81822.29479227804
2024-12-08,98766.7632683647,97582.31231350359,96249.80498928484,96516.30645412859,96595.26985111933,96082.00777067951,90633.5333783184,88242.07049802742,85974.69295586471,84105.89256041718,82018.6267666286,78512.65194023972,98801.4684982698,97959.01601564411,97110.66706512924,96598.81756322342,96060.59606242893,95181.17744041405,90231.23172148396,88659.14157778981,87194.73749720289,85844.3988783431,84604.25755182187,82416.68559392051
2024-12-08,99951.21422322579,98766.76326836471,96990.08683607302,96753.1966451008,96990.08683607302,96634.7515496147,91423.16734822582,89088.10689435678,86685.36352878138,84869.20539799434,82800.36439683694,79282.54506089944,99968.56683817835,99017.89906979172,98005.11109023094,97423.69894774407,96841.37592637632,95925.48840762315,90934.74355739383,89352.2817778063,87874.78274992896,86509.23654355003,85252.54804698005,83030.42263009393
2024-12-09,99951.21422322579,99240.54365030913,97582.31231350359,96990.08683607304,97088.79108231147,96950.60513757766,92094.35622264711,89832.61892312662,87396.03410169805,85553.55483858076,83558.41300794805,79973.47478456843,99367.66505327151,98934.18713598272,98174.36712981624,97667.89246058417,97137.58936360531,96280.64776521585,91440.03515165001,89875.30852728177,88406.09887277949,87042.17248810771,85782.51727135635,83546.36822530114
2024-12-09,99161.5802533184,99240.54365030913,98174.53779093413,97226.97702704526,96990.08683607304,97108.53193155913,92686.58170007767,90509.44804019011,88106.70467461471,86185.26201450669,84245.39456176749,80624.92280974203,98474.98868338755,98483.56219515635,98042.79939285788,97652.33243384225,97206.00827897429,96443.35583375182,91836.31109757604,90303.47540429409,88853.7190406197,87500.4394370384,86245.25433183965,84006.56311387873
2024-12-11,98766.7632683647,99477.43384128137,98766.7632683647,97819.2025044758,97286.19957478829,97345.42212253137,93318.2888760036,91220.11861310677,88906.20906914596,86843.29032276286,84956.06513468416,81296.11168416333,99213.10145330668,98972.77953784617,98466.89157738409,98070.3109410029,97628.347655013,96881.83813243607,92359.85323471474,90839.46089423474,89395.06026903953,88041.77747122094,86782.742955039,84529.33856057005
2024-12-11,99556.39723827208,99714.32403225359,99358.98874579526,98648.31817287859,97779.72080598044,97582.31231350359,93949.99605192951,91930.78918602344,89676.10218980568,87501.31863101904,85666.73570760082,81967.30055858461,100174.38331569679,99693.74141792643,99059.95237754028,98627.64807501818,98167.93496625514,97413.56651314243,92926.03465041617,91411.47224333764,89967.77270362721,88611.07693673733,87345.60265006828,85073.80828622132
2024-12-15,101135.66517808691,99951.2142232258,99951.2142232258,99358.98874579526,98470.65052964941,97819.2025044758,94581.70322785544,92641.4597589401,90445.9953104654,88159.3469392752,86377.40628051749,82638.48943300593,101247.2497243224,100569.19965626695,99784.43321207534,99299.00590373269,98806.73206882326,98026.88521561814,93532.10442348276,92017.50801498268,90570.32604164288,89207.12211918176,87932.83847293412,85639.2610029964
2024-12-15,102320.11613294802,100898.7749871147,100543.43970065637,100069.65931871191,99358.98874579526,98292.98288642026,95213.41040378137,93352.13033185677,91215.88843112512,88896.33864452211,87088.07685343416,83309.67830742722,102375.90840606578,101547.65546678101,100611.12962890508,100063.6533917466,99529.475917898,98711.595449642,94175.4891115038,92655.67796347303,91201.26462926077,89828.75016129648,88543.49449705468,86225.00874397196
2024-12-16,103504.56708780913,102320.11613294802,101135.66517808691,100780.32989162857,100148.62271570264,98924.69006234617,95845.11757970728,94062.80090477342,91985.78155178484,89685.97261442951,87798.74742635082,83980.86718184852,103532.46322436801,102594.77632541076,101517.32705418624,100904.62878282362,100323.25162940142,99458.77327377052,94853.78130061133,93324.19685676177,91859.2038201588,90474.84876483495,89176.65228316502,86830.38609851737
2024-12-16,104689.01804267026,103504.56708780913,101727.89065551748,101491.00046454524,100938.25668561005,99714.32403225359,96476.82475563322,94773.4714776901,92755.67467244457,90528.24884899742,88509.41799926749,84652.05605626982,104702.96611094968,103687.67388278428,102485.35859715183,101808.05427640685,101177.13122449834,100260.61023924062,95564.728893961,94021.37864236008,92542.82651173796,91144.35399234397,89831.42940922634,87454.74947274406
2024-12-18,104689.01804267023,103978.34746975357,102320.11613294802,101846.33575100359,101431.7779168022,100424.99460517024,96990.08683607304,95382.61768304724,93436.73397148971,91265.24055424433,89149.02151489249,85323.2449306911,104103.7665993794,103626.63828445923,102711.84937285348,102116.51115120728,101535.19828039232,100666.10484531168,96076.97651937055,94548.22244488503,93077.54556422925,91681.7545617124,90367.6308868239,87980.97300150509
2024-12-18,103899.38407276284,103978.34746975357,102912.34161037859,101964.78084648968,101727.89065551746,100898.77498711468,97424.3855195221,95924.08097669804,94058.57072279179,91949.58999483075,89741.24699232304,85994.4338051124,103211.94136616372,103191.13090062216,102624.79754176339,102153.53023879652,101655.9548730932,100872.85625626623,96479.75972024651,94979.99431644409,93528.40266514238,92144.29202133164,90836.35579844171,88451.10884222439
2024-12-18,102320.11613294802,103504.56708780913,103060.39797973621,102201.67103746191,101826.5949017559,101214.62857507766,97779.72080598044,96397.86135864248,94621.1849263508,92581.29717075669,90357.16148885082,86665.6226795337,102173.80327212531,102505.97565977708,102293.87923872418,101968.46386412205,101575.9103046307,100905.70737149382,96780.14071752653,95321.9760309798,93899.48864138358,92535.2212890169,91240.25028392223,88866.99593549794
2024-12-19,101135.66517808691,102557.00632392024,102912.34161037859,102438.56122843413,101727.89065551748,101372.55536905913,98174.53779093413,96803.95882888057,95124.57658216679,93160.36208202211,90973.0759853786,87277.58900621193,101062.50874767556,101654.38851425999,101773.2870130579,101601.69120214092,101325.95706133764,100786.39572796032,96984.726104991,95579.15593054902,94194.6947673271,92857.65576441748,91581.85671291796,89230.41292878703
2024-12-19,99951.21422322579,101135.66517808693,102468.17250230566,102320.11613294801,101727.89065551746,101372.55536905913,98450.90968040173,97142.37338741231,95568.7456902397,93686.78472862706,91588.99048190637,87850.07363439481,99914.63600802013,100691.84676562822,101105.1706253483,101086.24975963615,100932.2349393418,100533.94167051087,97099.69624456349,95756.24522709433,94417.72249908504,93114.57348198054,91863.61775431073,89543.08015324255
2024-12-19,98766.7632683647,99951.2142232258,101727.89065551748,101964.78084648968,101727.89065551746,101214.62857507766,98648.31817287859,97413.10503423771,95953.69225056955,94160.5651105715,92133.83792114249,88383.07656408231,98748.47416076186,99655.33528158667,100322.31322271615,100449.17022397569,100416.86222767438,100164.98800088496,97130.83276514027,95857.69339856152,94572.09273393473,93308.82299639468,92087.88028604587,89806.66153571504
2024-12-22,97582.31231350359,98766.7632683647,100691.49607001399,101372.55536905913,101431.77791680221,100898.77498711468,98766.76326836468,97616.15376935677,96279.41626315637,94581.70322785545,92631.30732218415,88876.59779527443,97573.16775970216,98569.51064060528,99450.21280847756,99712.56861209692,99798.55440166948,99694.09717060464,97083.5442873017,95887.70272967714,94661.15461806682,93443.12901214465,92256.89915163939,90022.76644807607
2024-12-22,96397.86135864246,97582.31231350359,99358.98874579524,100543.43970065637,100938.25668561006,100661.88479614248,98806.24496686007,97751.51959276946,96545.91772800012,94950.1990804789,93081.39868503138,89330.63732797118,96393.28908174176,97450.81056166398,98508.70116298953,98894.53984694864,99093.1476327636,99134.01132475173,96962.8904883649,95850.24204490516,94688.09392468704,93520.09776830282,92372.84076937144,90192.9514959061
2024-12-24,96397.86135864246,97108.53193155913,98618.70689900705,99832.7691277397,100543.43970065635,100661.88479614248,98885.20836385082,98022.25123959486,96842.03046671538,95345.0160654326,93555.17906697582,89804.41770991564,96987.80069762268,97494.64447894385,98302.83697421488,98655.95302268589,98860.71142980052,98940.0489483457,97002.85318676094,95946.4681709384,94829.27530950736,93696.71579200728,92577.13377110379,90435.22562121367
2024-12-25,97187.49532854988,97108.53193155913,98174.53779093413,99122.09855482304,100148.62271570264,100582.92139915173,98964.17176084155,98259.14143056708,97138.14320543068,95739.8330503863,94028.95944892027,90278.19809186007,97877.28198299368,97918.68407541746,98405.93170624819,98676.10034008203,98846.25786650271,98918.38823834808,97116.653837187,96103.15123190652,95021.34789286625,93917.15263880552,92819.86433962575,90708.39079012586
2024-12-26,97582.31231350359,96871.64174058691,97582.31231350359,98411.42798190637,99457.69299203368,100267.06781118877,98924.69006234618,98394.50725397977,97345.42212253137,96055.68663834927,94431.67277357304,90692.75592606147,97137.57167081808,97411.7431698258,97959.6938512247,98261.8750707294,98469.58148067805,98603.32237838488,97070.2801288938,96119.52401672519,95088.49489119681,94025.00953966806,92960.17794821571,90894.9308088669
2024-12-27,96792.67834359617,96634.7515496147,96990.08683607304,97700.7574089897,98569.35477588786,99793.28742924433,98806.24496686007,98462.19016568613,97493.47849188899,96318.89796165175,94787.00806003137,91067.83206176749,96175.49103729973,96678.96558114432,97349.40864068175,97707.60876764794,97968.6320842324,98179.58338155944,96950.48208211236,96069.18437156164,95094.58833083507,94076.67914245561,93048.54000529737,91036.5203038564
2024-12-29,95213.41040378135,96397.86135864249,96397.86135864248,96990.08683607304,97779.72080598043,99161.5802533184,98727.28156986933,98462.19016568613,97582.31231350359,96529.4670202937,95094.96530829524,91462.64904672118,95102.22524310999,95795.6302037363,96611.53104251255,97038.76343697017,97362.52860187668,97660.75538997953,96761.99675093868,95955.838542526,95042.6064341563,94074.60437317146,93086.98782661617,91134.63306276071
2024-12-30,94028.95944892026,95450.3005947536,95805.63588121193,96279.41626315637,96990.08683607304,98371.94628341099,98648.31817287859,98394.50725397977,97700.75740898968,96687.39381427519,95355.54451836471,91857.46603167489,93973.36686858456,94811.92296717725,95774.41492063402,96276.17162916815,96667.44858528936,97058.72452798947,96509.25557307547,95782.98687316672,94935.38214439547,94021.12194364482,93077.47883318248,91190.69455233899
2025-01-02,94028.95944892026,94739.63002183693,95657.57951185429,95924.08097669804,96496.5656048809,97661.27571049433,98687.79987137395,98360.6657981266,97819.2025044758,96871.64174058691,95639.81274753137,92311.50556437165,94593.38863618296,94945.75211271195,95649.74725022232,96082.94231546148,96443.7504035189,96828.06026246345,96425.65265892746,95751.34373597865,94948.94449851185,94072.96057234643,93161.24085555946,91322.58687539969
2025-01-02,94818.59341882767,94739.63002183693,95805.63588121193,95805.63588121193,96200.45286616561,97187.49532854989,98806.24496686007,98326.82434227342,97937.64759996193,97055.88966689866,95924.08097669802,92745.80424782074,95495.62499741273,95429.78852802212,95815.99482987126,96140.20032331256,96436.69055046099,96774.28539948583,96423.85967181232,95787.2613816822,95019.62336973773,94174.04321522891,93288.1671497988,91488.98931754961
2025-01-03,96397.86135864246,95213.41040378137,95805.63588121193,95924.08097669802,96101.7486199272,96871.64174058691,98885.2083638508,98292.98288642026,98056.09269544804,97240.13759321038,96208.34920586468,93180.10293126981,96538.96865545816,96147.29645651595,96208.509826234,96402.4025033473,96612.94005246754,96875.28876373805,96498.59855192143,95886.98643345006,95144.6325865068,94322.22882819743,93456.56499935685,91688.77039947287
2025-01-06,97582.31231350359,96160.97116767026,95805.63588121193,96279.41626315637,96200.45286616562,96713.71494660545,98964.17176084153,98360.6657981266,98174.53779093413,97424.38551952211,96492.61743503137,93614.40161471887,97652.86596191142,97020.45206046553,96777.01059115195,96832.286278805,96944.29747029788,97111.72307681639,96644.9317594339,96046.97403538977,95321.32188806085,94515.46945603084,93664.8080687309,91920.83573953617
2025-01-06,98766.7632683647,97582.31231350359,96249.80498928484,96516.30645412859,96496.5656048809,96713.71494660545,99043.13515783228,98496.0316215393,98292.98288642024,97687.59684282458,96776.88566419804,94048.70029816794,98802.04009256861,97997.37278138562,97482.38917605724,97399.36408688151,97406.90004767141,97466.65947011756,96858.240305485,96263.87626804733,95547.17029465426,94751.80618503939,93911.33380028108,92184.1268374714
2025-01-06,99951.21422322579,98766.7632683647,96990.08683607304,96753.1966451008,96990.08683607302,96871.64174058691,99122.09855482302,98699.08035665835,98411.42798190637,97924.48703379679,97061.15389336471,94482.99898161701,99968.85263532776,99043.47024695273,98294.2282876194,98078.69155800977,97980.5562215815,97925.28518361374,97134.20320049157,96534.53120749397,95819.77980116317,95029.3652716937,94194.64091313771,92477.61989793734
2025-01-07,99951.21422322579,99240.54365030915,97582.31231350359,96990.08683607304,97088.79108231147,96950.60513757766,99082.61685632767,98868.28763592422,98441.03925577788,98082.41382777828,97274.35506523971,94858.07511732304,99367.80795184622,98951.23458742339,98399.23606111837,98203.79550534702,98101.51115185584,98030.46994420761,97239.52965648337,96658.54409976456,95963.53509224617,95191.8608367664,94373.93982902989,92683.82131999868
2025-01-07,99161.5802533184,99240.54365030915,98174.53779093415,97226.97702704526,96990.08683607304,97029.5685345684,98964.17176084155,98935.97054763057,98411.42798190637,98187.69835709926,97440.17819892024,95193.66955453367,98475.0601326749,98494.92716278345,98217.69745053731,98090.79856137549,98021.63440749396,97974.45024036961,97261.6446666137,96709.8645560834,96042.49983474653,95295.79350966806,94499.75835783339,92844.42758214116
2025-01-08,97582.31231350359,98766.7632683647,98322.59416029177,97463.86721801748,96990.08683607302,97108.53193155915,98885.2083638508,98935.97054763057,98411.42798190637,98240.34062175977,97558.62329440637,95489.78229324895,97436.4607456587,97795.9052280698,97813.28943011625,97782.99179724221,97771.8231692091,97777.37663015371,97205.91671126072,96692.53104511448,96059.83454322926,95343.70950310175,94574.19376963018,92960.93360764257
2025-01-08,96397.86135864246,97819.2025044758,98174.53779093413,97700.7574089897,96990.08683607302,96950.60513757767,98806.24496686007,98868.28763592422,98411.42798190637,98240.34062175977,97700.75740898971,95746.41333346887,96324.93557472003,96935.07361997366,97235.53853537516,97315.79518024932,97378.22120529714,97456.88085185716,97077.3679172298,96610.35767615153,96018.54556081716,95338.04432487044,94599.26108861662,93034.7853059026
2025-01-09,95213.41040378135,96397.86135864248,97730.36868286123,97582.31231350359,96990.08683607302,96634.7515496147,98608.8364743832,98732.92181251153,98411.42798190637,98187.69835709927,97771.82446628135,95963.5626751934,95176.94751182015,95966.36889628919,96522.96540505187,96718.18868364404,96862.95016585453,97028.39067649005,96880.69640314532,96466.94666352757,95921.49257974903,95281.12759113345,94576.89631843234,93067.38117945523
2025-01-09,94028.95944892026,95213.41040378137,96990.08683607302,97226.97702704526,96990.08683607302,96397.86135864249,98332.46458491562,98529.87307739248,98411.42798190637,98082.41382777828,97795.51348537859,96141.23031842257,94010.72800293965,94925.7487622125,95705.53053594238,96013.88319462861,96244.72837019371,96505.40540368618,96620.29718320428,96265.7000985571,95771.39579508123,95175.18763039108,94508.95954100565,93060.0738782923
2025-01-14,94028.95944892026,94739.63002183693,96397.86135864249,96990.08683607304,96990.08683607302,96397.86135864248,98095.5743939434,98360.66579812662,98411.42798190637,98003.45043078755,97842.89152357302,96338.63881089941,94612.0692033605,95021.63597606879,95596.17050657327,95868.34268720183,96086.06406766873,96343.90602869807,96529.53029420925,96207.23955995846,95744.17699550562,95176.84949010372,94536.58506503618,93130.67507587178
2025-01-14,94818.59341882767,94739.63002183693,95805.63588121193,96753.1966451008,96990.08683607304,96555.78815262397,97858.68420297118,98292.98288642024,98411.42798190637,98003.45043078755,97890.26956176749,96536.04730337627,95504.9652810015,95480.37777026002,95774.32402925532,95964.61880928195,96134.0328816647,96350.65044494111,96521.0355241727,96217.82965988535,95776.06403760987,95229.93696264889,94609.57629223673,93237.79593763493
2025-01-15,96397.86135864246,95213.41040378137,95657.57951185429,96516.30645412859,96990.08683607304,96871.64174058693,97621.79401199897,98292.98288642024,98411.42798190637,98056.09269544802,97937.64759996193,96733.45579585312,96543.63879725254,96181.02261800789,96176.09920353272,96258.74490095861,96356.84510194759,96504.60817851142,96589.5049944521,96293.63425175303,95864.1737096047,95332.2141518165,94726.15417542409,93380.23909754187
2025-01-15,97582.31231350359,96160.97116767026,95805.63588121193,96279.41626315637,96990.08683607302,97108.53193155913,97384.90382102673,98259.14143056709,98411.42798190637,98161.377224769,97985.02563815637,96930.86428832998,97655.20103280862,97042.93616812682,96751.80232905094,96714.748240487,96727.60174293483,96787.37756474309,96729.97327018839,96431.03030823145,96005.76344417836,95481.54237427516,94884.60943397133,93556.84644745574
2025-01-15,98766.7632683647,97582.31231350359,96249.80498928484,96397.86135864249,96990.08683607302,97345.42212253137,97266.45872554062,98225.2999747139,98411.42798190637,98319.3040187505,98032.4036763508,97128.27278080682,98803.2076280172,98012.36218649316,97462.78274997871,97303.19660098496,97223.54212451805,97182.85714705344,96937.79526715855,96626.5960812867,96198.22445779042,95675.87593292522,95083.29981786435,93766.49784999836
2025-01-17,99951.21422322579,98766.76326836471,96990.08683607304,96753.1966451008,96990.08683607302,97582.31231350359,97226.97702704526,98191.45851886073,98411.42798190637,98450.90968040175,98079.78171454524,97325.68127328368,99969.43640305207,99053.46318369108,98278.97884511387,98000.00906954896,97825.4072096825,97676.95815093262,97208.62558399265,96877.09991999783,96439.07522463416,95913.25807401926,95320.64747905033,94008.10989360731
2025-01-17,101135.66517808691,99951.2142232258,98026.48142157649,97345.42212253137,97286.19957478829,97819.2025044758,97266.45872554062,98157.61706300755,98500.26180352095,98582.51534205297,98198.22681003137,97523.08976576054,101144.77626800005,100142.34750011006,99177.00935352147,98785.48308107606,98516.90089018489,98257.35289868455,97538.39916779622,97179.48970960618,96725.95526894215,96191.8171200597,95595.13644587072,94280.63468841076
2025-01-17,102320.11613294802,101135.66517808691,99358.98874579526,98174.53779093413,97779.72080598043,98056.09269544804,97384.90382102673,98123.77560715438,98648.31817287859,98714.12100370419,98364.0499437119,97779.72080598044,102324.67167790458,101263.08736267641,100138.68885002985,99643.49835502752,99284.23415135784,98913.25467232511,97923.31322715188,97530.88289728411,97056.6192601064,96509.76277083147,95905.31019653591,94583.05870158198
2025-01-19,102320.11613294802,101609.44556003137,100099.27059258345,98885.2083638508,98174.53779093415,98056.09269544802,97463.86721801749,97988.40978374168,98677.92944675012,98766.7632683647,98506.18405829527,97957.3884492096,101730.16842799576,101220.61330114659,100360.23914515365,99914.8014137656,99569.06969393154,99191.05598554535,98130.56174011543,97731.14857955094,97255.59710976398,96710.88896245131,96110.42215659734,94797.89825824104
2025-01-21,102714.93311790173,102320.11613294802,100987.60880872929,99951.2142232258,98865.46751460312,98371.946283411,97661.27571049433,97988.40978374168,98737.15199449316,98845.72666535543,98719.38523017024,98154.79694168645,102617.36775790245,101981.9312300341,101058.978687966,100567.48608177352,100174.53083145116,99730.24487332831,98477.27176254727,98051.89405223195,97560.42491357106,97006.26627224953,96400.38862448881,95083.36281009743
2025-01-21,103109.75010285543,103030.7867058647,101875.9470248751,100898.77498711468,99753.80573074897,98845.72666535544,97937.64759996191,98056.09269544802,98796.37454223623,98924.69006234618,98908.89738294802,98352.2054341633,103653.19290028635,102884.2935009128,101865.65410012251,101316.85552920928,100869.06732548487,100350.09151949604,98878.02958707135,98420.62316281185,97908.16116377103,97340.29895792004,96725.43291539875,95398.30232599126
2025-01-21,104689.01804267026,103741.45727878137,102764.28524102095,101846.33575100359,100839.55243937165,99477.43384128135,98292.98288642026,98191.45851886073,98855.59708997927,99082.61685632766,99098.4095357258,98549.61392664016,104763.33094890884,103880.68533311899,102756.27963288005,102145.33070526784,101638.97527503048,101040.51370425045,99329.34825871392,98834.6701536296,98296.71276541788,97711.30635094667,97084.1794284245,95741.75041365845
2025-01-26,104689.01804267023,103741.45727878137,103208.45434909387,102438.56122843413,101530.48216304062,100030.17762021655,98490.3913788971,98292.98288642024,98825.98581610774,99214.22251797888,99216.8546312119,98687.79987137395,104133.94901835898,103755.31258468237,102922.56573397541,102392.46459300262,101925.98940007333,101348.52037719528,99598.71721542973,99094.10887219514,98550.75443968087,97963.18725254941,97335.9593366363,95996.26899319307
2025-01-27,103899.38407276284,103978.34746975359,103356.51071845149,102793.89651489246,102024.00339423276,100582.92139915172,98608.83647438322,98394.50725397977,98737.15199449316,99266.86478263939,99287.92168850359,98786.50411761239,103227.0325756535,103276.91376743758,102788.68804485822,102379.31032753814,101986.62428205406,101469.96984666436,99774.29133914059,99273.33149779252,98734.62574179146,98152.61894300155,97531.4164659039,96203.60824371959
2025-01-30,103504.56708780913,104215.2376607258,103652.62345716677,103267.67689683691,102616.22887166329,101372.55536905913,98885.2083638508,98597.55598909881,98766.7632683647,99345.82817963012,99382.67776489246,98904.9492130985,103958.02530916187,103747.61519251514,103210.98359992758,102799.2571848349,102402.3771683027,101872.3508711651,100091.3704813038,99574.20297250795,99025.08390280994,98436.81020820455,97812.10672381693,96481.81840111772
2025-02-01,103109.75010285543,103741.45727878135,103504.56708780913,103386.12199232302,102912.34161037859,101846.33575100359,99122.09855482304,98766.76326836468,98766.76326836468,99345.82817963012,99406.36678398971,98964.17176084155,103139.07072105494,103271.78217265943,103013.01305170992,102712.14062994639,102389.72162440198,101928.32152888797,100235.16052334537,99726.75370364351,99185.81718232887,98605.64959623691,97988.89140652836,96673.23799891958
2025-02-01,102714.93311790172,102793.89651489246,103504.56708780913,103267.67689683691,103011.045856617,102162.18933896653,99358.98874579524,98935.97054763057,98766.7632683647,99293.18591496962,99453.74482218415,99043.13515783228,102137.36794957094,102559.74317446859,102595.82463534926,102425.50872960831,102196.78986343043,101829.23948503785,100293.25759784483,99805.0265633348,99280.93171870732,98715.65027370867,98112.29429953093,96819.54708678844
2025-02-02,101135.66517808691,102083.2259419758,103060.39797973621,102912.34161037859,102912.34161037859,102320.11613294804,99595.87893676748,99003.65345933691,98766.7632683647,99187.90138564863,99501.12286037859,99122.09855482304,101044.29108639837,101690.23352405433,102008.13343265517,101975.63700117511,101851.31668801434,101594.48632731134,100271.19028335328,99813.14809999541,99313.6284262448,98769.3704454268,98184.40880634263,96922.22469783771
2025-02-02,99951.21422322582,101372.55536905913,102320.11613294802,102675.45141940637,102616.22887166329,102320.11613294802,99714.32403225359,99003.65345933693,98766.7632683647,99029.97459166718,99477.43384128135,99201.06195181377,99905.52717738153,100715.74343882444,101287.82895170174,101392.20541339139,101376.77000806826,101241.02094494301,100174.13047593465,99755.01560934926,99286.95207707991,98769.25708990236,98207.2462362259,96982.70137229176
2025-02-03,99951.21422322579,100661.88479614248,101727.89065551748,102438.56122843413,102418.82037918647,102399.07952993877,99872.25082623507,99139.01928274962,98855.59708997927,98977.33232700668,99477.43384128137,99339.24789654757,100520.59617773423,100855.71735191194,101254.01477978735,101345.56173424512,101339.67695730191,101227.851474086,100236.1649728477,99831.71836316801,99377.13320395829,98872.14439808432,98322.08619473047,97118.86412004575
2025-02-04,99556.39723827211,99951.2142232258,101135.66517808693,101846.33575100357,102221.41188670958,102241.15273595728,99911.73252473044,99240.54365030915,98914.81963772234,98898.36893001595,99406.36678398971,99398.47044429062,99643.67972304946,100159.39932406286,100701.29222169344,100876.68928590322,100943.8440820808,100920.21544837083,100141.36486288106,99772.55419123448,99347.35906075861,98867.56260983563,98339.52451134361,97172.89360032731
2025-02-05,99161.5802533184,99240.54365030915,100543.43970065637,101017.2200826008,101727.89065551746,101925.29914799432,99872.25082623507,99342.06801786867,98974.0421854654,98819.40553302519,99287.92168850359,99418.2112935383,98612.99601827652,99300.37032054311,100008.18557542904,100277.71165455783,100426.68534845354,100502.97755651243,99976.2646984051,99650.8740869161,99261.2592194291,98811.682162169,98309.82991534982,97186.31716469587
2025-02-11,97582.31231350359,98529.87307739248,99507.0451151529,100306.54950968413,101036.9609318485,101451.51876604989,99753.80573074895,99443.59238542819,98944.43091159387,98740.44213603446,99122.09855482302,99398.47044429062,97505.4286884595,98332.8673332429,99205.89130503203,99572.28432802777,99806.86627309798,99989.83803177868,99745.39996680751,99470.15115756757,99121.5812750005,98706.7334315809,98234.85075626314,97160.46615465738
2025-02-24,96397.86135864246,97819.2025044758,98618.70689900705,99595.87893676746,100148.62271570264,101056.70178109618,99556.3972382721,99443.59238542819,98855.59708997927,98661.47873904371,98908.89738294802,99339.24789654757,96359.41954612044,97293.04835675571,98318.67332697632,98779.76179634662,99100.18075474157,99392.78457827901,99453.01354338646,99233.665560135,98930.93879347762,98554.84982167657,98116.3628993029,97096.62826117661
2025-02-24,95213.41040378135,96397.86135864248,97730.36868286123,98529.87307739248,99358.98874579526,100424.99460517024,99398.47044429062,99375.90947372183,98796.37454223623,98582.51534205297,98719.38523017024,99240.54365030913,95194.18949752035,96205.01872081055,97365.4035762972,97915.97955136001,98319.99286153828,98722.30643710916,99103.07456954994,98944.51522062309,98691.81784984068,98358.07197938279,97956.07256791508,96996.04895584234
2025-02-24,94028.95944892026,95213.41040378137,96842.0304667154,97582.31231350359,98569.35477588784,99635.36063526286,99240.54365030913,99240.54365030913,98737.15199449316,98503.55194506222,98529.87307739249,99102.35770557534,94019.34899578974,95084.84864522675,96360.76022468875,96993.89390457804,97477.61065115687,97987.58169422792,98699.29611306667,98605.6259580362,98406.58324711962,98118.35182784696,97755.6190748224,96859.93287510933
2025-02-24,92844.50849405915,94028.95944892026,95953.69225056955,96634.7515496147,97483.60806726517,98687.79987137395,99082.61685632767,99037.49491519008,98677.92944675012,98424.58854807148,98340.36092461468,98983.91261008922,92839.7032674939,93943.25160988385,95316.15962791305,96024.10547450896,96582.60248008628,97196.6411748492,98245.1516889461,98219.76104587852,98077.48443209905,97837.55642399265,97516.57744597406,96689.44515915503
2025-02-25,91660.05753919804,92844.50849405915,94621.18492635082,95687.1907857258,96496.5656048809,97819.20250447582,98924.69006234617,98766.7632683647,98618.70689900705,98266.66175409,98150.8487718369,98865.46751460312,91657.65492591541,92787.36993470155,94240.48117378503,95015.28749447768,95643.06464997098,96356.51185103516,97743.89071445519,97789.53024245954,97706.66112245212,97517.47164835544,97240.46094159578,96485.71274683956
2025-02-25,90475.60658433691,91660.05753919805,93436.73397148971,94739.63002183693,95509.52314249665,96950.60513757767,98766.7632683647,98428.34870983295,98470.65052964943,98056.09269544802,97961.33661905915,98687.79987137395,90474.40527769562,91621.96516629297,93140.63105282743,93974.53624629552,94665.8478775871,95473.34232334024,97198.55296703716,97317.398319516,97296.1486593801,97159.80573449108,96928.72347837497,96249.82562820797
2025-02-26,89291.15562947582,90475.60658433693,92252.2830166286,93436.73397148971,94522.48068011238,95845.11757970728,98608.83647438322,98123.77560715438,98263.37161254873,97871.8447691363,97771.82446628137,98470.65052964941,89290.55497615517,90450.21166906688,92021.98074655795,92907.6577787172,93656.74892328365,94552.51261724955,96611.98210946152,96805.69311702148,96847.88309914764,96766.19264493122,96582.76195665845,95982.8380559267
2025-02-26,88106.70467461471,89291.15562947582,91067.83206176749,92252.2830166286,93535.43821772812,94818.59341882766,98332.46458491562,97819.20250447582,97996.87014770498,97687.59684282457,97582.31231350359,98214.0194894295,88106.40434795438,89274.22568596246,90888.70807393477,91819.40249526927,92620.6727381252,93598.73025506256,95986.83834238359,96256.61315050659,96363.70605625038,96338.19530035825,96203.91849638722,95685.769717001
2025-02-26,86922.2537197536,88106.70467461471,89883.38110690637,91067.83206176749,92252.28301662859,93792.06925794804,97977.12929845728,97514.62940179724,97671.14613511818,97503.34891651286,97392.8001607258,97917.90675071423,86922.10355642343,88095.41804560581,89744.06244970315,90713.65708974621,91561.76966532017,92616.1143187913,95325.61024060997,95672.23479575025,95845.36931033048,95877.30866838145,95793.48258534775,95359.6068660753
2025-02-26,85737.8027648925,86922.2537197536,88698.93015204527,89883.38110690637,91067.83206176748,92765.5450970684,97542.83061500822,97210.05629911866,97286.1995747883,97319.10099020111,97132.22095065637,97582.31231350359,85737.72768322741,86914.72930041433,88590.57119644278,89593.60158434352,90483.55153373728,91608.2690051963,94630.62582573392,95054.51907432143,95294.53918836467,95384.96271801839,95352.693143178,95005.30342157606
2025-03-02,85737.80276489249,86448.47333780916,87958.64830525707,89054.2654385036,90179.49384562165,91975.911127161,97148.01363005451,97007.00756399962,96930.86428832998,97134.85306388939,96895.33075968415,97266.45872554062,86329.9907014905,86917.23744019408,88219.83397940073,89107.9019725999,89935.65956235518,91022.51709451596,94133.31149631584,94602.72655462322,94886.13501916412,95017.0188485286,95022.08767559238,94740.28539853742
2025-03-02,86527.43673479989,86448.47333780916,87514.47919718416,88462.03996107304,89488.56412195267,91107.31376026287,96753.19664510082,96871.64174058691,96664.36282348624,96950.60513757766,96729.50762600359,97009.82768532072,87218.3476880526,87313.72651833428,88194.69413389274,88925.86610023894,89654.28188731818,90658.0405420283,93744.49815298028,94241.8364501783,94555.4310999178,94716.57040618452,94750.89618535768,94522.79094855048
2025-03-02,88106.70467461471,86922.2537197536,87366.42282782652,88106.70467461471,88995.04289076054,90475.60658433693,96358.3796601471,96702.43446132104,96457.08390638554,96766.35721126595,96611.06253051749,96792.67834359617,88254.7516587642,87972.86955538146,88438.35224402233,88992.282378282,89598.41630918859,90487.17992795925,93457.18573210902,93966.79862680595,94298.63717453038,94480.68280719717,94536.78871257778,94351.26192167857
2025-03-02,89291.15562947582,87869.81448364249,87514.47919718415,87988.2595791286,88698.93015204527,90001.82620239249,95963.5626751934,96533.22718205518,96309.0275370279,96582.10928495419,96539.9954732258,96615.01070036701,89365.17912155057,88807.11523169995,88891.07543075892,89261.97768847381,89733.36865921141,90485.73326000647,93264.82578709147,93772.84351333544,94112.14787744777,94306.54905837715,94377.5266683329,94224.19125486832
2025-03-02,90475.60658433691,89291.15562947582,87958.64830525707,88106.70467461471,88600.22590580683,89685.97261442951,95568.7456902397,96364.0199027893,96220.1937154133,96397.86135864248,96516.30645412859,96476.82475563322,90512.6183303743,89758.09600086597,89506.40478818984,89697.9922067873,90029.78233305551,90632.52379490543,93161.29235174351,93655.46651477226,93992.53371460632,94191.48420971718,94270.95925150398,94140.12129696971
2025-03-02,91660.05753919804,90475.60658433693,88698.93015204527,88462.03996107304,88698.93015204527,89528.04582044804,95292.3738007721,96194.81262352342,96190.58244154179,96213.61343233075,96468.92841593415,96378.12050939481,91678.56341221672,90786.9001652637,90248.20561171637,90270.08607720037,90462.81712705606,90909.02188229964,93140.85468350581,93610.4132913993,93936.53248433572,94132.92004816684,94215.02000611393,94097.64218867375
2025-03-02,92844.50849405915,91660.05753919805,89735.32473754874,89054.26543850361,88995.04289076054,89528.04582044805,94976.52021280913,96025.60534425755,96220.1937154133,96108.32890300977,96421.55037773971,96318.89796165173,92853.7614305685,91867.58659314922,91088.37313109502,90953.51759933126,91011.45440734286,91299.01407812722,93198.15176514545,93633.66585570601,93941.04111675448,94128.40002211265,94207.72351367495,94095.39029556687
2025-03-03,92844.50849405915,92133.83792114249,90623.66295369457,89528.04582044804,89192.45138323739,89449.08242345731,94542.22152936007,95754.87369743215,96131.35989379873,95976.72324135854,96303.10528225359,96239.934564661,92256.90948488328,91798.41024183216,91215.41411067348,91081.97940657976,91111.23950455135,91344.14451076108,93098.91987960045,93524.02094923335,93829.77362516636,94021.08078372505,94107.81504408755,94015.54331994153
2025-03-03,92054.87452415175,92133.83792114249,91067.83206176748,90001.82620239249,89389.85987571425,89370.11902646656,94028.95944892026,95416.45913890043,95983.3035244411,95845.1175797073,96137.28214857304,96160.97116767026,91366.2580346101,91357.47568933375,91051.01243815424,90971.72980253561,91013.44982451836,91235.57726995807,92929.6738605512,93354.66459562798,93666.15572073565,93866.92973157772,93965.37549664623,93899.4798204041
2025-03-03,90475.60658433691,91660.05753919804,91215.88843112512,90475.60658433693,89587.2683681911,89291.15562947582,93555.1790669758,95010.36166866231,95776.0246073404,95713.51191805606,95924.08097669802,96022.78522293645,90328.70683204295,90668.70233604778,90659.93314733684,90666.17086197929,90748.48148681951,90992.52456489779,92694.93074886891,93128.91409750843,93452.74108213761,93667.98303148632,93782.07275675704,93748.38722396836
2025-03-03,89291.15562947582,90712.49677530915,91067.83206176748,90594.05167982305,89784.67686066795,89212.19223248507,93081.39868503137,94638.1056542774,95509.52314249663,95581.9062564048,95663.50176662859,95845.11757970728,89217.70575332883,89814.70311557008,90092.54904228749,90200.81337336755,90342.05428494184,90631.7970786124,92398.91616343317,92849.90246290322,93191.958818356,93426.18832031798,93559.50930255522,93563.41402561485
2025-03-03,88106.70467461471,89291.1556294758,90623.66295369457,90475.60658433693,89982.0853531448,89133.22883549433,92489.17320760082,94164.32527233295,95183.79912990984,95450.30059475359,95426.61157565637,95687.1907857258,88069.97973654122,88850.5533169646,89388.0389706133,89604.71161816502,89815.93112106674,90168.10415875506,92045.58310255062,92520.58864383935,92886.11954525344,93143.40855507604,93299.22476989616,93345.67106475096
2025-03-05,88106.70467461471,88817.37524753137,90327.55021497929,90475.60658433693,90179.49384562165,89291.15562947582,92054.87452415173,93724.38634624169,94887.68639119455,95318.69493310236,95260.7884419758,95588.48653948739,88680.56768300853,88997.42075446834,89366.50933924943,89547.70143840335,89735.19643005273,90058.48559259516,91867.87810428772,92341.17569859693,92710.75545180088,92975.91929744123,93142.04558791878,93212.73613243742
2025-03-05,88896.33864452211,88817.37524753138,90031.437476264,90475.60658433693,90376.9023380985,89607.00921743878,91699.53923769342,93284.44742015042,94591.57365247929,95187.08927145111,95142.34334648971,95529.26399174433,89578.08713367273,89490.14936442453,89612.97539371334,89716.41146493673,89849.105684558,90110.62571656289,91778.05413525864,92237.53297002692,92601.72379972947,92867.21004904539,93037.47935248414,93122.99418003454
2025-03-07,89291.15562947582,88580.48505655916,89291.15562947582,90120.27129787859,90278.19809186009,89843.899408411,91304.7222527397,92844.50849405916,94206.62709214943,94976.52021280915,95000.20923190637,95450.30059475359,88842.39590414372,89029.00113448792,89278.24856724698,89423.73750306,89581.04399072057,89860.13558631937,91541.19287973324,92008.04250917069,92382.4545741141,92660.23155450492,92844.1156396264,92958.52567164919
2025-03-07,88501.52165956842,88343.59486558693,88698.93015204527,89528.04582044805,89982.08535314481,89843.899408411,90909.905267786,92404.56956796789,93851.2918056911,94713.30888950668,94858.07511732304,95312.11465001978,87882.32481194867,88326.75199624314,88754.6941566929,88968.92226973156,89171.99933364872,89492.90035299865,91243.19680489585,91725.4986875364,92116.10331292578,92410.75425734182,92611.88576041555,92760.61511583663
2025-03-09,86922.2537197536,88106.70467461471,88106.70467461471,88698.93015204527,89488.56412195267,89685.97261442951,90396.64318734618,91863.10627431709,93407.12269761818,94397.45530154371,94715.94100273971,95134.44700679062,86810.06378842058,87463.76891912625,88084.27384740392,88381.44599612446,88643.66139999391,89023.51315448538,90888.01009263757,91392.84891405619,91804.9667008266,92120.62593158314,92342.31387823803,92530.35897316843
2025-03-09,85737.8027648925,87159.14391072582,87514.47919718416,87988.2595791286,88797.63439828368,89370.11902646655,89922.86280540175,91355.48443651947,92903.7310418022,94028.95944892026,94502.73983086471,94917.29766506609,85681.70779922599,86493.62988276129,87299.62450576559,87685.42887138027,88014.38300153814,88464.74298642862,90479.3224615017,91012.87685272147,91451.22938908049,91791.61401325479,92036.86438536702,92268.81775468923
2025-03-09,84553.35181003138,85737.80276489249,86922.2537197536,87277.58900621193,87909.29618213786,88896.33864452211,89449.08242345731,90847.86259872184,92341.11683824318,93607.8213316363,94242.16062079524,94660.66662484618,84525.30432719813,85452.05354023095,86426.13036118886,86900.60559570573,87299.69344055846,87827.76272002135,90020.58558367386,90588.2115195242,91056.96946059707,91425.40909333806,91696.94424692776,91977.01720058967
2025-03-09,83368.90085517027,84553.35181003138,86330.02824232305,86566.91843329526,87119.66221223045,88264.63146859618,88975.30204151286,90340.24076092424,91808.11390855568,93134.04094969186,93934.20337253137,94364.5538861309,83354.87711375364,84362.85232692369,85483.5347032156,86043.12274199726,86512.73289590472,87122.34861755733,89515.02844281163,90121.33587401225,90624.1636283879,91023.62825885853,91323.90525294252,91655.94942023455
2025-03-09,82184.44990030916,83368.90085517027,85293.63365681958,85856.2478603786,86330.02824232305,87474.99749868878,88501.52165956842,89832.61892312662,91275.11097886818,92686.58170007766,93578.86808607302,94028.95944892027,82177.43802960085,83241.90119976514,84487.19342371171,85126.19114262468,85664.61998044985,86357.05490854368,88965.67170104623,89614.59493353646,90154.69218043963,90587.81828871024,90919.04618206019,91306.57399481273
2025-03-10,80999.99894544807,82184.44990030918,83961.12633260083,85145.57728746193,85540.39427241565,86527.43673479989,88027.74127762397,89223.47271776947,90653.27422756609,92160.15905347273,93176.15476142027,93713.10586095731,80996.4930100939,82099.7834633724,83449.04999412844,84160.619660436,84764.76275124018,85539.3665437991,88375.34113908111,89070.20343670592,89650.34368337363,90119.45871053096,90483.6148804336,90929.8190438347
2025-03-10,79815.54799058694,80999.99894544805,82776.67537773971,84079.57142808693,84750.76030250824,85658.83936790175,87553.96089567951,88648.1679682655,90061.04875013555,91581.0941422073,92726.06339857304,93397.25227299433,79813.79502290986,80943.55465415688,82378.3937811501,83155.25191048869,83821.12187193027,84675.83285528995,87746.68022918722,88490.25308109591,89112.8194566591,89619.96472466986,90018.8102590723,90526.5822566631
2025-03-11,79815.54799058694,80526.21856350361,82036.39353095152,83132.01066419805,84257.2390713161,85027.13219197582,87198.62560922118,88174.38758632106,89557.65709431957,91028.35036327211,92299.66105482302,93140.62123277443,80406.89698417895,80962.3694179206,82072.08381766076,82763.38773502676,83387.10296016379,84216.35361655972,87311.410468946,88074.12785133769,88717.0721146488,89245.18360383413,89665.13138402806,90214.2352628374
2025-03-11,80605.18196049434,80526.21856350361,81592.22442287861,82539.78518676749,83665.01359388555,84553.35181003138,86922.2537197536,87768.29011608296,89113.48798624665,90554.56998132766,91873.25871107304,92923.47189104989,81295.67344224406,81369.7295787168,82097.0540582493,82658.12631053265,83202.07941249385,83962.36565202841,86980.6388193565,87746.92352072499,88398.40761638833,88938.19518194173,89371.77132584287,89950.96361159444
2025-03-12,82184.44990030916,80999.99894544805,81444.16805352096,82184.44990030916,83072.78811645499,84237.49822206842,86724.84522727675,87429.87555755122,88728.54142591679,90133.43186404371,91517.92342461471,92745.80424782072,82332.28714870717,82036.1200042013,82379.6866797873,82787.35804592131,83227.7442498287,83888.18255242116,86747.62346682837,87503.70003930527,88153.06582315818,88696.05195034297,89136.36464071836,89735.1582753083
2025-03-19,83368.90085517027,81947.55970933693,81592.22442287861,82066.00480482305,82776.67537773972,84079.57142808694,86606.40013179064,87159.14391072583,88313.98359171541,89685.97261442951,91138.89911905915,92607.61830308693,83442.81947936927,82875.19727281132,82862.72337539711,83108.44782121405,83431.68387447526,83971.32870962244,86606.05755348662,87339.7918043456,87977.4700176398,88515.93455293811,88956.63864735804,89565.26298135724
2025-03-19,84553.35181003138,83368.90085517027,82036.39353095152,82184.44990030916,82677.9711315013,83842.68123711472,86566.91843329527,86956.09517560678,87988.2595791286,89317.47676180606,90759.87481350359,92449.69150910545,84590.31112213088,83829.39910350504,83501.62990639608,83586.51235642831,83786.4713960779,84192.1379665312,86550.04111551281,87250.79241326488,87868.21795653018,88395.14621432743,88830.40978922209,89439.77248245136
2025-03-24,85737.80276489249,84553.35181003138,82776.67537773971,82539.78518676749,82776.67537773972,83605.79104614249,86606.40013179064,86820.72935219409,87721.75811428485,89001.62317384311,90380.85050794802,92291.76471512397,85756.28242094224,84860.35064225456,84261.76853158664,84193.01078612382,84268.89944587417,84533.40243568401,86574.05483191545,87232.54026362536,87822.07335961425,88331.10741021553,88755.58013943899,89357.23088367094
2025-03-28,85737.8027648925,85027.13219197583,83368.90085517027,82776.67537773972,82776.67537773971,83368.90085517029,86606.40013179065,86651.5220729282,87425.64537556957,88659.44845354989,90001.82620239249,92074.61537339941,85154.8171154868,84758.01769818016,84326.56481568549,84258.5273359252,84312.66134805219,84535.89610747743,86443.68689501971,87083.6964606479,87662.62352792728,88166.85716672926,88590.78687161903,89199.726651742
2025-03-29,84948.16879498509,85027.13219197583,83961.12633260083,83013.56556871193,82776.67537773972,83132.01066419805,86487.95503630453,86482.31479366234,87129.5326368543,88317.27373325669,89622.80189683693,91817.98433317951,84261.85898532854,84294.9787505102,84113.75060223766,84096.77706669703,84167.46742607038,84390.02170093903,86245.3136021262,86877.31892701026,87453.17364145133,87958.25037057452,88386.00702783666,89008.55203545351
2025-04-06,83368.90085517027,84553.35181003138,84109.18270195847,83250.45575968416,82776.67537773972,82895.12047322583,86290.54654382767,86313.10751439646,86833.41989813902,87896.13561597273,89172.71053398971,91521.87159446425,83223.15444281885,83591.46913377651,83685.01711292022,83749.08121826287,83862.3878067225,84114.32522586032,85983.32239555736,86616.60398108241,87196.16272724926,87707.2155675195,88142.80870911,88784.81098183378
2025-04-06,82184.44990030916,83605.7910461425,83961.12633260082,83487.34595065638,82776.67537773971,82658.2302822536,86014.17465436009,86143.90023513058,86537.30715942374,87501.31863101904,88746.30819023971,91186.27715725359,82111.57669413346,82727.64573766703,83088.34640903753,83249.24807775108,83422.02028960334,83725.0344408088,85661.81765684063,86304.57036799162,86893.91083545408,87415.59745351638,87862.69852229964,88529.5712429266
2025-04-06,80999.99894544807,82184.44990030916,83516.95722452791,83368.90085517027,82776.67537773972,82421.34009128138,85658.83936790175,85974.6929558647,86241.19442070847,87106.50164606533,88319.90584648971,90811.20102154759,80963.56234236021,81756.94648864033,82361.05787160409,82624.93897099396,82867.17839744697,83236.34863453108,85284.63896869523,85944.06912480247,86548.62484302153,87085.16052034554,87547.12399164416,88243.86556251196
2025-04-06,79815.54799058694,80999.99894544805,82776.67537773971,83013.56556871194,82776.67537773971,82184.44990030916,85224.54068445267,85805.48567659884,85945.08168199318,86711.68466111162,87893.50350273971,90396.64318734618,79797.32968904302,80714.99667100217,81532.17768585337,81898.7858918543,82215.4735725668,82660.69218468043,84855.37819882623,85537.79289763155,86162.40397437295,86717.59254275337,87197.4758757257,87928.69282391806
2025-04-08,78631.09703572583,79815.54799058693,81740.28079223624,82421.34009128138,82480.56263902444,81947.55970933693,84711.27860401287,85534.75402977344,85648.9689432779,86316.86767615793,87467.10115898972,90001.82620239249,78621.98788495388,79625.54647428969,80624.28177363367,81089.30592621984,81481.80780461263,82008.93642170347,84377.3954815384,85088.2847411445,85737.2450527384,86314.5079139756,86815.09039357417,87585.01916020006
2025-04-09,78631.09703572583,79341.76760864249,80851.94257609041,81947.55970933694,82283.15414654759,81947.55970933694,84237.49822206842,85297.86383880123,85441.69002617721,86001.01408819495,87040.69881523971,89607.00921743878,79218.7679377704,79688.88031305543,80444.56315517885,80857.71357428658,81225.46014091637,81734.7628678139,84083.0827401867,84795.35492166907,85448.38178141395,86031.94443904565,86540.59853463342,87330.28240053248
2025-04-09,79420.73100563324,79341.7676086425,80407.7734680175,81473.7793273925,82085.74565407074,82105.48650331843,83882.16293561009,85060.973647829,85293.63365681957,85737.80276489249,86685.36352878137,89212.19223248509,80109.38344160923,80125.91985718631,80567.99333079424,80883.58364177047,81190.77380315201,81642.91737751817,83884.17410826808,84584.50181187902,85231.38749673268,85813.16420019357,86323.3201193712,87122.7321233102
2025-04-09,80999.99894544805,79815.54799058694,80259.71709865986,80999.99894544805,81888.33716159388,82184.44990030916,83605.79104614249,84824.08345685677,85204.79983520499,85527.23370625051,86377.40628051749,88817.37524753137,81146.9166709592,80812.09653822727,80927.20590179756,81120.1047796866,81343.6470488685,81710.60894286704,83774.51448194815,84451.16559456958,85082.75639446812,85655.39401324207,86161.01148332952,86960.82123074794
2025-04-10,80999.99894544807,80052.43818155918,79963.60435994458,80526.21856350361,81394.81593040175,82026.52310632769,83289.93745817953,84485.66889832504,85086.35473971888,85290.34351527829,86045.76001315637,88422.55826257769,80481.23233077307,80479.91368901382,80680.17081041743,80882.91263621395,81108.55488605595,81473.72632383202,83519.09728895708,84193.6312832372,84825.81939915684,85401.48766443097,85912.16977773172,86726.54997696543
2025-04-11,81394.81593040175,80999.99894544805,80111.66072930222,80407.77346801749,80999.99894544805,81947.55970933694,83092.52896570267,84181.09579564646,84967.90964423277,85132.4167212968,85785.18080308694,88086.96382536701,81332.84111554112,81048.09242611227,81014.45505261561,81119.55577514035,81274.07719594106,81562.56677089166,83432.9910058185,84082.01009529675,84696.97210653011,85261.61645729524,85765.98468449942,86577.62866297255
2025-04-11,81789.63291535545,81710.66951836472,80555.82983737515,80526.21856350361,80901.29469920963,81868.5963123462,82974.08387021656,83876.52269296789,84849.46454874665,85027.13219197583,85571.97963121194,87731.62853890868,82350.8709853557,81821.69523579827,81537.6652309611,81528.52760787307,81596.3577588994,81788.3585314265,83428.85615738959,84042.39291528972,84632.18814304915,85179.32447459416,85671.98139707472,86472.42447254996
2025-04-12,83368.90085517027,82421.3400912814,81296.11168416333,80881.55384996193,80999.99894544805,81789.63291535547,82816.15707623509,83673.47395784884,84731.01945326055,84974.48992731533,85406.15649753138,87435.51580019342,83452.11139769354,82732.2474272093,82207.81780408784,82078.49564462913,82051.27992061201,82133.98269125211,83501.40426401162,84070.77952055314,84628.34246826779,85152.10827178709,85628.11357013184,86409.50405738379
2025-04-21,84553.35181003138,83132.01066419805,82332.5062696668,81473.77932739249,81296.11168416332,81710.66951836472,82658.2302822536,83538.10813443616,84612.57435777443,84974.48992731533,85287.71140204527,87178.88475997352,84594.95708129302,83734.09920643702,82992.25890648889,82743.82421194974,82618.43728127054,82584.46020045716,83645.68803826201,84163.39192301645,84682.46248273729,85177.5732497482,85632.41510718128,86387.4810641868
2025-04-21,85737.80276489249,84553.35181003138,83220.84448581263,82302.89499579527,81789.63291535545,81868.5963123462,82618.74858375824,83470.4252227298,84494.12926228832,85027.13219197583,85216.6443447536,86961.73541824897,85758.60540052332,84796.81737754255,83865.59108721439,83503.53866791408,83280.56288719102,83126.68439036922,83857.07937255179,84316.66202283518,84791.72059186004,85253.42892235712,85682.99701355667,86405.01459387793
2025-04-22,86922.2537197536,85737.80276489249,84109.18270195846,83368.90085517027,82480.56263902444,82184.44990030916,82658.2302822536,83470.4252227298,84375.68416680221,85053.45332430607,85192.95532565638,86784.06777501981,86932.65503756901,85900.11314323328,84808.06077330335,84340.47794185966,84023.04623910236,83749.1869258999,84131.24874687844,84527.21994793405,84953.42713248222,85377.48438984659,85778.04437281385,86460.80771128045
2025-04-22,88106.70467461471,86922.2537197536,84997.5209181043,84316.46161905916,83368.90085517027,82658.2302822536,82776.67537773972,83538.10813443616,84257.23907131611,85079.77445663631,85216.6443447536,86586.65928254295,88111.90533352242,87030.46063864745,85804.30407467502,85240.60115778988,84833.52460685212,84441.93301384691,84464.14596511053,84791.88304135304,85165.02364453068,85547.64400896091,85915.81344170256,86553.6060036824
2025-04-22,89291.15562947582,88106.70467461471,86330.02824232305,85264.02238294804,84454.64756379295,83289.93745817953,82974.08387021658,83571.94959028931,84227.62779744457,85106.09558896658,85287.71140204527,86448.47333780915,89293.75595892967,88178.84262054395,86842.37129904435,86192.42032625296,85701.53721877286,85196.14221015817,84851.98213409288,85107.64546040769,85424.0764708627,85761.90325136855,86094.6288590608,86682.19618665753
2025-04-22,90475.60658433691,89291.15562947582,87514.47919718416,86211.58314683693,85441.69002617722,84079.57142808693,83250.45575968415,83605.7910461425,84257.2390713161,85132.4167212968,85406.15649753138,86349.76909157074,90476.90674906386,89339.24759342865,87912.96824130072,87186.53618315207,86618.23265268444,86004.13162628816,85291.21280538998,85471.66835367383,85728.27066931808,86018.34474214374,86312.88096416427,86845.40475559678
2025-04-22,91660.05753919804,90475.60658433693,88698.93015204527,87514.47919718416,86428.73248856147,85027.13219197582,83605.7910461425,83741.15686955518,84346.07289293068,85158.73785362706,85571.97963121194,86290.54654382767,91660.70762156151,90507.66789363882,89008.86607524705,88215.25842149882,87576.12124366517,86859.17873475955,85778.52220465895,85881.27058369524,86075.40422174448,86315.13447048789,86569.02322023861,87042.09668145208
2025-04-25,92844.50849405915,91660.05753919805,89883.38110690637,88698.93015204526,87415.77495094574,86132.6197498462,84040.08972959156,83944.20560467424,84494.12926228833,85185.05898595731,85714.11374579527,86270.80569457999,92844.83353524088,91681.4317453993,90124.44238050777,89272.29497193909,88568.86558293518,87755.40132402963,86310.80847848226,86333.91996509663,86463.38252550915,86650.51816520235,86861.56973901048,87271.17414924249
2025-05-01,94028.95944892026,92844.50849405915,91067.83206176749,89883.38110690637,88698.93015204527,87159.14391072582,84553.35181003138,84214.93725149962,84701.40817938902,85211.38011828756,85856.2478603786,86290.54654382769,94029.12196951112,92858.75796486,91255.32416345747,90352.4977777286,89591.10324768074,88687.65245899861,86885.16989301768,86827.22498946801,86890.21315371754,87022.81782774927,87189.09290233487,87531.57533792095
2025-05-01,95213.41040378138,94028.95944892026,92252.2830166286,91067.83206176748,89883.38110690638,88185.66807160545,85145.57728746193,84553.35181003138,84879.07582261818,85316.66464760854,85998.38197496194,86349.76909157074,95213.4916640768,94038.45909612083,92398.11020683192,91451.65479244021,90638.29680321332,89651.42857145409,87498.89192305799,87358.9270099777,87354.00087103096,87430.42841604898,87550.2210770921,87822.27324024512
2025-05-08,96397.86135864246,95213.41040378137,93436.73397148971,92252.28301662859,91067.83206176748,89212.19223248509,85698.32106639711,84959.44928026949,85056.74346584735,85474.59144159002,86140.51608954527,86448.47333780916,96397.9019887902,95219.74350191509,93550.15511942563,92566.31979626992,91706.60688171952,90642.78903921029,88149.43517405448,87926.8928601736,87852.94289261498,87871.81467246005,87943.63641969653,88142.27452134136
2025-05-08,97582.31231350359,96397.86135864248,94621.18492635082,93436.7339714897,92252.28301662859,90475.60658433693,86251.06484533232,85433.22966221391,85323.2449306911,85685.160500232,86282.6502041286,86586.65928254295,97582.33262857745,96402.08342406496,94709.40137474544,93693.6731548326,92792.78478735723,91658.28581785459,88834.42408336481,88529.10788285088,88385.32437435887,88345.5080896733,88368.07276670318,88490.61841469248
2025-05-08,98766.7632683647,97582.31231350359,95805.63588121193,94621.1849263508,93436.73397148971,91660.05753919804,86803.80862426749,85974.69295586471,85648.96894327791,85948.37182353446,86424.78431871193,86764.32692577211,98766.77342590163,97585.12702378524,95874.24867440776,94831.40789454048,93894.08162364471,92694.901868526,89551.63635045261,89163.66934620503,88949.51412308408,88850.10400852341,88822.31360813548,88866.37565432287
2025-05-08,99951.21422322579,98766.7632683647,96990.08683607302,95805.63588121193,94621.18492635082,92844.50849405913,87356.55240320269,86583.83916122185,86033.91550360776,86264.22541149743,86566.91843329529,86981.47626749665,99951.21930199428,98768.63974188581,97043.45234189201,95977.63649154892,95008.1714012512,93749.99728222111,90298.99304900966,89828.78022575402,89543.96051601105,89384.2588419827,89305.1901402905,89268.64744199385
2025-05-08,101135.66517808691,99951.2142232258,98174.53779093415,96990.08683607302,95805.63588121191,94028.95944892026,87909.29618213786,87260.66827828535,86478.08461168068,86553.75786713015,86780.11960517027,87238.10730771656,101135.66771747115,99952.4652055732,98216.04429546003,97130.81460816694,96133.08597535841,94821.26213856197,91074.54937700568,90522.74333170925,90167.18761927627,89946.68741985076,89815.57939490458,89696.56444826142
2025-05-10,102320.11613294802,101135.66517808693,99358.98874579526,98174.53779093413,96990.08683607304,95213.41040378137,88462.03996107305,87903.65593949566,86981.47626749665,86843.29032276286,87040.69881523972,87534.22004643183,102320.11740264014,101136.4991663185,99391.27158264873,98289.67869537462,97267.15999265852,95906.67525721787,91876.48600350913,91243.95576260368,90817.79149579006,90536.16044889243,90352.4024416852,90149.28584628631
2025-05-10,103504.56708780913,102320.11613294802,100543.43970065635,99358.98874579524,98174.53779093413,96397.86135864249,89133.22883549433,88546.64360070598,87544.09047105568,87211.78617538631,87348.6560635036,87869.81448364249,103504.56772265519,102320.67212510241,100568.54857376462,99453.19494033747,98408.98430804494,97004.46810539941,92703.10097377759,91990.90366705183,91494.43669319886,91151.50208340451,90914.62266133171,90625.99837732235
2025-05-18,104689.01804267026,103504.56708780913,101727.89065551746,100543.43970065637,99358.98874579526,97582.31231350359,89883.38110690637,89189.63126191629,88165.92722235776,87632.92429267026,87703.99134996193,88185.66807160545,104689.01836009327,103504.9377492454,101747.41977904613,100620.5174961909,99557.36656796592,98113.0932169159,93552.80213660041,92762.15729652291,92195.8529031663,91791.58760141004,91501.24408628079,91125.91544684458
2025-05-21,105873.46899753134,104689.01804267024,102912.34161037857,101727.89065551748,100543.43970065635,98766.76326836468,90712.49677530915,89832.61892312662,88846.98652140291,88106.70467461471,88106.70467461471,88501.52165956842,105873.46915624286,104689.2651502944,102927.53092867865,101790.95430640937,100711.2978578777,99231.19655885048,94424.1000601999,93556.36633296011,92920.83178361636,92455.34118188755,92111.30980652051,91648.27625031241
2025-05-21,107057.91995239246,105873.46899753137,104096.79256523968,102912.34161037859,101727.89065551748,99951.2142232258,91620.57584070267,90475.60658433693,89587.2683681911,88633.12732121965,88485.72898017027,88817.37524753138,107057.92003174822,105873.63373594747,104108.60647947309,102963.9391429265,101869.92448085861,100357.59335240087,95315.60140517111,94372.25547597642,93668.2239359889,93141.73377864259,92743.90043792185,92192.34492759647
2025-05-21,108242.37090725357,107057.91995239246,105281.2435201008,104096.79256523968,102912.34161037859,101135.66517808691,92607.61830308691,91118.59424554724,90297.93894110776,89212.19223248507,88864.75328572582,89133.22883549433,108242.37094693145,107058.02977800321,105290.43212006013,104139.00872823344,103032.52407797493,101491.2469161151,96226.00272497392,95208.62027520633,94436.93602994626,93849.78108661964,93398.13265063535,92757.40974512899
2025-05-22,109426.82186211467,108242.37090725359,106465.69447496191,105281.2435201008,104096.7925652397,102320.11613294804,93673.62416246193,91863.10627431709,91008.60951402443,89843.899408411,89314.84464857304,89449.08242345731,109426.82188195363,108242.4441243274,106472.84116381916,105315.78401709569,104198.4854224366,102631.25015372269,97154.08466639339,96064.32319419352,95225.92806833795,94578.54159663511,94073.15775519777,93342.78230486899
2025-05-23,109426.82186211467,108716.15128919801,107205.97632175012,106110.35918850359,104985.13078138552,103267.67689683691,94700.14832334155,92573.77684723375,91630.4462653265,90449.28545200669,89741.24699232304,89705.7134636772,108834.5963946036,108242.41971863613,106866.06999569348,105847.89072439712,104820.62165086999,103332.64024791405,97869.45797225535,96740.88140047464,95860.87649950456,95172.6211318794,94628.8131729255,93831.29340659245
2025-05-29,108637.18789220728,108716.15128919801,107650.14542982302,106702.58466593413,105676.0605050545,104057.31086674432,95608.22738873507,93284.44742015042,92193.06046888554,91054.67149560235,90167.64933607304,89922.86280540175,107946.25817349803,107847.58646322158,106908.70331940438,106067.89603857808,105164.82138956575,103798.30021097384,98462.26197097388,97314.05020891452,96407.07374110886,95689.3732545104,95116.22912506151,94264.95329334508
2025-05-29,107057.91995239246,108242.37090725359,107798.20179918066,107057.91995239246,106169.58173624663,104689.01804267024,96437.34305713786,93995.11799306709,92696.4521247015,91660.05753919804,90594.05167982304,90159.75299637397,106909.86358551469,107189.5473079915,106678.65124787705,106032.54566747867,105273.84409848355,104057.69630929353,98940.40435978404,97789.57347494877,96868.84911947093,96132.1600259461,95538.08166907997,94645.56036561781
2025-05-30,105873.46899753134,107294.81014336468,107650.14542982302,107176.36504787859,106465.6944749619,105162.79842461468,97187.49532854989,94705.78856598376,93140.62123277443,92186.48018580297,91020.45402357302,90396.64318734618,105799.44081409246,106356.03755288442,106236.51053560889,105788.2679175135,105183.87085912764,104136.61152596562,99311.28266190573,98172.87595093332,97250.32077426116,96504.19733102105,95896.9419190247,94974.85405995102
